4538:C 03 Oct 2026 20:01:02.244 # WARNING Memory overcommit must be enabled! Without it, a background save or replication may fail under low memory condition. Being disabled, it can also cause failures without low memory condition, see https://github.com/jemalloc/jemalloc/issues/1328. To fix this issue add 'vm.overcommit_memory = 1' to /etc/sysctl.conf and then reboot or run the command 'sysctl vm.overcommit_memory=1' for this to take effect.
4538:C 03 Oct 2026 20:01:02.244 * oO0OoO0OoO0Oo Redis is starting oO0OoO0OoO0Oo
4538:C 03 Oct 2026 20:01:02.244 * Redis version=8.0.2, bits=64, commit=00000000, modified=0, pid=4538, just started
4538:C 03 Oct 2026 20:01:02.244 * Configuration loaded
4538:M 03 Oct 2026 20:01:02.244 * monotonic clock: POSIX clock_gettime
4538:M 03 Oct 2026 20:01:02.245 * Running mode=standalone, port=49515.
4538:M 03 Oct 2026 20:01:02.245 * Server initialized
4538:M 03 Oct 2026 20:01:02.246 * Ready to accept connections tcp
[2m2026-10-04T03:01:02.267716Z[0m [32m INFO[0m [2mhv2_api::sandbox_proxy[0m[2m:[0m sandbox proxy listening on 0.0.0.0:41699
hv2-control-plane: E2B API on 0.0.0.0:33165, envd proxy on 0.0.0.0:41699, store redis://127.0.0.1:49515
[2m2026-10-04T03:01:02.279399Z[0m [32m INFO[0m [2mhv2_core::hypervisor[0m[2m:[0m Detected hypervisor platform: Kvm
[2m2026-10-04T03:01:02.279711Z[0m [32m INFO[0m [2mhv2_core::vm[0m[2m:[0m VM 'template': vsock device attached at 0xd0000000 (guest CID 100, IRQ 5)
[2m2026-10-04T03:01:02.279721Z[0m [32m INFO[0m [2mhv2_core::devices::serial[0m[2m:[0m Initializing serial device 'COM1' at 0x3F8
[2m2026-10-04T03:01:02.290038Z[0m [32m INFO[0m [2mhv2_core::vm[0m[2m:[0m Provisioned VM 'template' on the Kvm backend (1 vCPUs, 1024 MiB)
[2m2026-10-04T03:01:02.295758Z[0m [32m INFO[0m [2mhv2_core::backends::kvm[0m[2m:[0m KVM: Linux kernel loaded at 0x100000, boot_params at 0x90000
[2m2026-10-04T03:01:02.295795Z[0m [32m INFO[0m [2mhv2_core::vm[0m[2m:[0m VM 'template': loaded linux boot image (15501289 bytes), entry 0x100000
[2m2026-10-04T03:01:02.295800Z[0m [32m INFO[0m [2mhv2_core::vm[0m[2m:[0m Starting VM 'template' with 1 vCPUs and 1 GB memory (parallel=true)
[2m2026-10-04T03:01:02.296050Z[0m [32m INFO[0m [2mhv2_core::vm[0m[2m:[0m Starting VM execution for 'template' with 1 vCPUs
[2m2026-10-04T03:01:02.296061Z[0m [32m INFO[0m [2mhv2_core::vm[0m[2m:[0m Starting parallel execution with 1 vCPU tasks
[2m2026-10-04T03:01:02.296291Z[0m [32m INFO[0m [2mhv2_core::vm[0m[2m:[0m vCPU 0 task started
[2m2026-10-04T03:01:02.316338Z[0m [32m INFO[0m [2mhv2_cluster::access[0m[2m:[0m control-plane access started [3mrequest_id[0m[2m=[0m3f082187-7f69-43fa-b455-e647f88c172e [3mroute[0m[2m=[0m"/sandboxes" [3mmethod[0m[2m=[0m"GET" [3mprincipal[0m[2m=[0m"scoped" [3mkey_id[0m[2m=[0m"0616e04db298e59a"
[2m2026-10-04T03:01:02.316583Z[0m [32m INFO[0m [2mhv2_cluster::access[0m[2m:[0m control-plane access completed [3mrequest_id[0m[2m=[0m3f082187-7f69-43fa-b455-e647f88c172e [3mroute[0m[2m=[0m"/sandboxes" [3mmethod[0m[2m=[0m"GET" [3mprincipal[0m[2m=[0m"scoped" [3mkey_id[0m[2m=[0m"0616e04db298e59a" [3mallowed[0m[2m=[0mtrue [3mstatus[0m[2m=[0m200 [3melapsed_ms[0m[2m=[0m0.26684
[2m2026-10-04T03:01:02.317820Z[0m [32m INFO[0m [2mhv2_cluster::access[0m[2m:[0m control-plane access started [3mrequest_id[0m[2m=[0me631695a-60f3-4aeb-8417-90e583b7cbbf [3mroute[0m[2m=[0m"/templates" [3mmethod[0m[2m=[0m"GET" [3mprincipal[0m[2m=[0m"scoped" [3mkey_id[0m[2m=[0m"0616e04db298e59a"
[2m2026-10-04T03:01:02.317955Z[0m [32m INFO[0m [2mhv2_cluster::access[0m[2m:[0m control-plane access completed [3mrequest_id[0m[2m=[0me631695a-60f3-4aeb-8417-90e583b7cbbf [3mroute[0m[2m=[0m"/templates" [3mmethod[0m[2m=[0m"GET" [3mprincipal[0m[2m=[0m"scoped" [3mkey_id[0m[2m=[0m"0616e04db298e59a" [3mallowed[0m[2m=[0mtrue [3mstatus[0m[2m=[0m200 [3melapsed_ms[0m[2m=[0m0.141586
[2m2026-10-04T03:01:02.369826Z[0m [32m INFO[0m [2mhv2_cluster::access[0m[2m:[0m control-plane access started [3mrequest_id[0m[2m=[0ma13999c5-ea52-4c45-b490-b8feefd26f75 [3mroute[0m[2m=[0m"/sandboxes" [3mmethod[0m[2m=[0m"GET" [3mprincipal[0m[2m=[0m"scoped" [3mkey_id[0m[2m=[0m"0616e04db298e59a"
[2m2026-10-04T03:01:02.370011Z[0m [32m INFO[0m [2mhv2_cluster::access[0m[2m:[0m control-plane access completed [3mrequest_id[0m[2m=[0ma13999c5-ea52-4c45-b490-b8feefd26f75 [3mroute[0m[2m=[0m"/sandboxes" [3mmethod[0m[2m=[0m"GET" [3mprincipal[0m[2m=[0m"scoped" [3mkey_id[0m[2m=[0m"0616e04db298e59a" [3mallowed[0m[2m=[0mtrue [3mstatus[0m[2m=[0m200 [3melapsed_ms[0m[2m=[0m0.19680899999999998
[2m2026-10-04T03:01:02.371145Z[0m [32m INFO[0m [2mhv2_cluster::access[0m[2m:[0m control-plane access started [3mrequest_id[0m[2m=[0mbe57b317-8e0d-4e76-b998-721157a7a9ec [3mroute[0m[2m=[0m"/templates" [3mmethod[0m[2m=[0m"GET" [3mprincipal[0m[2m=[0m"scoped" [3mkey_id[0m[2m=[0m"0616e04db298e59a"
[2m2026-10-04T03:01:02.371271Z[0m [32m INFO[0m [2mhv2_cluster::access[0m[2m:[0m control-plane access completed [3mrequest_id[0m[2m=[0mbe57b317-8e0d-4e76-b998-721157a7a9ec [3mroute[0m[2m=[0m"/templates" [3mmethod[0m[2m=[0m"GET" [3mprincipal[0m[2m=[0m"scoped" [3mkey_id[0m[2m=[0m"0616e04db298e59a" [3mallowed[0m[2m=[0mtrue [3mstatus[0m[2m=[0m200 [3melapsed_ms[0m[2m=[0m0.13322
[2m2026-10-04T03:01:02.423256Z[0m [32m INFO[0m [2mhv2_cluster::access[0m[2m:[0m control-plane access started [3mrequest_id[0m[2m=[0ma88ad0e0-27f8-4e6e-96c7-ddd10e597462 [3mroute[0m[2m=[0m"/sandboxes" [3mmethod[0m[2m=[0m"GET" [3mprincipal[0m[2m=[0m"scoped" [3mkey_id[0m[2m=[0m"0616e04db298e59a"
[2m2026-10-04T03:01:02.423474Z[0m [32m INFO[0m [2mhv2_cluster::access[0m[2m:[0m control-plane access completed [3mrequest_id[0m[2m=[0ma88ad0e0-27f8-4e6e-96c7-ddd10e597462 [3mroute[0m[2m=[0m"/sandboxes" [3mmethod[0m[2m=[0m"GET" [3mprincipal[0m[2m=[0m"scoped" [3mkey_id[0m[2m=[0m"0616e04db298e59a" [3mallowed[0m[2m=[0mtrue [3mstatus[0m[2m=[0m200 [3melapsed_ms[0m[2m=[0m0.231715
[2m2026-10-04T03:01:02.424613Z[0m [32m INFO[0m [2mhv2_cluster::access[0m[2m:[0m control-plane access started [3mrequest_id[0m[2m=[0m6c84be2e-4ab9-49c0-88c4-603eaf09eab1 [3mroute[0m[2m=[0m"/templates" [3mmethod[0m[2m=[0m"GET" [3mprincipal[0m[2m=[0m"scoped" [3mkey_id[0m[2m=[0m"0616e04db298e59a"
[2m2026-10-04T03:01:02.424738Z[0m [32m INFO[0m [2mhv2_cluster::access[0m[2m:[0m control-plane access completed [3mrequest_id[0m[2m=[0m6c84be2e-4ab9-49c0-88c4-603eaf09eab1 [3mroute[0m[2m=[0m"/templates" [3mmethod[0m[2m=[0m"GET" [3mprincipal[0m[2m=[0m"scoped" [3mkey_id[0m[2m=[0m"0616e04db298e59a" [3mallowed[0m[2m=[0mtrue [3mstatus[0m[2m=[0m200 [3melapsed_ms[0m[2m=[0m0.13349999999999998
[2m2026-10-04T03:01:02.477017Z[0m [32m INFO[0m [2mhv2_cluster::access[0m[2m:[0m control-plane access started [3mrequest_id[0m[2m=[0mf0776db9-9473-47cf-ac52-abb27fea065d [3mroute[0m[2m=[0m"/sandboxes" [3mmethod[0m[2m=[0m"GET" [3mprincipal[0m[2m=[0m"scoped" [3mkey_id[0m[2m=[0m"0616e04db298e59a"
[2m2026-10-04T03:01:02.477212Z[0m [32m INFO[0m [2mhv2_cluster::access[0m[2m:[0m control-plane access completed [3mrequest_id[0m[2m=[0mf0776db9-9473-47cf-ac52-abb27fea065d [3mroute[0m[2m=[0m"/sandboxes" [3mmethod[0m[2m=[0m"GET" [3mprincipal[0m[2m=[0m"scoped" [3mkey_id[0m[2m=[0m"0616e04db298e59a" [3mallowed[0m[2m=[0mtrue [3mstatus[0m[2m=[0m200 [3melapsed_ms[0m[2m=[0m0.208771
[2m2026-10-04T03:01:02.478395Z[0m [32m INFO[0m [2mhv2_cluster::access[0m[2m:[0m control-plane access started [3mrequest_id[0m[2m=[0md607fc52-4fdc-4e00-be0e-9a9ff591e74b [3mroute[0m[2m=[0m"/templates" [3mmethod[0m[2m=[0m"GET" [3mprincipal[0m[2m=[0m"scoped" [3mkey_id[0m[2m=[0m"0616e04db298e59a"
[2m2026-10-04T03:01:02.478526Z[0m [32m INFO[0m [2mhv2_cluster::access[0m[2m:[0m control-plane access completed [3mrequest_id[0m[2m=[0md607fc52-4fdc-4e00-be0e-9a9ff591e74b [3mroute[0m[2m=[0m"/templates" [3mmethod[0m[2m=[0m"GET" [3mprincipal[0m[2m=[0m"scoped" [3mkey_id[0m[2m=[0m"0616e04db298e59a" [3mallowed[0m[2m=[0mtrue [3mstatus[0m[2m=[0m200 [3melapsed_ms[0m[2m=[0m0.140574
[2m2026-10-04T03:01:02.530493Z[0m [32m INFO[0m [2mhv2_cluster::access[0m[2m:[0m control-plane access started [3mrequest_id[0m[2m=[0m049e3ccc-aadd-4e96-b629-1469c187d6a6 [3mroute[0m[2m=[0m"/sandboxes" [3mmethod[0m[2m=[0m"GET" [3mprincipal[0m[2m=[0m"scoped" [3mkey_id[0m[2m=[0m"0616e04db298e59a"
[2m2026-10-04T03:01:02.530728Z[0m [32m INFO[0m [2mhv2_cluster::access[0m[2m:[0m control-plane access completed [3mrequest_id[0m[2m=[0m049e3ccc-aadd-4e96-b629-1469c187d6a6 [3mroute[0m[2m=[0m"/sandboxes" [3mmethod[0m[2m=[0m"GET" [3mprincipal[0m[2m=[0m"scoped" [3mkey_id[0m[2m=[0m"0616e04db298e59a" [3mallowed[0m[2m=[0mtrue [3mstatus[0m[2m=[0m200 [3melapsed_ms[0m[2m=[0m0.24926800000000002
[2m2026-10-04T03:01:02.531957Z[0m [32m INFO[0m [2mhv2_cluster::access[0m[2m:[0m control-plane access started [3mrequest_id[0m[2m=[0m860bf703-0799-4f73-ac12-c479b9033104 [3mroute[0m[2m=[0m"/templates" [3mmethod[0m[2m=[0m"GET" [3mprincipal[0m[2m=[0m"scoped" [3mkey_id[0m[2m=[0m"0616e04db298e59a"
[2m2026-10-04T03:01:02.532132Z[0m [32m INFO[0m [2mhv2_cluster::access[0m[2m:[0m control-plane access completed [3mrequest_id[0m[2m=[0m860bf703-0799-4f73-ac12-c479b9033104 [3mroute[0m[2m=[0m"/templates" [3mmethod[0m[2m=[0m"GET" [3mprincipal[0m[2m=[0m"scoped" [3mkey_id[0m[2m=[0m"0616e04db298e59a" [3mallowed[0m[2m=[0mtrue [3mstatus[0m[2m=[0m200 [3melapsed_ms[0m[2m=[0m0.181621
[2m2026-10-04T03:01:02.584027Z[0m [32m INFO[0m [2mhv2_cluster::access[0m[2m:[0m control-plane access started [3mrequest_id[0m[2m=[0m9c4369fd-2938-4582-9f1a-12be250e0ddc [3mroute[0m[2m=[0m"/sandboxes" [3mmethod[0m[2m=[0m"GET" [3mprincipal[0m[2m=[0m"scoped" [3mkey_id[0m[2m=[0m"0616e04db298e59a"
[2m2026-10-04T03:01:02.584212Z[0m [32m INFO[0m [2mhv2_cluster::access[0m[2m:[0m control-plane access completed [3mrequest_id[0m[2m=[0m9c4369fd-2938-4582-9f1a-12be250e0ddc [3mroute[0m[2m=[0m"/sandboxes" [3mmethod[0m[2m=[0m"GET" [3mprincipal[0m[2m=[0m"scoped" [3mkey_id[0m[2m=[0m"0616e04db298e59a" [3mallowed[0m[2m=[0mtrue [3mstatus[0m[2m=[0m200 [3melapsed_ms[0m[2m=[0m0.200135
[2m2026-10-04T03:01:02.585410Z[0m [32m INFO[0m [2mhv2_cluster::access[0m[2m:[0m control-plane access started [3mrequest_id[0m[2m=[0ma5b34ac3-8fa0-4d31-91c5-979fed227675 [3mroute[0m[2m=[0m"/templates" [3mmethod[0m[2m=[0m"GET" [3mprincipal[0m[2m=[0m"scoped" [3mkey_id[0m[2m=[0m"0616e04db298e59a"
[2m2026-10-04T03:01:02.585541Z[0m [32m INFO[0m [2mhv2_cluster::access[0m[2m:[0m control-plane access completed [3mrequest_id[0m[2m=[0ma5b34ac3-8fa0-4d31-91c5-979fed227675 [3mroute[0m[2m=[0m"/templates" [3mmethod[0m[2m=[0m"GET" [3mprincipal[0m[2m=[0m"scoped" [3mkey_id[0m[2m=[0m"0616e04db298e59a" [3mallowed[0m[2m=[0mtrue [3mstatus[0m[2m=[0m200 [3melapsed_ms[0m[2m=[0m0.138049
[2m2026-10-04T03:01:02.637440Z[0m [32m INFO[0m [2mhv2_cluster::access[0m[2m:[0m control-plane access started [3mrequest_id[0m[2m=[0mdbed58eb-9ce6-4f4d-9eb5-c7bcc4c211b9 [3mroute[0m[2m=[0m"/sandboxes" [3mmethod[0m[2m=[0m"GET" [3mprincipal[0m[2m=[0m"scoped" [3mkey_id[0m[2m=[0m"0616e04db298e59a"
[2m2026-10-04T03:01:02.637647Z[0m [32m INFO[0m [2mhv2_cluster::access[0m[2m:[0m control-plane access completed [3mrequest_id[0m[2m=[0mdbed58eb-9ce6-4f4d-9eb5-c7bcc4c211b9 [3mroute[0m[2m=[0m"/sandboxes" [3mmethod[0m[2m=[0m"GET" [3mprincipal[0m[2m=[0m"scoped" [3mkey_id[0m[2m=[0m"0616e04db298e59a" [3mallowed[0m[2m=[0mtrue [3mstatus[0m[2m=[0m200 [3melapsed_ms[0m[2m=[0m0.220814
[2m2026-10-04T03:01:02.638726Z[0m [32m INFO[0m [2mhv2_cluster::access[0m[2m:[0m control-plane access started [3mrequest_id[0m[2m=[0mfdec3b19-f3f6-4304-8117-2a5f7baa1964 [3mroute[0m[2m=[0m"/templates" [3mmethod[0m[2m=[0m"GET" [3mprincipal[0m[2m=[0m"scoped" [3mkey_id[0m[2m=[0m"0616e04db298e59a"
[2m2026-10-04T03:01:02.638844Z[0m [32m INFO[0m [2mhv2_cluster::access[0m[2m:[0m control-plane access completed [3mrequest_id[0m[2m=[0mfdec3b19-f3f6-4304-8117-2a5f7baa1964 [3mroute[0m[2m=[0m"/templates" [3mmethod[0m[2m=[0m"GET" [3mprincipal[0m[2m=[0m"scoped" [3mkey_id[0m[2m=[0m"0616e04db298e59a" [3mallowed[0m[2m=[0mtrue [3mstatus[0m[2m=[0m200 [3melapsed_ms[0m[2m=[0m0.12409300000000001
[2m2026-10-04T03:01:02.648780Z[0m [32m INFO[0m [2mhv2_core::vm[0m[2m:[0m VM 'template' paused
[2m2026-10-04T03:01:02.690687Z[0m [32m INFO[0m [2mhv2_cluster::access[0m[2m:[0m control-plane access started [3mrequest_id[0m[2m=[0m75a1f3a1-0888-43c2-a7c3-0aa10ee34b4b [3mroute[0m[2m=[0m"/sandboxes" [3mmethod[0m[2m=[0m"GET" [3mprincipal[0m[2m=[0m"scoped" [3mkey_id[0m[2m=[0m"0616e04db298e59a"
[2m2026-10-04T03:01:02.690865Z[0m [32m INFO[0m [2mhv2_cluster::access[0m[2m:[0m control-plane access completed [3mrequest_id[0m[2m=[0m75a1f3a1-0888-43c2-a7c3-0aa10ee34b4b [3mroute[0m[2m=[0m"/sandboxes" [3mmethod[0m[2m=[0m"GET" [3mprincipal[0m[2m=[0m"scoped" [3mkey_id[0m[2m=[0m"0616e04db298e59a" [3mallowed[0m[2m=[0mtrue [3mstatus[0m[2m=[0m200 [3melapsed_ms[0m[2m=[0m0.190608
[2m2026-10-04T03:01:02.692044Z[0m [32m INFO[0m [2mhv2_cluster::access[0m[2m:[0m control-plane access started [3mrequest_id[0m[2m=[0m6c30b979-5805-411a-bedd-3ca023a5cc24 [3mroute[0m[2m=[0m"/templates" [3mmethod[0m[2m=[0m"GET" [3mprincipal[0m[2m=[0m"scoped" [3mkey_id[0m[2m=[0m"0616e04db298e59a"
[2m2026-10-04T03:01:02.692172Z[0m [32m INFO[0m [2mhv2_cluster::access[0m[2m:[0m control-plane access completed [3mrequest_id[0m[2m=[0m6c30b979-5805-411a-bedd-3ca023a5cc24 [3mroute[0m[2m=[0m"/templates" [3mmethod[0m[2m=[0m"GET" [3mprincipal[0m[2m=[0m"scoped" [3mkey_id[0m[2m=[0m"0616e04db298e59a" [3mallowed[0m[2m=[0mtrue [3mstatus[0m[2m=[0m200 [3melapsed_ms[0m[2m=[0m0.13592500000000002
[2m2026-10-04T03:01:02.743907Z[0m [32m INFO[0m [2mhv2_cluster::access[0m[2m:[0m control-plane access started [3mrequest_id[0m[2m=[0m992361d1-c892-4a10-b0db-0a939233137a [3mroute[0m[2m=[0m"/sandboxes" [3mmethod[0m[2m=[0m"GET" [3mprincipal[0m[2m=[0m"scoped" [3mkey_id[0m[2m=[0m"0616e04db298e59a"
[2m2026-10-04T03:01:02.744101Z[0m [32m INFO[0m [2mhv2_cluster::access[0m[2m:[0m control-plane access completed [3mrequest_id[0m[2m=[0m992361d1-c892-4a10-b0db-0a939233137a [3mroute[0m[2m=[0m"/sandboxes" [3mmethod[0m[2m=[0m"GET" [3mprincipal[0m[2m=[0m"scoped" [3mkey_id[0m[2m=[0m"0616e04db298e59a" [3mallowed[0m[2m=[0mtrue [3mstatus[0m[2m=[0m200 [3melapsed_ms[0m[2m=[0m0.20718799999999998
[2m2026-10-04T03:01:02.745299Z[0m [32m INFO[0m [2mhv2_cluster::access[0m[2m:[0m control-plane access started [3mrequest_id[0m[2m=[0mc82043cf-9ab6-460e-a995-1d1c9fddcfc0 [3mroute[0m[2m=[0m"/templates" [3mmethod[0m[2m=[0m"GET" [3mprincipal[0m[2m=[0m"scoped" [3mkey_id[0m[2m=[0m"0616e04db298e59a"
[2m2026-10-04T03:01:02.745428Z[0m [32m INFO[0m [2mhv2_cluster::access[0m[2m:[0m control-plane access completed [3mrequest_id[0m[2m=[0mc82043cf-9ab6-460e-a995-1d1c9fddcfc0 [3mroute[0m[2m=[0m"/templates" [3mmethod[0m[2m=[0m"GET" [3mprincipal[0m[2m=[0m"scoped" [3mkey_id[0m[2m=[0m"0616e04db298e59a" [3mallowed[0m[2m=[0mtrue [3mstatus[0m[2m=[0m200 [3melapsed_ms[0m[2m=[0m0.134652
[2m2026-10-04T03:01:02.797201Z[0m [32m INFO[0m [2mhv2_cluster::access[0m[2m:[0m control-plane access started [3mrequest_id[0m[2m=[0m1e52d49a-91c9-451b-bf49-3f137fae670d [3mroute[0m[2m=[0m"/sandboxes" [3mmethod[0m[2m=[0m"GET" [3mprincipal[0m[2m=[0m"scoped" [3mkey_id[0m[2m=[0m"0616e04db298e59a"
[2m2026-10-04T03:01:02.797395Z[0m [32m INFO[0m [2mhv2_cluster::access[0m[2m:[0m control-plane access completed [3mrequest_id[0m[2m=[0m1e52d49a-91c9-451b-bf49-3f137fae670d [3mroute[0m[2m=[0m"/sandboxes" [3mmethod[0m[2m=[0m"GET" [3mprincipal[0m[2m=[0m"scoped" [3mkey_id[0m[2m=[0m"0616e04db298e59a" [3mallowed[0m[2m=[0mtrue [3mstatus[0m[2m=[0m200 [3melapsed_ms[0m[2m=[0m0.205706
[2m2026-10-04T03:01:02.798534Z[0m [32m INFO[0m [2mhv2_cluster::access[0m[2m:[0m control-plane access started [3mrequest_id[0m[2m=[0m4c285993-a5e6-404d-89db-e76ea8a12aff [3mroute[0m[2m=[0m"/templates" [3mmethod[0m[2m=[0m"GET" [3mprincipal[0m[2m=[0m"scoped" [3mkey_id[0m[2m=[0m"0616e04db298e59a"
[2m2026-10-04T03:01:02.798647Z[0m [32m INFO[0m [2mhv2_cluster::access[0m[2m:[0m control-plane access completed [3mrequest_id[0m[2m=[0m4c285993-a5e6-404d-89db-e76ea8a12aff [3mroute[0m[2m=[0m"/templates" [3mmethod[0m[2m=[0m"GET" [3mprincipal[0m[2m=[0m"scoped" [3mkey_id[0m[2m=[0m"0616e04db298e59a" [3mallowed[0m[2m=[0mtrue [3mstatus[0m[2m=[0m200 [3melapsed_ms[0m[2m=[0m0.118392
[2m2026-10-04T03:01:02.850274Z[0m [32m INFO[0m [2mhv2_cluster::access[0m[2m:[0m control-plane access started [3mrequest_id[0m[2m=[0me7d87b08-9e6a-4ce5-b5b2-51c39ad8f490 [3mroute[0m[2m=[0m"/sandboxes" [3mmethod[0m[2m=[0m"GET" [3mprincipal[0m[2m=[0m"scoped" [3mkey_id[0m[2m=[0m"0616e04db298e59a"
[2m2026-10-04T03:01:02.850452Z[0m [32m INFO[0m [2mhv2_cluster::access[0m[2m:[0m control-plane access completed [3mrequest_id[0m[2m=[0me7d87b08-9e6a-4ce5-b5b2-51c39ad8f490 [3mroute[0m[2m=[0m"/sandboxes" [3mmethod[0m[2m=[0m"GET" [3mprincipal[0m[2m=[0m"scoped" [3mkey_id[0m[2m=[0m"0616e04db298e59a" [3mallowed[0m[2m=[0mtrue [3mstatus[0m[2m=[0m200 [3melapsed_ms[0m[2m=[0m0.190848
[2m2026-10-04T03:01:02.851528Z[0m [32m INFO[0m [2mhv2_cluster::access[0m[2m:[0m control-plane access started [3mrequest_id[0m[2m=[0mc898855e-46ea-4387-8896-730186e4caef [3mroute[0m[2m=[0m"/templates" [3mmethod[0m[2m=[0m"GET" [3mprincipal[0m[2m=[0m"scoped" [3mkey_id[0m[2m=[0m"0616e04db298e59a"
[2m2026-10-04T03:01:02.851705Z[0m [32m INFO[0m [2mhv2_cluster::access[0m[2m:[0m control-plane access completed [3mrequest_id[0m[2m=[0mc898855e-46ea-4387-8896-730186e4caef [3mroute[0m[2m=[0m"/templates" [3mmethod[0m[2m=[0m"GET" [3mprincipal[0m[2m=[0m"scoped" [3mkey_id[0m[2m=[0m"0616e04db298e59a" [3mallowed[0m[2m=[0mtrue [3mstatus[0m[2m=[0m200 [3melapsed_ms[0m[2m=[0m0.182743
[2m2026-10-04T03:01:02.903662Z[0m [32m INFO[0m [2mhv2_cluster::access[0m[2m:[0m control-plane access started [3mrequest_id[0m[2m=[0mcadee239-e8a5-4bb8-aa07-52917003fff2 [3mroute[0m[2m=[0m"/sandboxes" [3mmethod[0m[2m=[0m"GET" [3mprincipal[0m[2m=[0m"scoped" [3mkey_id[0m[2m=[0m"0616e04db298e59a"
[2m2026-10-04T03:01:02.903903Z[0m [32m INFO[0m [2mhv2_cluster::access[0m[2m:[0m control-plane access completed [3mrequest_id[0m[2m=[0mcadee239-e8a5-4bb8-aa07-52917003fff2 [3mroute[0m[2m=[0m"/sandboxes" [3mmethod[0m[2m=[0m"GET" [3mprincipal[0m[2m=[0m"scoped" [3mkey_id[0m[2m=[0m"0616e04db298e59a" [3mallowed[0m[2m=[0mtrue [3mstatus[0m[2m=[0m200 [3melapsed_ms[0m[2m=[0m0.256421
[2m2026-10-04T03:01:02.905154Z[0m [32m INFO[0m [2mhv2_cluster::access[0m[2m:[0m control-plane access started [3mrequest_id[0m[2m=[0m066e7d1b-8bc3-4e02-b4ee-671bf5513fb1 [3mroute[0m[2m=[0m"/templates" [3mmethod[0m[2m=[0m"GET" [3mprincipal[0m[2m=[0m"scoped" [3mkey_id[0m[2m=[0m"0616e04db298e59a"
[2m2026-10-04T03:01:02.905278Z[0m [32m INFO[0m [2mhv2_cluster::access[0m[2m:[0m control-plane access completed [3mrequest_id[0m[2m=[0m066e7d1b-8bc3-4e02-b4ee-671bf5513fb1 [3mroute[0m[2m=[0m"/templates" [3mmethod[0m[2m=[0m"GET" [3mprincipal[0m[2m=[0m"scoped" [3mkey_id[0m[2m=[0m"0616e04db298e59a" [3mallowed[0m[2m=[0mtrue [3mstatus[0m[2m=[0m200 [3melapsed_ms[0m[2m=[0m0.129533
[2m2026-10-04T03:01:02.957268Z[0m [32m INFO[0m [2mhv2_cluster::access[0m[2m:[0m control-plane access started [3mrequest_id[0m[2m=[0m57a43d0e-ea48-4be5-afae-e1bc8dacb582 [3mroute[0m[2m=[0m"/sandboxes" [3mmethod[0m[2m=[0m"GET" [3mprincipal[0m[2m=[0m"scoped" [3mkey_id[0m[2m=[0m"0616e04db298e59a"
[2m2026-10-04T03:01:02.957452Z[0m [32m INFO[0m [2mhv2_cluster::access[0m[2m:[0m control-plane access completed [3mrequest_id[0m[2m=[0m57a43d0e-ea48-4be5-afae-e1bc8dacb582 [3mroute[0m[2m=[0m"/sandboxes" [3mmethod[0m[2m=[0m"GET" [3mprincipal[0m[2m=[0m"scoped" [3mkey_id[0m[2m=[0m"0616e04db298e59a" [3mallowed[0m[2m=[0mtrue [3mstatus[0m[2m=[0m200 [3melapsed_ms[0m[2m=[0m0.19428499999999999
[2m2026-10-04T03:01:02.958517Z[0m [32m INFO[0m [2mhv2_cluster::access[0m[2m:[0m control-plane access started [3mrequest_id[0m[2m=[0m7bde49ed-8d63-4fc3-82e1-51c5f04d5b31 [3mroute[0m[2m=[0m"/templates" [3mmethod[0m[2m=[0m"GET" [3mprincipal[0m[2m=[0m"scoped" [3mkey_id[0m[2m=[0m"0616e04db298e59a"
[2m2026-10-04T03:01:02.958634Z[0m [32m INFO[0m [2mhv2_cluster::access[0m[2m:[0m control-plane access completed [3mrequest_id[0m[2m=[0m7bde49ed-8d63-4fc3-82e1-51c5f04d5b31 [3mroute[0m[2m=[0m"/templates" [3mmethod[0m[2m=[0m"GET" [3mprincipal[0m[2m=[0m"scoped" [3mkey_id[0m[2m=[0m"0616e04db298e59a" [3mallowed[0m[2m=[0mtrue [3mstatus[0m[2m=[0m200 [3melapsed_ms[0m[2m=[0m0.12221000000000001
[2m2026-10-04T03:01:02.987612Z[0m [32m INFO[0m [2mhv2_core::vm[0m[2m:[0m VM 'template' snapshotted to /tmp/hm-udp-kvm-j4g_rzr9/snapshots/templates/.48454fd837dc52740c691aafc9cb1fdc.430f53cc1c14436fa17ffb1d7efcb847/template.snap
[2m2026-10-04T03:01:02.987666Z[0m [32m INFO[0m [2mhv2_core::vm[0m[2m:[0m VM 'template' resumed
[2m2026-10-04T03:01:02.987714Z[0m [32m INFO[0m [2mhv2_core::vm[0m[2m:[0m vCPU 0 task exited (exits=2941)
[2m2026-10-04T03:01:02.987940Z[0m [32m INFO[0m [2mhv2_core::vm[0m[2m:[0m VM parallel execution completed for 'template'
[2m2026-10-04T03:01:02.987996Z[0m [32m INFO[0m [2mhv2_core::vm[0m[2m:[0m VM 'template' stopped
[2m2026-10-04T03:01:02.988009Z[0m [32m INFO[0m [2mhv2_sandboxd[0m[2m:[0m template ready in 708.650306ms at /tmp/hm-udp-kvm-j4g_rzr9/snapshots/templates/.48454fd837dc52740c691aafc9cb1fdc.430f53cc1c14436fa17ffb1d7efcb847/template.snap; working set 0 pages in 0 ranges
[2m2026-10-04T03:01:03.010692Z[0m [32m INFO[0m [2mhv2_cluster::access[0m[2m:[0m control-plane access started [3mrequest_id[0m[2m=[0mea9625b8-1414-40ed-9a61-de9813d7b145 [3mroute[0m[2m=[0m"/sandboxes" [3mmethod[0m[2m=[0m"GET" [3mprincipal[0m[2m=[0m"scoped" [3mkey_id[0m[2m=[0m"0616e04db298e59a"
[2m2026-10-04T03:01:03.010878Z[0m [32m INFO[0m [2mhv2_cluster::access[0m[2m:[0m control-plane access completed [3mrequest_id[0m[2m=[0mea9625b8-1414-40ed-9a61-de9813d7b145 [3mroute[0m[2m=[0m"/sandboxes" [3mmethod[0m[2m=[0m"GET" [3mprincipal[0m[2m=[0m"scoped" [3mkey_id[0m[2m=[0m"0616e04db298e59a" [3mallowed[0m[2m=[0mtrue [3mstatus[0m[2m=[0m200 [3melapsed_ms[0m[2m=[0m0.200787
[2m2026-10-04T03:01:03.012065Z[0m [32m INFO[0m [2mhv2_cluster::access[0m[2m:[0m control-plane access started [3mrequest_id[0m[2m=[0mf672961b-eb43-47b2-b34c-a15e658f7908 [3mroute[0m[2m=[0m"/templates" [3mmethod[0m[2m=[0m"GET" [3mprincipal[0m[2m=[0m"scoped" [3mkey_id[0m[2m=[0m"0616e04db298e59a"
[2m2026-10-04T03:01:03.012189Z[0m [32m INFO[0m [2mhv2_cluster::access[0m[2m:[0m control-plane access completed [3mrequest_id[0m[2m=[0mf672961b-eb43-47b2-b34c-a15e658f7908 [3mroute[0m[2m=[0m"/templates" [3mmethod[0m[2m=[0m"GET" [3mprincipal[0m[2m=[0m"scoped" [3mkey_id[0m[2m=[0m"0616e04db298e59a" [3mallowed[0m[2m=[0mtrue [3mstatus[0m[2m=[0m200 [3melapsed_ms[0m[2m=[0m0.13083499999999998
[2m2026-10-04T03:01:03.041533Z[0m [32m INFO[0m [2mhv2_sandboxd[0m[2m:[0m published the shared template 48454fd837dc52740c691aafc9cb1fdc
[2m2026-10-04T03:01:03.042882Z[0m [32m INFO[0m [2mhv2_api::sandbox_proxy[0m[2m:[0m sandbox proxy listening on 0.0.0.0:51769 (TLS)
hv2-sandboxd: listening on 0.0.0.0:56247, capacity 16, cluster node owned-udp-node
  POST   /sandboxes                -- E2B-shaped (NewSandbox -> Sandbox), boots a real VM and its own process.Process gRPC listener (port in the response's processPort)
  POST   /sandboxes/{id}/exec     -- NOT E2B's envd protocol; a real exec_in_guest (simpler than grpcurl-ing processPort)
  POST   /sandboxes/{id}/connect  -- attach to an existing sandbox; what the E2B SDK's Sandbox.connect() calls
  DELETE /sandboxes/{id}          -- stop the VM and its process.Process listener
  PUT    /sandboxes/{id}/network  -- replace a running sandbox's egress rules
  POST   /sandboxes/{id}/pause    -- suspend to disk; connect or resume brings it back,          and with autoResume so does a request through the proxy
  POST   /sandboxes/{id}/fork     -- checkpoint in place, start `count` copies
  GET    /sandboxes/{id}/network/decisions -- NOT E2B's; the gateway's audit log
sandboxes get no network interface (--network to change that)
sandboxes are restored from template snapshots: base

sandbox proxy on 0.0.0.0:51769 -- HTTP/2 over TLS, routed by the authority a client asks for, as 49983-<sandboxID>.<anything>
  grpcurl -plaintext -authority 49983-$SBX.local -H "X-Access-Token: $TOKEN" -import-path crates/hv2-api/proto -proto process.proto \
      -d '{"process":{"cmd":"/bin/sh","args":["-c","echo hi"]}}' \
      localhost:51769 process.Process/Start
[2m2026-10-04T03:01:03.063810Z[0m [32m INFO[0m [2mhv2_cluster::access[0m[2m:[0m control-plane access started [3mrequest_id[0m[2m=[0m737632ae-6e12-4041-a10a-82d7983c4e5d [3mroute[0m[2m=[0m"/sandboxes" [3mmethod[0m[2m=[0m"GET" [3mprincipal[0m[2m=[0m"scoped" [3mkey_id[0m[2m=[0m"0616e04db298e59a"
[2m2026-10-04T03:01:03.063972Z[0m [32m INFO[0m [2mhv2_cluster::access[0m[2m:[0m control-plane access completed [3mrequest_id[0m[2m=[0m737632ae-6e12-4041-a10a-82d7983c4e5d [3mroute[0m[2m=[0m"/sandboxes" [3mmethod[0m[2m=[0m"GET" [3mprincipal[0m[2m=[0m"scoped" [3mkey_id[0m[2m=[0m"0616e04db298e59a" [3mallowed[0m[2m=[0mtrue [3mstatus[0m[2m=[0m200 [3melapsed_ms[0m[2m=[0m0.17491800000000002
[2m2026-10-04T03:01:03.065063Z[0m [32m INFO[0m [2mhv2_cluster::access[0m[2m:[0m control-plane access started [3mrequest_id[0m[2m=[0m595d51f4-f4d9-40b4-a88c-922cb5695283 [3mroute[0m[2m=[0m"/templates" [3mmethod[0m[2m=[0m"GET" [3mprincipal[0m[2m=[0m"scoped" [3mkey_id[0m[2m=[0m"0616e04db298e59a"
[2m2026-10-04T03:01:03.065324Z[0m [32m INFO[0m [2mhv2_cluster::access[0m[2m:[0m control-plane access completed [3mrequest_id[0m[2m=[0m595d51f4-f4d9-40b4-a88c-922cb5695283 [3mroute[0m[2m=[0m"/templates" [3mmethod[0m[2m=[0m"GET" [3mprincipal[0m[2m=[0m"scoped" [3mkey_id[0m[2m=[0m"0616e04db298e59a" [3mallowed[0m[2m=[0mtrue [3mstatus[0m[2m=[0m200 [3melapsed_ms[0m[2m=[0m0.27060700000000004
[2m2026-10-04T03:01:03.083281Z[0m [32m INFO[0m [2mhv2_cluster::access[0m[2m:[0m control-plane access started [3mrequest_id[0m[2m=[0ma93b63e3-d7bd-4b25-a0af-d8b14870901b [3mroute[0m[2m=[0m"/sandboxes" [3mmethod[0m[2m=[0m"POST" [3mprincipal[0m[2m=[0m"scoped" [3mkey_id[0m[2m=[0m"0616e04db298e59a"
[2m2026-10-04T03:01:03.084420Z[0m [32m INFO[0m [2mhv2_core::hypervisor[0m[2m:[0m Detected hypervisor platform: Kvm
[2m2026-10-04T03:01:03.084792Z[0m [32m INFO[0m [2mhv2_core::vm[0m[2m:[0m VM 'sbx-c379c3981f404266b125': vsock device attached at 0xd0000000 (guest CID 100, IRQ 5)
[2m2026-10-04T03:01:03.084800Z[0m [32m INFO[0m [2mhv2_core::devices::serial[0m[2m:[0m Initializing serial device 'COM1' at 0x3F8
[2m2026-10-04T03:01:03.085771Z[0m [32m INFO[0m [2mhv2_core::vm[0m[2m:[0m Provisioned VM 'sbx-c379c3981f404266b125' on the Kvm backend (1 vCPUs, 1024 MiB)
[2m2026-10-04T03:01:03.086005Z[0m [32m INFO[0m [2mhv2_core::vm[0m[2m:[0m VM 'sbx-c379c3981f404266b125' restored from /tmp/hm-udp-kvm-j4g_rzr9/snapshots/templates/48454fd837dc52740c691aafc9cb1fdc/template.snap
[2m2026-10-04T03:01:03.086021Z[0m [32m INFO[0m [2mhv2_core::vm[0m[2m:[0m Starting VM 'sbx-c379c3981f404266b125' with 1 vCPUs and 1 GB memory (parallel=true)
[2m2026-10-04T03:01:03.086106Z[0m [32m INFO[0m [2mhv2_core::vm[0m[2m:[0m Starting VM execution for 'sbx-c379c3981f404266b125' with 1 vCPUs
[2m2026-10-04T03:01:03.086111Z[0m [32m INFO[0m [2mhv2_core::vm[0m[2m:[0m Starting parallel execution with 1 vCPU tasks
[2m2026-10-04T03:01:03.086231Z[0m [32m INFO[0m [2mhv2_core::vm[0m[2m:[0m vCPU 0 task started
[2m2026-10-04T03:01:03.102701Z[0m [32m INFO[0m [2mhv2_cluster::access[0m[2m:[0m control-plane access completed [3mrequest_id[0m[2m=[0ma93b63e3-d7bd-4b25-a0af-d8b14870901b [3mroute[0m[2m=[0m"/sandboxes" [3mmethod[0m[2m=[0m"POST" [3mprincipal[0m[2m=[0m"scoped" [3mkey_id[0m[2m=[0m"0616e04db298e59a" [3mallowed[0m[2m=[0mtrue [3mstatus[0m[2m=[0m201 [3melapsed_ms[0m[2m=[0m19.428252
[2m2026-10-04T03:01:03.110908Z[0m [32m INFO[0m [2mhv2_cluster::access[0m[2m:[0m control-plane access started [3mrequest_id[0m[2m=[0ma99d1f17-fe23-4b3a-94b0-170958f4c714 [3mroute[0m[2m=[0m"/sandboxes/{id}" [3mmethod[0m[2m=[0m"DELETE" [3mprincipal[0m[2m=[0m"scoped" [3mkey_id[0m[2m=[0m"0616e04db298e59a"
[2m2026-10-04T03:01:03.111394Z[0m [32m INFO[0m [2mhv2_core::vm[0m[2m:[0m vCPU 0 task exited (exits=127)
[2m2026-10-04T03:01:03.111461Z[0m [32m INFO[0m [2mhv2_core::vm[0m[2m:[0m VM parallel execution completed for 'sbx-c379c3981f404266b125'
[2m2026-10-04T03:01:03.111469Z[0m [32m INFO[0m [2mhv2_core::vm[0m[2m:[0m VM 'sbx-c379c3981f404266b125' stopped
[2m2026-10-04T03:01:03.146035Z[0m [32m INFO[0m [2mhv2_cluster::access[0m[2m:[0m control-plane access completed [3mrequest_id[0m[2m=[0ma99d1f17-fe23-4b3a-94b0-170958f4c714 [3mroute[0m[2m=[0m"/sandboxes/{id}" [3mmethod[0m[2m=[0m"DELETE" [3mprincipal[0m[2m=[0m"scoped" [3mkey_id[0m[2m=[0m"0616e04db298e59a" [3mallowed[0m[2m=[0mtrue [3mstatus[0m[2m=[0m204 [3melapsed_ms[0m[2m=[0m35.135057999999994
[2m2026-10-04T03:01:03.152162Z[0m [32m INFO[0m [2mhv2_cluster::access[0m[2m:[0m control-plane access started [3mrequest_id[0m[2m=[0m8bf24d49-631a-49e0-af47-3c7748afdee8 [3mroute[0m[2m=[0m"/v2/sandboxes" [3mmethod[0m[2m=[0m"POST" [3mprincipal[0m[2m=[0m"scoped" [3mkey_id[0m[2m=[0m"0616e04db298e59a"
[2m2026-10-04T03:01:03.152750Z[0m [32m INFO[0m [2mhv2_core::hypervisor[0m[2m:[0m Detected hypervisor platform: Kvm
[2m2026-10-04T03:01:03.152990Z[0m [32m INFO[0m [2mhv2_core::vm[0m[2m:[0m VM 'sbx-d91fae76de6a4213bed5': vsock device attached at 0xd0000000 (guest CID 100, IRQ 5)
[2m2026-10-04T03:01:03.153004Z[0m [32m INFO[0m [2mhv2_core::devices::serial[0m[2m:[0m Initializing serial device 'COM1' at 0x3F8
[2m2026-10-04T03:01:03.153906Z[0m [32m INFO[0m [2mhv2_core::vm[0m[2m:[0m Provisioned VM 'sbx-d91fae76de6a4213bed5' on the Kvm backend (1 vCPUs, 1024 MiB)
[2m2026-10-04T03:01:03.154128Z[0m [32m INFO[0m [2mhv2_core::vm[0m[2m:[0m VM 'sbx-d91fae76de6a4213bed5' restored from /tmp/hm-udp-kvm-j4g_rzr9/snapshots/templates/48454fd837dc52740c691aafc9cb1fdc/template.snap
[2m2026-10-04T03:01:03.154137Z[0m [32m INFO[0m [2mhv2_core::vm[0m[2m:[0m Starting VM 'sbx-d91fae76de6a4213bed5' with 1 vCPUs and 1 GB memory (parallel=true)
[2m2026-10-04T03:01:03.154218Z[0m [32m INFO[0m [2mhv2_core::vm[0m[2m:[0m Starting VM execution for 'sbx-d91fae76de6a4213bed5' with 1 vCPUs
[2m2026-10-04T03:01:03.154223Z[0m [32m INFO[0m [2mhv2_core::vm[0m[2m:[0m Starting parallel execution with 1 vCPU tasks
[2m2026-10-04T03:01:03.154335Z[0m [32m INFO[0m [2mhv2_core::vm[0m[2m:[0m vCPU 0 task started
[2m2026-10-04T03:01:03.170682Z[0m [32m INFO[0m [2mhv2_cluster::access[0m[2m:[0m control-plane access completed [3mrequest_id[0m[2m=[0m8bf24d49-631a-49e0-af47-3c7748afdee8 [3mroute[0m[2m=[0m"/v2/sandboxes" [3mmethod[0m[2m=[0m"POST" [3mprincipal[0m[2m=[0m"scoped" [3mkey_id[0m[2m=[0m"0616e04db298e59a" [3mallowed[0m[2m=[0mtrue [3mstatus[0m[2m=[0m201 [3melapsed_ms[0m[2m=[0m18.527901
[2m2026-10-04T03:01:03.176676Z[0m [32m INFO[0m [2mhv2_cluster::access[0m[2m:[0m control-plane access started [3mrequest_id[0m[2m=[0m6f17f1b8-92af-463a-9213-d215139023ab [3mroute[0m[2m=[0m"/sandboxes" [3mmethod[0m[2m=[0m"GET" [3mprincipal[0m[2m=[0m"scoped" [3mkey_id[0m[2m=[0m"0616e04db298e59a"
[2m2026-10-04T03:01:03.176985Z[0m [32m INFO[0m [2mhv2_cluster::access[0m[2m:[0m control-plane access completed [3mrequest_id[0m[2m=[0m6f17f1b8-92af-463a-9213-d215139023ab [3mroute[0m[2m=[0m"/sandboxes" [3mmethod[0m[2m=[0m"GET" [3mprincipal[0m[2m=[0m"scoped" [3mkey_id[0m[2m=[0m"0616e04db298e59a" [3mallowed[0m[2m=[0mtrue [3mstatus[0m[2m=[0m200 [3melapsed_ms[0m[2m=[0m0.317736
[2m2026-10-04T03:01:03.178128Z[0m [32m INFO[0m [2mhv2_cluster::access[0m[2m:[0m control-plane access started [3mrequest_id[0m[2m=[0m25bcb853-ae28-41fb-a35c-a0e6d7849969 [3mroute[0m[2m=[0m"/sandboxes/{id}/exec" [3mmethod[0m[2m=[0m"POST" [3mprincipal[0m[2m=[0m"scoped" [3mkey_id[0m[2m=[0m"0616e04db298e59a"
[2m2026-10-04T03:01:03.189788Z[0m [32m INFO[0m [2mhv2_cluster::access[0m[2m:[0m control-plane access completed [3mrequest_id[0m[2m=[0m25bcb853-ae28-41fb-a35c-a0e6d7849969 [3mroute[0m[2m=[0m"/sandboxes/{id}/exec" [3mmethod[0m[2m=[0m"POST" [3mprincipal[0m[2m=[0m"scoped" [3mkey_id[0m[2m=[0m"0616e04db298e59a" [3mallowed[0m[2m=[0mtrue [3mstatus[0m[2m=[0m200 [3melapsed_ms[0m[2m=[0m11.661631999999999
[2m2026-10-04T03:01:03.291568Z[0m [32m INFO[0m [2mhv2_cluster::access[0m[2m:[0m control-plane access completed [3mrequest_id[0m[2m=[0me3271931-59fb-4514-87c7-17de7547ab90 [3mroute[0m[2m=[0m"/sandboxes/{id}/ports/{port}/udp" [3mmethod[0m[2m=[0m"GET" [3mprincipal[0m[2m=[0m"unauthenticated" [3mkey_id[0m[2m=[0m"none" [3mallowed[0m[2m=[0mfalse [3mstatus[0m[2m=[0m401 [3melapsed_ms[0m[2m=[0m0.012303000000000001
[2m2026-10-04T03:01:03.292540Z[0m [32m INFO[0m [2mhv2_cluster::access[0m[2m:[0m control-plane access started [3mrequest_id[0m[2m=[0m7554d115-6baa-4278-9efb-3c85ad47244a [3mroute[0m[2m=[0m"/sandboxes/{id}/ports/{port}/udp" [3mmethod[0m[2m=[0m"GET" [3mprincipal[0m[2m=[0m"scoped" [3mkey_id[0m[2m=[0m"0616e04db298e59a"
[2m2026-10-04T03:01:03.296314Z[0m [32m INFO[0m [2mhv2_cluster::access[0m[2m:[0m control-plane access completed [3mrequest_id[0m[2m=[0m7554d115-6baa-4278-9efb-3c85ad47244a [3mroute[0m[2m=[0m"/sandboxes/{id}/ports/{port}/udp" [3mmethod[0m[2m=[0m"GET" [3mprincipal[0m[2m=[0m"scoped" [3mkey_id[0m[2m=[0m"0616e04db298e59a" [3mallowed[0m[2m=[0mtrue [3mstatus[0m[2m=[0m101 [3melapsed_ms[0m[2m=[0m3.779845
[2m2026-10-04T03:01:03.344577Z[0m [32m INFO[0m [2mhv2_cluster::access[0m[2m:[0m control-plane access started [3mrequest_id[0m[2m=[0me7258414-8ff5-45b9-b9d6-970ad8470389 [3mroute[0m[2m=[0m"/sandboxes/{id}/ports/{port}/udp" [3mmethod[0m[2m=[0m"GET" [3mprincipal[0m[2m=[0m"scoped" [3mkey_id[0m[2m=[0m"0616e04db298e59a"
[2m2026-10-04T03:01:03.347404Z[0m [32m INFO[0m [2mhv2_cluster::access[0m[2m:[0m control-plane access completed [3mrequest_id[0m[2m=[0me7258414-8ff5-45b9-b9d6-970ad8470389 [3mroute[0m[2m=[0m"/sandboxes/{id}/ports/{port}/udp" [3mmethod[0m[2m=[0m"GET" [3mprincipal[0m[2m=[0m"scoped" [3mkey_id[0m[2m=[0m"0616e04db298e59a" [3mallowed[0m[2m=[0mtrue [3mstatus[0m[2m=[0m101 [3melapsed_ms[0m[2m=[0m2.837502
[2m2026-10-04T03:01:03.349302Z[0m [32m INFO[0m [2mhv2_cluster::access[0m[2m:[0m control-plane access started [3mrequest_id[0m[2m=[0m099f659d-f7fd-4896-b4b1-d497432ab30d [3mroute[0m[2m=[0m"/sandboxes/{id}/ports/{port}/udp" [3mmethod[0m[2m=[0m"GET" [3mprincipal[0m[2m=[0m"scoped" [3mkey_id[0m[2m=[0m"0616e04db298e59a"
[2m2026-10-04T03:01:03.351993Z[0m [32m INFO[0m [2mhv2_cluster::access[0m[2m:[0m control-plane access completed [3mrequest_id[0m[2m=[0m099f659d-f7fd-4896-b4b1-d497432ab30d [3mroute[0m[2m=[0m"/sandboxes/{id}/ports/{port}/udp" [3mmethod[0m[2m=[0m"GET" [3mprincipal[0m[2m=[0m"scoped" [3mkey_id[0m[2m=[0m"0616e04db298e59a" [3mallowed[0m[2m=[0mtrue [3mstatus[0m[2m=[0m101 [3melapsed_ms[0m[2m=[0m2.6991110000000003
[2m2026-10-04T03:01:03.358725Z[0m [32m INFO[0m [2mhv2_cluster::access[0m[2m:[0m control-plane access started [3mrequest_id[0m[2m=[0mf3975dc7-f099-4ef2-aeeb-185a3a588073 [3mroute[0m[2m=[0m"/sandboxes/{id}/ports/{port}/udp" [3mmethod[0m[2m=[0m"GET" [3mprincipal[0m[2m=[0m"scoped" [3mkey_id[0m[2m=[0m"0616e04db298e59a"
[2m2026-10-04T03:01:03.361585Z[0m [32m INFO[0m [2mhv2_cluster::access[0m[2m:[0m control-plane access completed [3mrequest_id[0m[2m=[0mf3975dc7-f099-4ef2-aeeb-185a3a588073 [3mroute[0m[2m=[0m"/sandboxes/{id}/ports/{port}/udp" [3mmethod[0m[2m=[0m"GET" [3mprincipal[0m[2m=[0m"scoped" [3mkey_id[0m[2m=[0m"0616e04db298e59a" [3mallowed[0m[2m=[0mtrue [3mstatus[0m[2m=[0m101 [3melapsed_ms[0m[2m=[0m2.865028
[2m2026-10-04T03:01:03.363258Z[0m [32m INFO[0m [2mhv2_cluster::access[0m[2m:[0m control-plane access started [3mrequest_id[0m[2m=[0m4c286be2-5d84-4b82-aee3-4137097c478b [3mroute[0m[2m=[0m"/sandboxes/{id}/ports/{port}/udp" [3mmethod[0m[2m=[0m"GET" [3mprincipal[0m[2m=[0m"scoped" [3mkey_id[0m[2m=[0m"0616e04db298e59a"
[2m2026-10-04T03:01:03.366131Z[0m [32m INFO[0m [2mhv2_cluster::access[0m[2m:[0m control-plane access completed [3mrequest_id[0m[2m=[0m4c286be2-5d84-4b82-aee3-4137097c478b [3mroute[0m[2m=[0m"/sandboxes/{id}/ports/{port}/udp" [3mmethod[0m[2m=[0m"GET" [3mprincipal[0m[2m=[0m"scoped" [3mkey_id[0m[2m=[0m"0616e04db298e59a" [3mallowed[0m[2m=[0mtrue [3mstatus[0m[2m=[0m101 [3melapsed_ms[0m[2m=[0m2.879092
[2m2026-10-04T03:01:03.367636Z[0m [32m INFO[0m [2mhv2_cluster::access[0m[2m:[0m control-plane access started [3mrequest_id[0m[2m=[0m280591d5-cb82-44c2-80cd-ebdf9f706589 [3mroute[0m[2m=[0m"/sandboxes/{id}/ports/{port}/udp" [3mmethod[0m[2m=[0m"GET" [3mprincipal[0m[2m=[0m"scoped" [3mkey_id[0m[2m=[0m"0616e04db298e59a"
[2m2026-10-04T03:01:03.371661Z[0m [32m INFO[0m [2mhv2_cluster::access[0m[2m:[0m control-plane access completed [3mrequest_id[0m[2m=[0m280591d5-cb82-44c2-80cd-ebdf9f706589 [3mroute[0m[2m=[0m"/sandboxes/{id}/ports/{port}/udp" [3mmethod[0m[2m=[0m"GET" [3mprincipal[0m[2m=[0m"scoped" [3mkey_id[0m[2m=[0m"0616e04db298e59a" [3mallowed[0m[2m=[0mtrue [3mstatus[0m[2m=[0m101 [3melapsed_ms[0m[2m=[0m4.0300709999999995
[2m2026-10-04T03:01:03.373344Z[0m [32m INFO[0m [2mhv2_cluster::access[0m[2m:[0m control-plane access started [3mrequest_id[0m[2m=[0m5cbae321-82b6-4563-ad2f-7af08767f24e [3mroute[0m[2m=[0m"/sandboxes/{id}/ports/{port}/udp" [3mmethod[0m[2m=[0m"GET" [3mprincipal[0m[2m=[0m"scoped" [3mkey_id[0m[2m=[0m"0616e04db298e59a"
[2m2026-10-04T03:01:03.375970Z[0m [32m INFO[0m [2mhv2_cluster::access[0m[2m:[0m control-plane access completed [3mrequest_id[0m[2m=[0m5cbae321-82b6-4563-ad2f-7af08767f24e [3mroute[0m[2m=[0m"/sandboxes/{id}/ports/{port}/udp" [3mmethod[0m[2m=[0m"GET" [3mprincipal[0m[2m=[0m"scoped" [3mkey_id[0m[2m=[0m"0616e04db298e59a" [3mallowed[0m[2m=[0mtrue [3mstatus[0m[2m=[0m101 [3melapsed_ms[0m[2m=[0m2.6315549999999996
[2m2026-10-04T03:01:03.377589Z[0m [32m INFO[0m [2mhv2_cluster::access[0m[2m:[0m control-plane access started [3mrequest_id[0m[2m=[0m1f61115a-9186-471c-babe-6b4910208d8d [3mroute[0m[2m=[0m"/sandboxes/{id}/ports/{port}/udp" [3mmethod[0m[2m=[0m"GET" [3mprincipal[0m[2m=[0m"scoped" [3mkey_id[0m[2m=[0m"0616e04db298e59a"
[2m2026-10-04T03:01:03.380113Z[0m [32m INFO[0m [2mhv2_cluster::access[0m[2m:[0m control-plane access completed [3mrequest_id[0m[2m=[0m1f61115a-9186-471c-babe-6b4910208d8d [3mroute[0m[2m=[0m"/sandboxes/{id}/ports/{port}/udp" [3mmethod[0m[2m=[0m"GET" [3mprincipal[0m[2m=[0m"scoped" [3mkey_id[0m[2m=[0m"0616e04db298e59a" [3mallowed[0m[2m=[0mtrue [3mstatus[0m[2m=[0m101 [3melapsed_ms[0m[2m=[0m2.528504
[2m2026-10-04T03:01:03.381828Z[0m [32m INFO[0m [2mhv2_cluster::access[0m[2m:[0m control-plane access started [3mrequest_id[0m[2m=[0m54a27dd9-1a72-4106-ab58-9bf49c8d3989 [3mroute[0m[2m=[0m"/sandboxes/{id}/ports/{port}/udp" [3mmethod[0m[2m=[0m"GET" [3mprincipal[0m[2m=[0m"scoped" [3mkey_id[0m[2m=[0m"0616e04db298e59a"
[2m2026-10-04T03:01:03.384408Z[0m [32m INFO[0m [2mhv2_cluster::access[0m[2m:[0m control-plane access completed [3mrequest_id[0m[2m=[0m54a27dd9-1a72-4106-ab58-9bf49c8d3989 [3mroute[0m[2m=[0m"/sandboxes/{id}/ports/{port}/udp" [3mmethod[0m[2m=[0m"GET" [3mprincipal[0m[2m=[0m"scoped" [3mkey_id[0m[2m=[0m"0616e04db298e59a" [3mallowed[0m[2m=[0mtrue [3mstatus[0m[2m=[0m101 [3melapsed_ms[0m[2m=[0m2.58587
[2m2026-10-04T03:01:03.386251Z[0m [32m INFO[0m [2mhv2_cluster::access[0m[2m:[0m control-plane access started [3mrequest_id[0m[2m=[0ma15b367a-100f-44ea-af76-266f4fda6242 [3mroute[0m[2m=[0m"/sandboxes/{id}/ports/{port}/udp" [3mmethod[0m[2m=[0m"GET" [3mprincipal[0m[2m=[0m"scoped" [3mkey_id[0m[2m=[0m"0616e04db298e59a"
[2m2026-10-04T03:01:03.388716Z[0m [32m INFO[0m [2mhv2_cluster::access[0m[2m:[0m control-plane access completed [3mrequest_id[0m[2m=[0ma15b367a-100f-44ea-af76-266f4fda6242 [3mroute[0m[2m=[0m"/sandboxes/{id}/ports/{port}/udp" [3mmethod[0m[2m=[0m"GET" [3mprincipal[0m[2m=[0m"scoped" [3mkey_id[0m[2m=[0m"0616e04db298e59a" [3mallowed[0m[2m=[0mtrue [3mstatus[0m[2m=[0m101 [3melapsed_ms[0m[2m=[0m2.470163
[2m2026-10-04T03:01:03.390366Z[0m [32m INFO[0m [2mhv2_cluster::access[0m[2m:[0m control-plane access started [3mrequest_id[0m[2m=[0mb0bf7107-c23f-4387-9523-2f14c1638831 [3mroute[0m[2m=[0m"/sandboxes/{id}/ports/{port}/udp" [3mmethod[0m[2m=[0m"GET" [3mprincipal[0m[2m=[0m"scoped" [3mkey_id[0m[2m=[0m"0616e04db298e59a"
[2m2026-10-04T03:01:03.393176Z[0m [32m INFO[0m [2mhv2_cluster::access[0m[2m:[0m control-plane access completed [3mrequest_id[0m[2m=[0mb0bf7107-c23f-4387-9523-2f14c1638831 [3mroute[0m[2m=[0m"/sandboxes/{id}/ports/{port}/udp" [3mmethod[0m[2m=[0m"GET" [3mprincipal[0m[2m=[0m"scoped" [3mkey_id[0m[2m=[0m"0616e04db298e59a" [3mallowed[0m[2m=[0mtrue [3mstatus[0m[2m=[0m101 [3melapsed_ms[0m[2m=[0m2.813415
[2m2026-10-04T03:01:03.767164Z[0m [32m INFO[0m [2mhv2_cluster::access[0m[2m:[0m control-plane access started [3mrequest_id[0m[2m=[0mf5a2a924-d903-49d3-8a99-73a145bdfbc7 [3mroute[0m[2m=[0m"/sandboxes/{id}/exec" [3mmethod[0m[2m=[0m"POST" [3mprincipal[0m[2m=[0m"scoped" [3mkey_id[0m[2m=[0m"0616e04db298e59a"
[2m2026-10-04T03:01:03.771643Z[0m [32m INFO[0m [2mhv2_cluster::access[0m[2m:[0m control-plane access completed [3mrequest_id[0m[2m=[0mf5a2a924-d903-49d3-8a99-73a145bdfbc7 [3mroute[0m[2m=[0m"/sandboxes/{id}/exec" [3mmethod[0m[2m=[0m"POST" [3mprincipal[0m[2m=[0m"scoped" [3mkey_id[0m[2m=[0m"0616e04db298e59a" [3mallowed[0m[2m=[0mtrue [3mstatus[0m[2m=[0m200 [3melapsed_ms[0m[2m=[0m4.490773
[2m2026-10-04T03:01:03.778175Z[0m [32m INFO[0m [2mhv2_cluster::access[0m[2m:[0m control-plane access started [3mrequest_id[0m[2m=[0mebc05fc2-ec32-4f57-ba48-3d264fc0afd4 [3mroute[0m[2m=[0m"/sandboxes/{id}/public-ports/{port}" [3mmethod[0m[2m=[0m"PUT" [3mprincipal[0m[2m=[0m"scoped" [3mkey_id[0m[2m=[0m"3b28e725de678da7"
[2m2026-10-04T03:01:03.778522Z[0m [32m INFO[0m [2mhv2_cluster::access[0m[2m:[0m control-plane access completed [3mrequest_id[0m[2m=[0mebc05fc2-ec32-4f57-ba48-3d264fc0afd4 [3mroute[0m[2m=[0m"/sandboxes/{id}/public-ports/{port}" [3mmethod[0m[2m=[0m"PUT" [3mprincipal[0m[2m=[0m"scoped" [3mkey_id[0m[2m=[0m"3b28e725de678da7" [3mallowed[0m[2m=[0mtrue [3mstatus[0m[2m=[0m403 [3melapsed_ms[0m[2m=[0m0.355286
[2m2026-10-04T03:01:03.781243Z[0m [32m INFO[0m [2mhv2_cluster::access[0m[2m:[0m control-plane access started [3mrequest_id[0m[2m=[0mc693446a-0587-402a-8593-bbadefa39c31 [3mroute[0m[2m=[0m"/sandboxes/{id}/public-ports/{port}" [3mmethod[0m[2m=[0m"PUT" [3mprincipal[0m[2m=[0m"scoped" [3mkey_id[0m[2m=[0m"3b28e725de678da7"
[2m2026-10-04T03:01:03.781468Z[0m [32m INFO[0m [2mhv2_cluster::access[0m[2m:[0m control-plane access completed [3mrequest_id[0m[2m=[0mc693446a-0587-402a-8593-bbadefa39c31 [3mroute[0m[2m=[0m"/sandboxes/{id}/public-ports/{port}" [3mmethod[0m[2m=[0m"PUT" [3mprincipal[0m[2m=[0m"scoped" [3mkey_id[0m[2m=[0m"3b28e725de678da7" [3mallowed[0m[2m=[0mtrue [3mstatus[0m[2m=[0m403 [3melapsed_ms[0m[2m=[0m0.232797
[2m2026-10-04T03:01:03.787615Z[0m [32m INFO[0m [2mhv2_cluster::access[0m[2m:[0m control-plane access started [3mrequest_id[0m[2m=[0m73bf0b73-651a-422b-9c36-67468315c8ae [3mroute[0m[2m=[0m"/sandboxes/{id}/public-ports" [3mmethod[0m[2m=[0m"GET" [3mprincipal[0m[2m=[0m"scoped" [3mkey_id[0m[2m=[0m"3b28e725de678da7"
[2m2026-10-04T03:01:03.787831Z[0m [32m INFO[0m [2mhv2_cluster::access[0m[2m:[0m control-plane access completed [3mrequest_id[0m[2m=[0m73bf0b73-651a-422b-9c36-67468315c8ae [3mroute[0m[2m=[0m"/sandboxes/{id}/public-ports" [3mmethod[0m[2m=[0m"GET" [3mprincipal[0m[2m=[0m"scoped" [3mkey_id[0m[2m=[0m"3b28e725de678da7" [3mallowed[0m[2m=[0mtrue [3mstatus[0m[2m=[0m403 [3melapsed_ms[0m[2m=[0m0.22270800000000002
[2m2026-10-04T03:01:03.790611Z[0m [32m INFO[0m [2mhv2_cluster::access[0m[2m:[0m control-plane access started [3mrequest_id[0m[2m=[0m7c2df7a0-c46f-42a3-a39b-d35860744c5f [3mroute[0m[2m=[0m"/sandboxes/{id}/public-ports" [3mmethod[0m[2m=[0m"GET" [3mprincipal[0m[2m=[0m"scoped" [3mkey_id[0m[2m=[0m"3b28e725de678da7"
[2m2026-10-04T03:01:03.790769Z[0m [32m INFO[0m [2mhv2_cluster::access[0m[2m:[0m control-plane access completed [3mrequest_id[0m[2m=[0m7c2df7a0-c46f-42a3-a39b-d35860744c5f [3mroute[0m[2m=[0m"/sandboxes/{id}/public-ports" [3mmethod[0m[2m=[0m"GET" [3mprincipal[0m[2m=[0m"scoped" [3mkey_id[0m[2m=[0m"3b28e725de678da7" [3mallowed[0m[2m=[0mtrue [3mstatus[0m[2m=[0m403 [3melapsed_ms[0m[2m=[0m0.163076
[2m2026-10-04T03:01:03.796193Z[0m [32m INFO[0m [2mhv2_cluster::access[0m[2m:[0m control-plane access started [3mrequest_id[0m[2m=[0m28c9fb26-5d0d-4616-887d-f0059fef25e8 [3mroute[0m[2m=[0m"/sandboxes/{id}/public-ports/{port}" [3mmethod[0m[2m=[0m"DELETE" [3mprincipal[0m[2m=[0m"scoped" [3mkey_id[0m[2m=[0m"3b28e725de678da7"
[2m2026-10-04T03:01:03.796404Z[0m [32m INFO[0m [2mhv2_cluster::access[0m[2m:[0m control-plane access completed [3mrequest_id[0m[2m=[0m28c9fb26-5d0d-4616-887d-f0059fef25e8 [3mroute[0m[2m=[0m"/sandboxes/{id}/public-ports/{port}" [3mmethod[0m[2m=[0m"DELETE" [3mprincipal[0m[2m=[0m"scoped" [3mkey_id[0m[2m=[0m"3b28e725de678da7" [3mallowed[0m[2m=[0mtrue [3mstatus[0m[2m=[0m403 [3melapsed_ms[0m[2m=[0m0.217088
[2m2026-10-04T03:01:03.798962Z[0m [32m INFO[0m [2mhv2_cluster::access[0m[2m:[0m control-plane access started [3mrequest_id[0m[2m=[0m24f39eb0-f590-4cc3-bab1-9d9bbfc9dca6 [3mroute[0m[2m=[0m"/sandboxes/{id}/public-ports/{port}" [3mmethod[0m[2m=[0m"DELETE" [3mprincipal[0m[2m=[0m"scoped" [3mkey_id[0m[2m=[0m"3b28e725de678da7"
[2m2026-10-04T03:01:03.799133Z[0m [32m INFO[0m [2mhv2_cluster::access[0m[2m:[0m control-plane access completed [3mrequest_id[0m[2m=[0m24f39eb0-f590-4cc3-bab1-9d9bbfc9dca6 [3mroute[0m[2m=[0m"/sandboxes/{id}/public-ports/{port}" [3mmethod[0m[2m=[0m"DELETE" [3mprincipal[0m[2m=[0m"scoped" [3mkey_id[0m[2m=[0m"3b28e725de678da7" [3mallowed[0m[2m=[0mtrue [3mstatus[0m[2m=[0m403 [3melapsed_ms[0m[2m=[0m0.17601
[2m2026-10-04T03:01:03.804448Z[0m [32m INFO[0m [2mhv2_cluster::access[0m[2m:[0m control-plane access completed [3mrequest_id[0m[2m=[0m7d029bf3-6f1f-43ae-b6d5-933692a5bd17 [3mroute[0m[2m=[0m"/sandboxes/{id}/public-ports/{port}" [3mmethod[0m[2m=[0m"PUT" [3mprincipal[0m[2m=[0m"scoped" [3mkey_id[0m[2m=[0m"4f39888a466929a3" [3mallowed[0m[2m=[0mfalse [3mstatus[0m[2m=[0m403 [3melapsed_ms[0m[2m=[0m0.007965000000000002
[2m2026-10-04T03:01:03.807001Z[0m [32m INFO[0m [2mhv2_cluster::access[0m[2m:[0m control-plane access completed [3mrequest_id[0m[2m=[0m7f82c8c7-775e-45ad-8974-f9f3212d1466 [3mroute[0m[2m=[0m"/sandboxes/{id}/public-ports/{port}" [3mmethod[0m[2m=[0m"PUT" [3mprincipal[0m[2m=[0m"scoped" [3mkey_id[0m[2m=[0m"4f39888a466929a3" [3mallowed[0m[2m=[0mfalse [3mstatus[0m[2m=[0m403 [3melapsed_ms[0m[2m=[0m0.008535999999999998
[2m2026-10-04T03:01:03.812611Z[0m [32m INFO[0m [2mhv2_cluster::access[0m[2m:[0m control-plane access completed [3mrequest_id[0m[2m=[0mfdc4292b-3a3d-47a3-95ab-6805749c5ac9 [3mroute[0m[2m=[0m"/sandboxes/{id}/public-ports" [3mmethod[0m[2m=[0m"GET" [3mprincipal[0m[2m=[0m"scoped" [3mkey_id[0m[2m=[0m"4f39888a466929a3" [3mallowed[0m[2m=[0mfalse [3mstatus[0m[2m=[0m403 [3melapsed_ms[0m[2m=[0m0.009337999999999999
[2m2026-10-04T03:01:03.815062Z[0m [32m INFO[0m [2mhv2_cluster::access[0m[2m:[0m control-plane access completed [3mrequest_id[0m[2m=[0mf872ad4e-1818-435f-9287-672688da6e52 [3mroute[0m[2m=[0m"/sandboxes/{id}/public-ports" [3mmethod[0m[2m=[0m"GET" [3mprincipal[0m[2m=[0m"scoped" [3mkey_id[0m[2m=[0m"4f39888a466929a3" [3mallowed[0m[2m=[0mfalse [3mstatus[0m[2m=[0m403 [3melapsed_ms[0m[2m=[0m0.007374
[2m2026-10-04T03:01:03.820548Z[0m [32m INFO[0m [2mhv2_cluster::access[0m[2m:[0m control-plane access completed [3mrequest_id[0m[2m=[0m73e59dd6-956b-4f95-b81a-d65c317ff8d5 [3mroute[0m[2m=[0m"/sandboxes/{id}/public-ports/{port}" [3mmethod[0m[2m=[0m"DELETE" [3mprincipal[0m[2m=[0m"scoped" [3mkey_id[0m[2m=[0m"4f39888a466929a3" [3mallowed[0m[2m=[0mfalse [3mstatus[0m[2m=[0m403 [3melapsed_ms[0m[2m=[0m0.007414
[2m2026-10-04T03:01:03.822932Z[0m [32m INFO[0m [2mhv2_cluster::access[0m[2m:[0m control-plane access completed [3mrequest_id[0m[2m=[0m432dbe4d-1313-4f82-a651-e21fcda0ade0 [3mroute[0m[2m=[0m"/sandboxes/{id}/public-ports/{port}" [3mmethod[0m[2m=[0m"DELETE" [3mprincipal[0m[2m=[0m"scoped" [3mkey_id[0m[2m=[0m"4f39888a466929a3" [3mallowed[0m[2m=[0mfalse [3mstatus[0m[2m=[0m403 [3melapsed_ms[0m[2m=[0m0.00567
[2m2026-10-04T03:01:03.828193Z[0m [32m INFO[0m [2mhv2_cluster::access[0m[2m:[0m control-plane access completed [3mrequest_id[0m[2m=[0m1138a846-c302-4f38-a81b-0f037d902f9a [3mroute[0m[2m=[0m"/sandboxes/{id}/public-ports/{port}" [3mmethod[0m[2m=[0m"PUT" [3mprincipal[0m[2m=[0m"scoped" [3mkey_id[0m[2m=[0m"61f26353bb90df62" [3mallowed[0m[2m=[0mfalse [3mstatus[0m[2m=[0m403 [3melapsed_ms[0m[2m=[0m0.013606
[2m2026-10-04T03:01:03.830630Z[0m [32m INFO[0m [2mhv2_cluster::access[0m[2m:[0m control-plane access completed [3mrequest_id[0m[2m=[0mce069215-edd9-428d-bc55-270502c9e283 [3mroute[0m[2m=[0m"/sandboxes/{id}/public-ports/{port}" [3mmethod[0m[2m=[0m"PUT" [3mprincipal[0m[2m=[0m"scoped" [3mkey_id[0m[2m=[0m"61f26353bb90df62" [3mallowed[0m[2m=[0mfalse [3mstatus[0m[2m=[0m403 [3melapsed_ms[0m[2m=[0m0.007034
[2m2026-10-04T03:01:03.836698Z[0m [32m INFO[0m [2mhv2_cluster::access[0m[2m:[0m control-plane access completed [3mrequest_id[0m[2m=[0m2c56d4b1-41a9-4788-8db0-e4750fbc99d7 [3mroute[0m[2m=[0m"/sandboxes/{id}/public-ports" [3mmethod[0m[2m=[0m"GET" [3mprincipal[0m[2m=[0m"scoped" [3mkey_id[0m[2m=[0m"61f26353bb90df62" [3mallowed[0m[2m=[0mfalse [3mstatus[0m[2m=[0m403 [3melapsed_ms[0m[2m=[0m0.007514000000000001
[2m2026-10-04T03:01:03.838955Z[0m [32m INFO[0m [2mhv2_cluster::access[0m[2m:[0m control-plane access completed [3mrequest_id[0m[2m=[0m3d75a5c0-059a-4398-a345-fb4fa193b461 [3mroute[0m[2m=[0m"/sandboxes/{id}/public-ports" [3mmethod[0m[2m=[0m"GET" [3mprincipal[0m[2m=[0m"scoped" [3mkey_id[0m[2m=[0m"61f26353bb90df62" [3mallowed[0m[2m=[0mfalse [3mstatus[0m[2m=[0m403 [3melapsed_ms[0m[2m=[0m0.007424
[2m2026-10-04T03:01:03.844208Z[0m [32m INFO[0m [2mhv2_cluster::access[0m[2m:[0m control-plane access completed [3mrequest_id[0m[2m=[0m5dca0498-1f81-4c69-9fb9-fd6198505659 [3mroute[0m[2m=[0m"/sandboxes/{id}/public-ports/{port}" [3mmethod[0m[2m=[0m"DELETE" [3mprincipal[0m[2m=[0m"scoped" [3mkey_id[0m[2m=[0m"61f26353bb90df62" [3mallowed[0m[2m=[0mfalse [3mstatus[0m[2m=[0m403 [3melapsed_ms[0m[2m=[0m0.00579
[2m2026-10-04T03:01:03.846559Z[0m [32m INFO[0m [2mhv2_cluster::access[0m[2m:[0m control-plane access completed [3mrequest_id[0m[2m=[0m76dcc2a6-aa23-4576-b5e8-8aa6373507c5 [3mroute[0m[2m=[0m"/sandboxes/{id}/public-ports/{port}" [3mmethod[0m[2m=[0m"DELETE" [3mprincipal[0m[2m=[0m"scoped" [3mkey_id[0m[2m=[0m"61f26353bb90df62" [3mallowed[0m[2m=[0mfalse [3mstatus[0m[2m=[0m403 [3melapsed_ms[0m[2m=[0m0.005531
[2m2026-10-04T03:01:03.852346Z[0m [32m INFO[0m [2mhv2_cluster::access[0m[2m:[0m control-plane access started [3mrequest_id[0m[2m=[0m0ba774ee-b79b-47c4-8bf3-ee4c3dad736c [3mroute[0m[2m=[0m"/sandboxes/{id}/public-ports/{port}" [3mmethod[0m[2m=[0m"PUT" [3mprincipal[0m[2m=[0m"scoped" [3mkey_id[0m[2m=[0m"80a2729f72671eee"
[2m2026-10-04T03:01:03.852384Z[0m [32m INFO[0m [2mhv2_cluster::access[0m[2m:[0m control-plane access completed [3mrequest_id[0m[2m=[0m0ba774ee-b79b-47c4-8bf3-ee4c3dad736c [3mroute[0m[2m=[0m"/sandboxes/{id}/public-ports/{port}" [3mmethod[0m[2m=[0m"PUT" [3mprincipal[0m[2m=[0m"scoped" [3mkey_id[0m[2m=[0m"80a2729f72671eee" [3mallowed[0m[2m=[0mtrue [3mstatus[0m[2m=[0m403 [3melapsed_ms[0m[2m=[0m0.043011
[2m2026-10-04T03:01:03.854814Z[0m [32m INFO[0m [2mhv2_cluster::access[0m[2m:[0m control-plane access started [3mrequest_id[0m[2m=[0m23962c36-d07a-4d08-9d6a-852da62abb0c [3mroute[0m[2m=[0m"/sandboxes/{id}/public-ports/{port}" [3mmethod[0m[2m=[0m"PUT" [3mprincipal[0m[2m=[0m"scoped" [3mkey_id[0m[2m=[0m"80a2729f72671eee"
[2m2026-10-04T03:01:03.854867Z[0m [32m INFO[0m [2mhv2_cluster::access[0m[2m:[0m control-plane access completed [3mrequest_id[0m[2m=[0m23962c36-d07a-4d08-9d6a-852da62abb0c [3mroute[0m[2m=[0m"/sandboxes/{id}/public-ports/{port}" [3mmethod[0m[2m=[0m"PUT" [3mprincipal[0m[2m=[0m"scoped" [3mkey_id[0m[2m=[0m"80a2729f72671eee" [3mallowed[0m[2m=[0mtrue [3mstatus[0m[2m=[0m403 [3melapsed_ms[0m[2m=[0m0.057047
[2m2026-10-04T03:01:03.860407Z[0m [32m INFO[0m [2mhv2_cluster::access[0m[2m:[0m control-plane access started [3mrequest_id[0m[2m=[0m99f38683-2706-4f3c-9a9a-e71fc6c3a0f0 [3mroute[0m[2m=[0m"/sandboxes/{id}/public-ports" [3mmethod[0m[2m=[0m"GET" [3mprincipal[0m[2m=[0m"scoped" [3mkey_id[0m[2m=[0m"80a2729f72671eee"
[2m2026-10-04T03:01:03.860422Z[0m [32m INFO[0m [2mhv2_cluster::access[0m[2m:[0m control-plane access completed [3mrequest_id[0m[2m=[0m99f38683-2706-4f3c-9a9a-e71fc6c3a0f0 [3mroute[0m[2m=[0m"/sandboxes/{id}/public-ports" [3mmethod[0m[2m=[0m"GET" [3mprincipal[0m[2m=[0m"scoped" [3mkey_id[0m[2m=[0m"80a2729f72671eee" [3mallowed[0m[2m=[0mtrue [3mstatus[0m[2m=[0m403 [3melapsed_ms[0m[2m=[0m0.019687
[2m2026-10-04T03:01:03.863152Z[0m [32m INFO[0m [2mhv2_cluster::access[0m[2m:[0m control-plane access started [3mrequest_id[0m[2m=[0m190bcd31-d19a-417b-b306-ad99d2dcac6e [3mroute[0m[2m=[0m"/sandboxes/{id}/public-ports" [3mmethod[0m[2m=[0m"GET" [3mprincipal[0m[2m=[0m"scoped" [3mkey_id[0m[2m=[0m"80a2729f72671eee"
[2m2026-10-04T03:01:03.863165Z[0m [32m INFO[0m [2mhv2_cluster::access[0m[2m:[0m control-plane access completed [3mrequest_id[0m[2m=[0m190bcd31-d19a-417b-b306-ad99d2dcac6e [3mroute[0m[2m=[0m"/sandboxes/{id}/public-ports" [3mmethod[0m[2m=[0m"GET" [3mprincipal[0m[2m=[0m"scoped" [3mkey_id[0m[2m=[0m"80a2729f72671eee" [3mallowed[0m[2m=[0mtrue [3mstatus[0m[2m=[0m403 [3melapsed_ms[0m[2m=[0m0.018184000000000002
[2m2026-10-04T03:01:03.869350Z[0m [32m INFO[0m [2mhv2_cluster::access[0m[2m:[0m control-plane access started [3mrequest_id[0m[2m=[0m8ec24eaf-58c0-4748-acee-e73852c10340 [3mroute[0m[2m=[0m"/sandboxes/{id}/public-ports/{port}" [3mmethod[0m[2m=[0m"DELETE" [3mprincipal[0m[2m=[0m"scoped" [3mkey_id[0m[2m=[0m"80a2729f72671eee"
[2m2026-10-04T03:01:03.869367Z[0m [32m INFO[0m [2mhv2_cluster::access[0m[2m:[0m control-plane access completed [3mrequest_id[0m[2m=[0m8ec24eaf-58c0-4748-acee-e73852c10340 [3mroute[0m[2m=[0m"/sandboxes/{id}/public-ports/{port}" [3mmethod[0m[2m=[0m"DELETE" [3mprincipal[0m[2m=[0m"scoped" [3mkey_id[0m[2m=[0m"80a2729f72671eee" [3mallowed[0m[2m=[0mtrue [3mstatus[0m[2m=[0m403 [3melapsed_ms[0m[2m=[0m0.021871
[2m2026-10-04T03:01:03.871682Z[0m [32m INFO[0m [2mhv2_cluster::access[0m[2m:[0m control-plane access started [3mrequest_id[0m[2m=[0m1e41164a-dd82-40d4-be72-8919c3c54c2c [3mroute[0m[2m=[0m"/sandboxes/{id}/public-ports/{port}" [3mmethod[0m[2m=[0m"DELETE" [3mprincipal[0m[2m=[0m"scoped" [3mkey_id[0m[2m=[0m"80a2729f72671eee"
[2m2026-10-04T03:01:03.871693Z[0m [32m INFO[0m [2mhv2_cluster::access[0m[2m:[0m control-plane access completed [3mrequest_id[0m[2m=[0m1e41164a-dd82-40d4-be72-8919c3c54c2c [3mroute[0m[2m=[0m"/sandboxes/{id}/public-ports/{port}" [3mmethod[0m[2m=[0m"DELETE" [3mprincipal[0m[2m=[0m"scoped" [3mkey_id[0m[2m=[0m"80a2729f72671eee" [3mallowed[0m[2m=[0mtrue [3mstatus[0m[2m=[0m403 [3melapsed_ms[0m[2m=[0m0.015339
[2m2026-10-04T03:01:03.876764Z[0m [32m INFO[0m [2mhv2_cluster::access[0m[2m:[0m control-plane access started [3mrequest_id[0m[2m=[0mc5def673-bee0-4bfd-9132-3307fbb4e059 [3mroute[0m[2m=[0m"/sandboxes/{id}/public-ports/{port}" [3mmethod[0m[2m=[0m"PUT" [3mprincipal[0m[2m=[0m"legacy_admin" [3mkey_id[0m[2m=[0m"ab5fcf6756e38dbc"
[2m2026-10-04T03:01:03.876789Z[0m [32m INFO[0m [2mhv2_cluster::access[0m[2m:[0m control-plane access completed [3mrequest_id[0m[2m=[0mc5def673-bee0-4bfd-9132-3307fbb4e059 [3mroute[0m[2m=[0m"/sandboxes/{id}/public-ports/{port}" [3mmethod[0m[2m=[0m"PUT" [3mprincipal[0m[2m=[0m"legacy_admin" [3mkey_id[0m[2m=[0m"ab5fcf6756e38dbc" [3mallowed[0m[2m=[0mtrue [3mstatus[0m[2m=[0m403 [3melapsed_ms[0m[2m=[0m0.029145
[2m2026-10-04T03:01:03.879107Z[0m [32m INFO[0m [2mhv2_cluster::access[0m[2m:[0m control-plane access started [3mrequest_id[0m[2m=[0m9db768b7-b4ee-4199-aea9-5f3d87cfc7c9 [3mroute[0m[2m=[0m"/sandboxes/{id}/public-ports/{port}" [3mmethod[0m[2m=[0m"PUT" [3mprincipal[0m[2m=[0m"legacy_admin" [3mkey_id[0m[2m=[0m"ab5fcf6756e38dbc"
[2m2026-10-04T03:01:03.879136Z[0m [32m INFO[0m [2mhv2_cluster::access[0m[2m:[0m control-plane access completed [3mrequest_id[0m[2m=[0m9db768b7-b4ee-4199-aea9-5f3d87cfc7c9 [3mroute[0m[2m=[0m"/sandboxes/{id}/public-ports/{port}" [3mmethod[0m[2m=[0m"PUT" [3mprincipal[0m[2m=[0m"legacy_admin" [3mkey_id[0m[2m=[0m"ab5fcf6756e38dbc" [3mallowed[0m[2m=[0mtrue [3mstatus[0m[2m=[0m403 [3melapsed_ms[0m[2m=[0m0.033111999999999996
[2m2026-10-04T03:01:03.886157Z[0m [32m INFO[0m [2mhv2_cluster::access[0m[2m:[0m control-plane access started [3mrequest_id[0m[2m=[0mb6fa0ea2-f770-4442-9b12-79d6cc7b5f61 [3mroute[0m[2m=[0m"/sandboxes/{id}/public-ports" [3mmethod[0m[2m=[0m"GET" [3mprincipal[0m[2m=[0m"legacy_admin" [3mkey_id[0m[2m=[0m"ab5fcf6756e38dbc"
[2m2026-10-04T03:01:03.886174Z[0m [32m INFO[0m [2mhv2_cluster::access[0m[2m:[0m control-plane access completed [3mrequest_id[0m[2m=[0mb6fa0ea2-f770-4442-9b12-79d6cc7b5f61 [3mroute[0m[2m=[0m"/sandboxes/{id}/public-ports" [3mmethod[0m[2m=[0m"GET" [3mprincipal[0m[2m=[0m"legacy_admin" [3mkey_id[0m[2m=[0m"ab5fcf6756e38dbc" [3mallowed[0m[2m=[0mtrue [3mstatus[0m[2m=[0m403 [3melapsed_ms[0m[2m=[0m0.02088
[2m2026-10-04T03:01:03.888509Z[0m [32m INFO[0m [2mhv2_cluster::access[0m[2m:[0m control-plane access started [3mrequest_id[0m[2m=[0m60e451cb-3a89-415d-9c6d-006bf6864710 [3mroute[0m[2m=[0m"/sandboxes/{id}/public-ports" [3mmethod[0m[2m=[0m"GET" [3mprincipal[0m[2m=[0m"legacy_admin" [3mkey_id[0m[2m=[0m"ab5fcf6756e38dbc"
[2m2026-10-04T03:01:03.888519Z[0m [32m INFO[0m [2mhv2_cluster::access[0m[2m:[0m control-plane access completed [3mrequest_id[0m[2m=[0m60e451cb-3a89-415d-9c6d-006bf6864710 [3mroute[0m[2m=[0m"/sandboxes/{id}/public-ports" [3mmethod[0m[2m=[0m"GET" [3mprincipal[0m[2m=[0m"legacy_admin" [3mkey_id[0m[2m=[0m"ab5fcf6756e38dbc" [3mallowed[0m[2m=[0mtrue [3mstatus[0m[2m=[0m403 [3melapsed_ms[0m[2m=[0m0.014497
[2m2026-10-04T03:01:03.893760Z[0m [32m INFO[0m [2mhv2_cluster::access[0m[2m:[0m control-plane access started [3mrequest_id[0m[2m=[0m74c2928c-b0ce-411d-a0e4-07258caa0a82 [3mroute[0m[2m=[0m"/sandboxes/{id}/public-ports/{port}" [3mmethod[0m[2m=[0m"DELETE" [3mprincipal[0m[2m=[0m"legacy_admin" [3mkey_id[0m[2m=[0m"ab5fcf6756e38dbc"
[2m2026-10-04T03:01:03.893775Z[0m [32m INFO[0m [2mhv2_cluster::access[0m[2m:[0m control-plane access completed [3mrequest_id[0m[2m=[0m74c2928c-b0ce-411d-a0e4-07258caa0a82 [3mroute[0m[2m=[0m"/sandboxes/{id}/public-ports/{port}" [3mmethod[0m[2m=[0m"DELETE" [3mprincipal[0m[2m=[0m"legacy_admin" [3mkey_id[0m[2m=[0m"ab5fcf6756e38dbc" [3mallowed[0m[2m=[0mtrue [3mstatus[0m[2m=[0m403 [3melapsed_ms[0m[2m=[0m0.018916
[2m2026-10-04T03:01:03.895971Z[0m [32m INFO[0m [2mhv2_cluster::access[0m[2m:[0m control-plane access started [3mrequest_id[0m[2m=[0m13666eb8-e655-4c66-8411-d52c80ac4937 [3mroute[0m[2m=[0m"/sandboxes/{id}/public-ports/{port}" [3mmethod[0m[2m=[0m"DELETE" [3mprincipal[0m[2m=[0m"legacy_admin" [3mkey_id[0m[2m=[0m"ab5fcf6756e38dbc"
[2m2026-10-04T03:01:03.895982Z[0m [32m INFO[0m [2mhv2_cluster::access[0m[2m:[0m control-plane access completed [3mrequest_id[0m[2m=[0m13666eb8-e655-4c66-8411-d52c80ac4937 [3mroute[0m[2m=[0m"/sandboxes/{id}/public-ports/{port}" [3mmethod[0m[2m=[0m"DELETE" [3mprincipal[0m[2m=[0m"legacy_admin" [3mkey_id[0m[2m=[0m"ab5fcf6756e38dbc" [3mallowed[0m[2m=[0mtrue [3mstatus[0m[2m=[0m403 [3melapsed_ms[0m[2m=[0m0.014827
[2m2026-10-04T03:01:03.901139Z[0m [32m INFO[0m [2mhv2_cluster::access[0m[2m:[0m control-plane access started [3mrequest_id[0m[2m=[0m23cb20cd-8582-4201-95b0-9facd683af73 [3mroute[0m[2m=[0m"/sandboxes" [3mmethod[0m[2m=[0m"POST" [3mprincipal[0m[2m=[0m"legacy_admin" [3mkey_id[0m[2m=[0m"ab5fcf6756e38dbc"
[2m2026-10-04T03:01:03.901725Z[0m [32m INFO[0m [2mhv2_core::hypervisor[0m[2m:[0m Detected hypervisor platform: Kvm
[2m2026-10-04T03:01:03.902075Z[0m [32m INFO[0m [2mhv2_core::vm[0m[2m:[0m VM 'sbx-5f632f3a826f420696ad': vsock device attached at 0xd0000000 (guest CID 100, IRQ 5)
[2m2026-10-04T03:01:03.902083Z[0m [32m INFO[0m [2mhv2_core::devices::serial[0m[2m:[0m Initializing serial device 'COM1' at 0x3F8
[2m2026-10-04T03:01:03.903075Z[0m [32m INFO[0m [2mhv2_core::vm[0m[2m:[0m Provisioned VM 'sbx-5f632f3a826f420696ad' on the Kvm backend (1 vCPUs, 1024 MiB)
[2m2026-10-04T03:01:03.903304Z[0m [32m INFO[0m [2mhv2_core::vm[0m[2m:[0m VM 'sbx-5f632f3a826f420696ad' restored from /tmp/hm-udp-kvm-j4g_rzr9/snapshots/templates/48454fd837dc52740c691aafc9cb1fdc/template.snap
[2m2026-10-04T03:01:03.903311Z[0m [32m INFO[0m [2mhv2_core::vm[0m[2m:[0m Starting VM 'sbx-5f632f3a826f420696ad' with 1 vCPUs and 1 GB memory (parallel=true)
[2m2026-10-04T03:01:03.903396Z[0m [32m INFO[0m [2mhv2_core::vm[0m[2m:[0m Starting VM execution for 'sbx-5f632f3a826f420696ad' with 1 vCPUs
[2m2026-10-04T03:01:03.903401Z[0m [32m INFO[0m [2mhv2_core::vm[0m[2m:[0m Starting parallel execution with 1 vCPU tasks
[2m2026-10-04T03:01:03.903522Z[0m [32m INFO[0m [2mhv2_core::vm[0m[2m:[0m vCPU 0 task started
[2m2026-10-04T03:01:03.920123Z[0m [32m INFO[0m [2mhv2_cluster::access[0m[2m:[0m control-plane access completed [3mrequest_id[0m[2m=[0m23cb20cd-8582-4201-95b0-9facd683af73 [3mroute[0m[2m=[0m"/sandboxes" [3mmethod[0m[2m=[0m"POST" [3mprincipal[0m[2m=[0m"legacy_admin" [3mkey_id[0m[2m=[0m"ab5fcf6756e38dbc" [3mallowed[0m[2m=[0mtrue [3mstatus[0m[2m=[0m201 [3melapsed_ms[0m[2m=[0m18.986873000000003
[2m2026-10-04T03:01:03.930311Z[0m [32m INFO[0m [2mhv2_cluster::access[0m[2m:[0m control-plane access started [3mrequest_id[0m[2m=[0mce94c351-afa7-4d02-8b2a-0dc62bf40d36 [3mroute[0m[2m=[0m"/sandboxes/{id}/public-ports/{port}" [3mmethod[0m[2m=[0m"PUT" [3mprincipal[0m[2m=[0m"scoped" [3mkey_id[0m[2m=[0m"0616e04db298e59a"
[2m2026-10-04T03:01:03.930544Z[0m [32m INFO[0m [2mhv2_cluster::access[0m[2m:[0m control-plane access completed [3mrequest_id[0m[2m=[0mce94c351-afa7-4d02-8b2a-0dc62bf40d36 [3mroute[0m[2m=[0m"/sandboxes/{id}/public-ports/{port}" [3mmethod[0m[2m=[0m"PUT" [3mprincipal[0m[2m=[0m"scoped" [3mkey_id[0m[2m=[0m"0616e04db298e59a" [3mallowed[0m[2m=[0mtrue [3mstatus[0m[2m=[0m403 [3melapsed_ms[0m[2m=[0m0.241933
[2m2026-10-04T03:01:03.933230Z[0m [32m INFO[0m [2mhv2_cluster::access[0m[2m:[0m control-plane access started [3mrequest_id[0m[2m=[0m2501fd83-95cf-4952-ab1d-e3160e18adfc [3mroute[0m[2m=[0m"/sandboxes/{id}/public-ports/{port}" [3mmethod[0m[2m=[0m"PUT" [3mprincipal[0m[2m=[0m"scoped" [3mkey_id[0m[2m=[0m"0616e04db298e59a"
[2m2026-10-04T03:01:03.933443Z[0m [32m INFO[0m [2mhv2_cluster::access[0m[2m:[0m control-plane access completed [3mrequest_id[0m[2m=[0m2501fd83-95cf-4952-ab1d-e3160e18adfc [3mroute[0m[2m=[0m"/sandboxes/{id}/public-ports/{port}" [3mmethod[0m[2m=[0m"PUT" [3mprincipal[0m[2m=[0m"scoped" [3mkey_id[0m[2m=[0m"0616e04db298e59a" [3mallowed[0m[2m=[0mtrue [3mstatus[0m[2m=[0m403 [3melapsed_ms[0m[2m=[0m0.21886
[2m2026-10-04T03:01:03.938592Z[0m [32m INFO[0m [2mhv2_cluster::access[0m[2m:[0m control-plane access started [3mrequest_id[0m[2m=[0mb919a9eb-2cfc-4f51-9a89-6bbf2c1d45b1 [3mroute[0m[2m=[0m"/sandboxes/{id}/public-ports" [3mmethod[0m[2m=[0m"GET" [3mprincipal[0m[2m=[0m"scoped" [3mkey_id[0m[2m=[0m"0616e04db298e59a"
[2m2026-10-04T03:01:03.938770Z[0m [32m INFO[0m [2mhv2_cluster::access[0m[2m:[0m control-plane access completed [3mrequest_id[0m[2m=[0mb919a9eb-2cfc-4f51-9a89-6bbf2c1d45b1 [3mroute[0m[2m=[0m"/sandboxes/{id}/public-ports" [3mmethod[0m[2m=[0m"GET" [3mprincipal[0m[2m=[0m"scoped" [3mkey_id[0m[2m=[0m"0616e04db298e59a" [3mallowed[0m[2m=[0mtrue [3mstatus[0m[2m=[0m403 [3melapsed_ms[0m[2m=[0m0.183393
[2m2026-10-04T03:01:03.941169Z[0m [32m INFO[0m [2mhv2_cluster::access[0m[2m:[0m control-plane access started [3mrequest_id[0m[2m=[0mae479b39-a274-4808-af4f-aaf723728a89 [3mroute[0m[2m=[0m"/sandboxes/{id}/public-ports" [3mmethod[0m[2m=[0m"GET" [3mprincipal[0m[2m=[0m"scoped" [3mkey_id[0m[2m=[0m"0616e04db298e59a"
[2m2026-10-04T03:01:03.941323Z[0m [32m INFO[0m [2mhv2_cluster::access[0m[2m:[0m control-plane access completed [3mrequest_id[0m[2m=[0mae479b39-a274-4808-af4f-aaf723728a89 [3mroute[0m[2m=[0m"/sandboxes/{id}/public-ports" [3mmethod[0m[2m=[0m"GET" [3mprincipal[0m[2m=[0m"scoped" [3mkey_id[0m[2m=[0m"0616e04db298e59a" [3mallowed[0m[2m=[0mtrue [3mstatus[0m[2m=[0m403 [3melapsed_ms[0m[2m=[0m0.15888799999999997
[2m2026-10-04T03:01:03.946804Z[0m [32m INFO[0m [2mhv2_cluster::access[0m[2m:[0m control-plane access started [3mrequest_id[0m[2m=[0me4e0654f-6025-46ee-b48f-7b6751e960ba [3mroute[0m[2m=[0m"/sandboxes/{id}/public-ports/{port}" [3mmethod[0m[2m=[0m"DELETE" [3mprincipal[0m[2m=[0m"scoped" [3mkey_id[0m[2m=[0m"0616e04db298e59a"
[2m2026-10-04T03:01:03.947032Z[0m [32m INFO[0m [2mhv2_cluster::access[0m[2m:[0m control-plane access completed [3mrequest_id[0m[2m=[0me4e0654f-6025-46ee-b48f-7b6751e960ba [3mroute[0m[2m=[0m"/sandboxes/{id}/public-ports/{port}" [3mmethod[0m[2m=[0m"DELETE" [3mprincipal[0m[2m=[0m"scoped" [3mkey_id[0m[2m=[0m"0616e04db298e59a" [3mallowed[0m[2m=[0mtrue [3mstatus[0m[2m=[0m403 [3melapsed_ms[0m[2m=[0m0.23405900000000002
[2m2026-10-04T03:01:03.949519Z[0m [32m INFO[0m [2mhv2_cluster::access[0m[2m:[0m control-plane access started [3mrequest_id[0m[2m=[0md28e532a-fd27-4814-8c3d-f390121ffa9a [3mroute[0m[2m=[0m"/sandboxes/{id}/public-ports/{port}" [3mmethod[0m[2m=[0m"DELETE" [3mprincipal[0m[2m=[0m"scoped" [3mkey_id[0m[2m=[0m"0616e04db298e59a"
[2m2026-10-04T03:01:03.949654Z[0m [32m INFO[0m [2mhv2_cluster::access[0m[2m:[0m control-plane access completed [3mrequest_id[0m[2m=[0md28e532a-fd27-4814-8c3d-f390121ffa9a [3mroute[0m[2m=[0m"/sandboxes/{id}/public-ports/{port}" [3mmethod[0m[2m=[0m"DELETE" [3mprincipal[0m[2m=[0m"scoped" [3mkey_id[0m[2m=[0m"0616e04db298e59a" [3mallowed[0m[2m=[0mtrue [3mstatus[0m[2m=[0m403 [3melapsed_ms[0m[2m=[0m0.139431
[2m2026-10-04T03:01:03.950651Z[0m [32m INFO[0m [2mhv2_cluster::access[0m[2m:[0m control-plane access started [3mrequest_id[0m[2m=[0m83e42f69-bffd-4fb0-981e-527257bbe363 [3mroute[0m[2m=[0m"/sandboxes/{id}" [3mmethod[0m[2m=[0m"DELETE" [3mprincipal[0m[2m=[0m"scoped" [3mkey_id[0m[2m=[0m"0616e04db298e59a"
[2m2026-10-04T03:01:03.951155Z[0m [32m INFO[0m [2mhv2_core::vm[0m[2m:[0m vCPU 0 task exited (exits=127)
[2m2026-10-04T03:01:03.951226Z[0m [32m INFO[0m [2mhv2_core::vm[0m[2m:[0m VM parallel execution completed for 'sbx-5f632f3a826f420696ad'
[2m2026-10-04T03:01:03.951236Z[0m [32m INFO[0m [2mhv2_core::vm[0m[2m:[0m VM 'sbx-5f632f3a826f420696ad' stopped
[2m2026-10-04T03:01:03.989878Z[0m [32m INFO[0m [2mhv2_cluster::access[0m[2m:[0m control-plane access completed [3mrequest_id[0m[2m=[0m83e42f69-bffd-4fb0-981e-527257bbe363 [3mroute[0m[2m=[0m"/sandboxes/{id}" [3mmethod[0m[2m=[0m"DELETE" [3mprincipal[0m[2m=[0m"scoped" [3mkey_id[0m[2m=[0m"0616e04db298e59a" [3mallowed[0m[2m=[0mtrue [3mstatus[0m[2m=[0m204 [3melapsed_ms[0m[2m=[0m39.229958
[2m2026-10-04T03:01:03.996106Z[0m [32m INFO[0m [2mhv2_cluster::access[0m[2m:[0m control-plane access started [3mrequest_id[0m[2m=[0mb6fb6db5-4463-4a2f-b3da-230ebab83493 [3mroute[0m[2m=[0m"/sandboxes/{id}/public-ports/{port}" [3mmethod[0m[2m=[0m"PUT" [3mprincipal[0m[2m=[0m"scoped" [3mkey_id[0m[2m=[0m"0616e04db298e59a"
[2m2026-10-04T03:01:03.996376Z[0m [32m INFO[0m [2mhv2_cluster::access[0m[2m:[0m control-plane access completed [3mrequest_id[0m[2m=[0mb6fb6db5-4463-4a2f-b3da-230ebab83493 [3mroute[0m[2m=[0m"/sandboxes/{id}/public-ports/{port}" [3mmethod[0m[2m=[0m"PUT" [3mprincipal[0m[2m=[0m"scoped" [3mkey_id[0m[2m=[0m"0616e04db298e59a" [3mallowed[0m[2m=[0mtrue [3mstatus[0m[2m=[0m202 [3melapsed_ms[0m[2m=[0m0.279534
native gateway started
[2m2026-10-04T03:01:04.425938Z[0m [32m INFO[0m [2mhv2_cluster::access[0m[2m:[0m control-plane access started [3mrequest_id[0m[2m=[0mfb290d74-7a43-44ad-8e23-ff44189b901d [3mroute[0m[2m=[0m"/sandboxes/{id}/ports/{port}/udp" [3mmethod[0m[2m=[0m"GET" [3mprincipal[0m[2m=[0m"scoped" [3mkey_id[0m[2m=[0m"0616e04db298e59a"
[2m2026-10-04T03:01:04.425951Z[0m [32m INFO[0m [2mhv2_cluster::access[0m[2m:[0m control-plane access started [3mrequest_id[0m[2m=[0m6be10e3d-e6ae-4ef1-a865-e29284285ff6 [3mroute[0m[2m=[0m"/sandboxes/{id}/ports/{port}/udp" [3mmethod[0m[2m=[0m"GET" [3mprincipal[0m[2m=[0m"scoped" [3mkey_id[0m[2m=[0m"0616e04db298e59a"
[2m2026-10-04T03:01:04.426111Z[0m [32m INFO[0m [2mhv2_cluster::access[0m[2m:[0m control-plane access started [3mrequest_id[0m[2m=[0mf23c6491-559d-4bc4-a1df-2abe8fa4a140 [3mroute[0m[2m=[0m"/sandboxes/{id}/ports/{port}/udp" [3mmethod[0m[2m=[0m"GET" [3mprincipal[0m[2m=[0m"scoped" [3mkey_id[0m[2m=[0m"0616e04db298e59a"
[2m2026-10-04T03:01:04.426826Z[0m [32m INFO[0m [2mhv2_cluster::access[0m[2m:[0m control-plane access started [3mrequest_id[0m[2m=[0m68222fb7-042c-4c92-bf6c-6ebbb4117e16 [3mroute[0m[2m=[0m"/sandboxes/{id}/ports/{port}/udp" [3mmethod[0m[2m=[0m"GET" [3mprincipal[0m[2m=[0m"scoped" [3mkey_id[0m[2m=[0m"0616e04db298e59a"
[2m2026-10-04T03:01:04.426834Z[0m [32m INFO[0m [2mhv2_cluster::access[0m[2m:[0m control-plane access started [3mrequest_id[0m[2m=[0meab93a51-5729-44d0-bf9b-07ea5a473d0e [3mroute[0m[2m=[0m"/sandboxes/{id}/ports/{port}/udp" [3mmethod[0m[2m=[0m"GET" [3mprincipal[0m[2m=[0m"scoped" [3mkey_id[0m[2m=[0m"0616e04db298e59a"
[2m2026-10-04T03:01:04.427136Z[0m [32m INFO[0m [2mhv2_cluster::access[0m[2m:[0m control-plane access started [3mrequest_id[0m[2m=[0m45979453-60e7-470c-acb5-c72a57323e4d [3mroute[0m[2m=[0m"/sandboxes/{id}/ports/{port}/udp" [3mmethod[0m[2m=[0m"GET" [3mprincipal[0m[2m=[0m"scoped" [3mkey_id[0m[2m=[0m"0616e04db298e59a"
[2m2026-10-04T03:01:04.427367Z[0m [32m INFO[0m [2mhv2_cluster::access[0m[2m:[0m control-plane access started [3mrequest_id[0m[2m=[0m72159bd6-0f70-4b0f-b045-762c0667a3cf [3mroute[0m[2m=[0m"/sandboxes/{id}/ports/{port}/udp" [3mmethod[0m[2m=[0m"GET" [3mprincipal[0m[2m=[0m"scoped" [3mkey_id[0m[2m=[0m"0616e04db298e59a"
[2m2026-10-04T03:01:04.427741Z[0m [32m INFO[0m [2mhv2_cluster::access[0m[2m:[0m control-plane access started [3mrequest_id[0m[2m=[0m6e715fef-dc1b-4612-b711-a0ac395450b8 [3mroute[0m[2m=[0m"/sandboxes/{id}/ports/{port}/udp" [3mmethod[0m[2m=[0m"GET" [3mprincipal[0m[2m=[0m"scoped" [3mkey_id[0m[2m=[0m"0616e04db298e59a"
[2m2026-10-04T03:01:04.456024Z[0m [32m INFO[0m [2mhv2_cluster::access[0m[2m:[0m control-plane access completed [3mrequest_id[0m[2m=[0mf23c6491-559d-4bc4-a1df-2abe8fa4a140 [3mroute[0m[2m=[0m"/sandboxes/{id}/ports/{port}/udp" [3mmethod[0m[2m=[0m"GET" [3mprincipal[0m[2m=[0m"scoped" [3mkey_id[0m[2m=[0m"0616e04db298e59a" [3mallowed[0m[2m=[0mtrue [3mstatus[0m[2m=[0m101 [3melapsed_ms[0m[2m=[0m29.918024000000003
[2m2026-10-04T03:01:04.457627Z[0m [32m INFO[0m [2mhv2_cluster::access[0m[2m:[0m control-plane access completed [3mrequest_id[0m[2m=[0m45979453-60e7-470c-acb5-c72a57323e4d [3mroute[0m[2m=[0m"/sandboxes/{id}/ports/{port}/udp" [3mmethod[0m[2m=[0m"GET" [3mprincipal[0m[2m=[0m"scoped" [3mkey_id[0m[2m=[0m"0616e04db298e59a" [3mallowed[0m[2m=[0mtrue [3mstatus[0m[2m=[0m101 [3melapsed_ms[0m[2m=[0m30.496288
[2m2026-10-04T03:01:04.459387Z[0m [32m INFO[0m [2mhv2_cluster::access[0m[2m:[0m control-plane access completed [3mrequest_id[0m[2m=[0m72159bd6-0f70-4b0f-b045-762c0667a3cf [3mroute[0m[2m=[0m"/sandboxes/{id}/ports/{port}/udp" [3mmethod[0m[2m=[0m"GET" [3mprincipal[0m[2m=[0m"scoped" [3mkey_id[0m[2m=[0m"0616e04db298e59a" [3mallowed[0m[2m=[0mtrue [3mstatus[0m[2m=[0m101 [3melapsed_ms[0m[2m=[0m32.021725
[2m2026-10-04T03:01:04.461198Z[0m [32m INFO[0m [2mhv2_cluster::access[0m[2m:[0m control-plane access completed [3mrequest_id[0m[2m=[0meab93a51-5729-44d0-bf9b-07ea5a473d0e [3mroute[0m[2m=[0m"/sandboxes/{id}/ports/{port}/udp" [3mmethod[0m[2m=[0m"GET" [3mprincipal[0m[2m=[0m"scoped" [3mkey_id[0m[2m=[0m"0616e04db298e59a" [3mallowed[0m[2m=[0mtrue [3mstatus[0m[2m=[0m101 [3melapsed_ms[0m[2m=[0m34.369647
[2m2026-10-04T03:01:04.463401Z[0m [32m INFO[0m [2mhv2_cluster::access[0m[2m:[0m control-plane access completed [3mrequest_id[0m[2m=[0m68222fb7-042c-4c92-bf6c-6ebbb4117e16 [3mroute[0m[2m=[0m"/sandboxes/{id}/ports/{port}/udp" [3mmethod[0m[2m=[0m"GET" [3mprincipal[0m[2m=[0m"scoped" [3mkey_id[0m[2m=[0m"0616e04db298e59a" [3mallowed[0m[2m=[0mtrue [3mstatus[0m[2m=[0m101 [3melapsed_ms[0m[2m=[0m36.578782
[2m2026-10-04T03:01:04.465311Z[0m [32m INFO[0m [2mhv2_cluster::access[0m[2m:[0m control-plane access completed [3mrequest_id[0m[2m=[0m6e715fef-dc1b-4612-b711-a0ac395450b8 [3mroute[0m[2m=[0m"/sandboxes/{id}/ports/{port}/udp" [3mmethod[0m[2m=[0m"GET" [3mprincipal[0m[2m=[0m"scoped" [3mkey_id[0m[2m=[0m"0616e04db298e59a" [3mallowed[0m[2m=[0mtrue [3mstatus[0m[2m=[0m101 [3melapsed_ms[0m[2m=[0m37.575155
[2m2026-10-04T03:01:04.467776Z[0m [32m INFO[0m [2mhv2_cluster::access[0m[2m:[0m control-plane access completed [3mrequest_id[0m[2m=[0mfb290d74-7a43-44ad-8e23-ff44189b901d [3mroute[0m[2m=[0m"/sandboxes/{id}/ports/{port}/udp" [3mmethod[0m[2m=[0m"GET" [3mprincipal[0m[2m=[0m"scoped" [3mkey_id[0m[2m=[0m"0616e04db298e59a" [3mallowed[0m[2m=[0mtrue [3mstatus[0m[2m=[0m101 [3melapsed_ms[0m[2m=[0m41.849326
[2m2026-10-04T03:01:04.469760Z[0m [32m INFO[0m [2mhv2_cluster::access[0m[2m:[0m control-plane access completed [3mrequest_id[0m[2m=[0m6be10e3d-e6ae-4ef1-a865-e29284285ff6 [3mroute[0m[2m=[0m"/sandboxes/{id}/ports/{port}/udp" [3mmethod[0m[2m=[0m"GET" [3mprincipal[0m[2m=[0m"scoped" [3mkey_id[0m[2m=[0m"0616e04db298e59a" [3mallowed[0m[2m=[0mtrue [3mstatus[0m[2m=[0m101 [3melapsed_ms[0m[2m=[0m43.816366
[2m2026-10-04T03:01:13.863717Z[0m [32m INFO[0m [2mhv2_cluster::access[0m[2m:[0m control-plane access started [3mrequest_id[0m[2m=[0m6b74bc70-a7c9-4296-87a6-0d841f23c97b [3mroute[0m[2m=[0m"/sandboxes/{id}/fork" [3mmethod[0m[2m=[0m"POST" [3mprincipal[0m[2m=[0m"scoped" [3mkey_id[0m[2m=[0m"0616e04db298e59a"
[2m2026-10-04T03:01:13.864429Z[0m [32m INFO[0m [2mhv2_core::vm[0m[2m:[0m VM 'sbx-d91fae76de6a4213bed5' paused
[2m2026-10-04T03:01:13.871009Z[0m [32m INFO[0m [2mhv2_core::vm[0m[2m:[0m VM 'sbx-d91fae76de6a4213bed5' snapshotted to /tmp/hm-udp-kvm-j4g_rzr9/snapshots/paused/sbx-d91fae76de6a4213bed5-fork-fb76bb6dfc8c43f18351e4d5b5cf7697.snap
[2m2026-10-04T03:01:13.871057Z[0m [32m INFO[0m [2mhv2_core::vm[0m[2m:[0m VM 'sbx-d91fae76de6a4213bed5' resumed
[2m2026-10-04T03:01:13.871123Z[0m [32m INFO[0m [2mhv2_core::hypervisor[0m[2m:[0m Detected hypervisor platform: Kvm
[2m2026-10-04T03:01:13.871147Z[0m [32m INFO[0m [2mhv2_core::hypervisor[0m[2m:[0m Detected hypervisor platform: Kvm
[2m2026-10-04T03:01:13.871376Z[0m [32m INFO[0m [2mhv2_core::vm[0m[2m:[0m VM 'sbx-921651f1dd6b4a37ba62': vsock device attached at 0xd0000000 (guest CID 100, IRQ 5)
[2m2026-10-04T03:01:13.871383Z[0m [32m INFO[0m [2mhv2_core::devices::serial[0m[2m:[0m Initializing serial device 'COM1' at 0x3F8
[2m2026-10-04T03:01:13.871437Z[0m [32m INFO[0m [2mhv2_core::vm[0m[2m:[0m VM 'sbx-75115d7cd43943a5bfe1': vsock device attached at 0xd0000000 (guest CID 100, IRQ 5)
[2m2026-10-04T03:01:13.871443Z[0m [32m INFO[0m [2mhv2_core::devices::serial[0m[2m:[0m Initializing serial device 'COM1' at 0x3F8
[2m2026-10-04T03:01:13.872433Z[0m [32m INFO[0m [2mhv2_core::vm[0m[2m:[0m Provisioned VM 'sbx-921651f1dd6b4a37ba62' on the Kvm backend (1 vCPUs, 1024 MiB)
[2m2026-10-04T03:01:13.872438Z[0m [32m INFO[0m [2mhv2_core::vm[0m[2m:[0m Provisioned VM 'sbx-75115d7cd43943a5bfe1' on the Kvm backend (1 vCPUs, 1024 MiB)
[2m2026-10-04T03:01:13.880300Z[0m [32m INFO[0m [2mhv2_core::vm[0m[2m:[0m VM 'sbx-75115d7cd43943a5bfe1' restored from /tmp/hm-udp-kvm-j4g_rzr9/snapshots/paused/sbx-d91fae76de6a4213bed5-fork-fb76bb6dfc8c43f18351e4d5b5cf7697.snap
[2m2026-10-04T03:01:13.880338Z[0m [32m INFO[0m [2mhv2_core::vm[0m[2m:[0m Starting VM 'sbx-75115d7cd43943a5bfe1' with 1 vCPUs and 1 GB memory (parallel=true)
[2m2026-10-04T03:01:13.880300Z[0m [32m INFO[0m [2mhv2_core::vm[0m[2m:[0m VM 'sbx-921651f1dd6b4a37ba62' restored from /tmp/hm-udp-kvm-j4g_rzr9/snapshots/paused/sbx-d91fae76de6a4213bed5-fork-fb76bb6dfc8c43f18351e4d5b5cf7697.snap
[2m2026-10-04T03:01:13.880353Z[0m [32m INFO[0m [2mhv2_core::vm[0m[2m:[0m Starting VM 'sbx-921651f1dd6b4a37ba62' with 1 vCPUs and 1 GB memory (parallel=true)
[2m2026-10-04T03:01:13.880442Z[0m [32m INFO[0m [2mhv2_core::vm[0m[2m:[0m Starting VM execution for 'sbx-921651f1dd6b4a37ba62' with 1 vCPUs
[2m2026-10-04T03:01:13.880448Z[0m [32m INFO[0m [2mhv2_core::vm[0m[2m:[0m Starting parallel execution with 1 vCPU tasks
[2m2026-10-04T03:01:13.880504Z[0m [32m INFO[0m [2mhv2_core::vm[0m[2m:[0m Starting VM execution for 'sbx-75115d7cd43943a5bfe1' with 1 vCPUs
[2m2026-10-04T03:01:13.880511Z[0m [32m INFO[0m [2mhv2_core::vm[0m[2m:[0m Starting parallel execution with 1 vCPU tasks
[2m2026-10-04T03:01:13.880601Z[0m [32m INFO[0m [2mhv2_core::vm[0m[2m:[0m vCPU 0 task started
[2m2026-10-04T03:01:13.880658Z[0m [32m INFO[0m [2mhv2_core::vm[0m[2m:[0m vCPU 0 task started
[2m2026-10-04T03:01:13.888317Z[0m [32m INFO[0m [2mhv2_cluster::access[0m[2m:[0m control-plane access completed [3mrequest_id[0m[2m=[0m6b74bc70-a7c9-4296-87a6-0d841f23c97b [3mroute[0m[2m=[0m"/sandboxes/{id}/fork" [3mmethod[0m[2m=[0m"POST" [3mprincipal[0m[2m=[0m"scoped" [3mkey_id[0m[2m=[0m"0616e04db298e59a" [3mallowed[0m[2m=[0mtrue [3mstatus[0m[2m=[0m201 [3melapsed_ms[0m[2m=[0m24.611869000000002
[2m2026-10-04T03:01:13.897407Z[0m [32m INFO[0m [2mhv2_cluster::access[0m[2m:[0m control-plane access started [3mrequest_id[0m[2m=[0ma4b35d55-baa4-4195-8f3e-a0eaff760026 [3mroute[0m[2m=[0m"/sandboxes/{id}" [3mmethod[0m[2m=[0m"DELETE" [3mprincipal[0m[2m=[0m"scoped" [3mkey_id[0m[2m=[0m"0616e04db298e59a"
[2m2026-10-04T03:01:13.897887Z[0m [32m INFO[0m [2mhv2_core::vm[0m[2m:[0m vCPU 0 task exited (exits=18)
[2m2026-10-04T03:01:13.897946Z[0m [32m INFO[0m [2mhv2_core::vm[0m[2m:[0m VM parallel execution completed for 'sbx-75115d7cd43943a5bfe1'
[2m2026-10-04T03:01:13.897954Z[0m [32m INFO[0m [2mhv2_core::vm[0m[2m:[0m VM 'sbx-75115d7cd43943a5bfe1' stopped
[2m2026-10-04T03:01:13.949857Z[0m [32m INFO[0m [2mhv2_cluster::access[0m[2m:[0m control-plane access completed [3mrequest_id[0m[2m=[0ma4b35d55-baa4-4195-8f3e-a0eaff760026 [3mroute[0m[2m=[0m"/sandboxes/{id}" [3mmethod[0m[2m=[0m"DELETE" [3mprincipal[0m[2m=[0m"scoped" [3mkey_id[0m[2m=[0m"0616e04db298e59a" [3mallowed[0m[2m=[0mtrue [3mstatus[0m[2m=[0m204 [3melapsed_ms[0m[2m=[0m52.457993
[2m2026-10-04T03:01:13.958856Z[0m [32m INFO[0m [2mhv2_cluster::access[0m[2m:[0m control-plane access started [3mrequest_id[0m[2m=[0md369f486-4d9b-4f56-acee-4be85dcf5263 [3mroute[0m[2m=[0m"/sandboxes/{id}" [3mmethod[0m[2m=[0m"DELETE" [3mprincipal[0m[2m=[0m"scoped" [3mkey_id[0m[2m=[0m"0616e04db298e59a"
[2m2026-10-04T03:01:13.959529Z[0m [32m INFO[0m [2mhv2_core::vm[0m[2m:[0m vCPU 0 task exited (exits=30)
[2m2026-10-04T03:01:13.959605Z[0m [32m INFO[0m [2mhv2_core::vm[0m[2m:[0m VM parallel execution completed for 'sbx-921651f1dd6b4a37ba62'
[2m2026-10-04T03:01:13.959615Z[0m [32m INFO[0m [2mhv2_core::vm[0m[2m:[0m VM 'sbx-921651f1dd6b4a37ba62' stopped
[2m2026-10-04T03:01:13.989815Z[0m [32m INFO[0m [2mhv2_cluster::access[0m[2m:[0m control-plane access completed [3mrequest_id[0m[2m=[0md369f486-4d9b-4f56-acee-4be85dcf5263 [3mroute[0m[2m=[0m"/sandboxes/{id}" [3mmethod[0m[2m=[0m"DELETE" [3mprincipal[0m[2m=[0m"scoped" [3mkey_id[0m[2m=[0m"0616e04db298e59a" [3mallowed[0m[2m=[0mtrue [3mstatus[0m[2m=[0m204 [3melapsed_ms[0m[2m=[0m30.973514
[2m2026-10-04T03:01:14.002718Z[0m [32m INFO[0m [2mhv2_cluster::access[0m[2m:[0m control-plane access started [3mrequest_id[0m[2m=[0m9bce5c61-4b4e-4aff-a04a-4e939e66780c [3mroute[0m[2m=[0m"/sandboxes/{id}/public-ports/{port}" [3mmethod[0m[2m=[0m"PUT" [3mprincipal[0m[2m=[0m"scoped" [3mkey_id[0m[2m=[0m"0616e04db298e59a"
[2m2026-10-04T03:01:14.002968Z[0m [32m INFO[0m [2mhv2_cluster::access[0m[2m:[0m control-plane access completed [3mrequest_id[0m[2m=[0m9bce5c61-4b4e-4aff-a04a-4e939e66780c [3mroute[0m[2m=[0m"/sandboxes/{id}/public-ports/{port}" [3mmethod[0m[2m=[0m"PUT" [3mprincipal[0m[2m=[0m"scoped" [3mkey_id[0m[2m=[0m"0616e04db298e59a" [3mallowed[0m[2m=[0mtrue [3mstatus[0m[2m=[0m202 [3melapsed_ms[0m[2m=[0m0.260831
[2m2026-10-04T03:01:14.031784Z[0m [32m INFO[0m [2mhv2_cluster::access[0m[2m:[0m control-plane access started [3mrequest_id[0m[2m=[0ma0aa29cb-b3c1-474e-84a4-b794c2077d16 [3mroute[0m[2m=[0m"/sandboxes/{id}/public-ports/{port}" [3mmethod[0m[2m=[0m"PUT" [3mprincipal[0m[2m=[0m"scoped" [3mkey_id[0m[2m=[0m"0616e04db298e59a"
[2m2026-10-04T03:01:14.032066Z[0m [32m INFO[0m [2mhv2_cluster::access[0m[2m:[0m control-plane access completed [3mrequest_id[0m[2m=[0ma0aa29cb-b3c1-474e-84a4-b794c2077d16 [3mroute[0m[2m=[0m"/sandboxes/{id}/public-ports/{port}" [3mmethod[0m[2m=[0m"PUT" [3mprincipal[0m[2m=[0m"scoped" [3mkey_id[0m[2m=[0m"0616e04db298e59a" [3mallowed[0m[2m=[0mtrue [3mstatus[0m[2m=[0m202 [3melapsed_ms[0m[2m=[0m0.29400200000000004
[2m2026-10-04T03:01:14.063387Z[0m [32m INFO[0m [2mhv2_cluster::access[0m[2m:[0m control-plane access started [3mrequest_id[0m[2m=[0me13635bd-3b62-4fcf-87fb-53d09ac038b4 [3mroute[0m[2m=[0m"/sandboxes/{id}/public-ports" [3mmethod[0m[2m=[0m"GET" [3mprincipal[0m[2m=[0m"scoped" [3mkey_id[0m[2m=[0m"0616e04db298e59a"
[2m2026-10-04T03:01:14.063610Z[0m [32m INFO[0m [2mhv2_cluster::access[0m[2m:[0m control-plane access completed [3mrequest_id[0m[2m=[0me13635bd-3b62-4fcf-87fb-53d09ac038b4 [3mroute[0m[2m=[0m"/sandboxes/{id}/public-ports" [3mmethod[0m[2m=[0m"GET" [3mprincipal[0m[2m=[0m"scoped" [3mkey_id[0m[2m=[0m"0616e04db298e59a" [3mallowed[0m[2m=[0mtrue [3mstatus[0m[2m=[0m200 [3melapsed_ms[0m[2m=[0m0.235712
[2m2026-10-04T03:01:14.065810Z[0m [32m INFO[0m [2mhv2_cluster::access[0m[2m:[0m control-plane access started [3mrequest_id[0m[2m=[0m970d02f9-aea2-4856-b4d3-01678077e11d [3mroute[0m[2m=[0m"/sandboxes/{id}/public-ports/{port}" [3mmethod[0m[2m=[0m"PUT" [3mprincipal[0m[2m=[0m"scoped" [3mkey_id[0m[2m=[0m"0616e04db298e59a"
[2m2026-10-04T03:01:14.066038Z[0m [32m INFO[0m [2mhv2_cluster::access[0m[2m:[0m control-plane access completed [3mrequest_id[0m[2m=[0m970d02f9-aea2-4856-b4d3-01678077e11d [3mroute[0m[2m=[0m"/sandboxes/{id}/public-ports/{port}" [3mmethod[0m[2m=[0m"PUT" [3mprincipal[0m[2m=[0m"scoped" [3mkey_id[0m[2m=[0m"0616e04db298e59a" [3mallowed[0m[2m=[0mtrue [3mstatus[0m[2m=[0m503 [3melapsed_ms[0m[2m=[0m0.236453
[2m2026-10-04T03:01:14.067156Z[0m [32m INFO[0m [2mhv2_cluster::access[0m[2m:[0m control-plane access started [3mrequest_id[0m[2m=[0m2b5c3ee4-566f-46d6-8cd7-7b3e7fd98e6a [3mroute[0m[2m=[0m"/sandboxes/{id}/public-ports/{port}" [3mmethod[0m[2m=[0m"PUT" [3mprincipal[0m[2m=[0m"scoped" [3mkey_id[0m[2m=[0m"0616e04db298e59a"
[2m2026-10-04T03:01:14.067184Z[0m [32m INFO[0m [2mhv2_cluster::access[0m[2m:[0m control-plane access completed [3mrequest_id[0m[2m=[0m2b5c3ee4-566f-46d6-8cd7-7b3e7fd98e6a [3mroute[0m[2m=[0m"/sandboxes/{id}/public-ports/{port}" [3mmethod[0m[2m=[0m"PUT" [3mprincipal[0m[2m=[0m"scoped" [3mkey_id[0m[2m=[0m"0616e04db298e59a" [3mallowed[0m[2m=[0mtrue [3mstatus[0m[2m=[0m400 [3melapsed_ms[0m[2m=[0m0.034234
hv2-control-plane: API key policies reloaded
[2m2026-10-04T03:01:14.068295Z[0m [32m INFO[0m [2mhv2_cluster::access[0m[2m:[0m control-plane access started [3mrequest_id[0m[2m=[0mc76ee750-4cf8-4cae-a3bc-74b77adbf983 [3mroute[0m[2m=[0m"/sandboxes/{id}/public-ports" [3mmethod[0m[2m=[0m"GET" [3mprincipal[0m[2m=[0m"scoped" [3mkey_id[0m[2m=[0m"8c12c8805ec45524"
[2m2026-10-04T03:01:14.068453Z[0m [32m INFO[0m [2mhv2_cluster::access[0m[2m:[0m control-plane access completed [3mrequest_id[0m[2m=[0mc76ee750-4cf8-4cae-a3bc-74b77adbf983 [3mroute[0m[2m=[0m"/sandboxes/{id}/public-ports" [3mmethod[0m[2m=[0m"GET" [3mprincipal[0m[2m=[0m"scoped" [3mkey_id[0m[2m=[0m"8c12c8805ec45524" [3mallowed[0m[2m=[0mtrue [3mstatus[0m[2m=[0m200 [3melapsed_ms[0m[2m=[0m0.163336
[2m2026-10-04T03:01:14.069881Z[0m [32m INFO[0m [2mhv2_cluster::access[0m[2m:[0m control-plane access completed [3mrequest_id[0m[2m=[0mcde4282c-f666-4010-8949-7bc39ec644cb [3mroute[0m[2m=[0m"/sandboxes/{id}/public-ports" [3mmethod[0m[2m=[0m"GET" [3mprincipal[0m[2m=[0m"unauthenticated" [3mkey_id[0m[2m=[0m"none" [3mallowed[0m[2m=[0mfalse [3mstatus[0m[2m=[0m401 [3melapsed_ms[0m[2m=[0m0.0065320000000000005
[2m2026-10-04T03:01:14.075596Z[0m [32m INFO[0m [2mhv2_cluster::access[0m[2m:[0m control-plane access completed [3mrequest_id[0m[2m=[0mda9fc700-546d-4c16-a656-e0a1edc381ed [3mroute[0m[2m=[0m"/sandboxes/{id}/public-ports" [3mmethod[0m[2m=[0m"GET" [3mprincipal[0m[2m=[0m"unauthenticated" [3mkey_id[0m[2m=[0m"none" [3mallowed[0m[2m=[0mfalse [3mstatus[0m[2m=[0m401 [3melapsed_ms[0m[2m=[0m0.005911
[2m2026-10-04T03:01:14.082249Z[0m [32m INFO[0m [2mhv2_cluster::access[0m[2m:[0m control-plane access started [3mrequest_id[0m[2m=[0m2fd20f7f-0f54-4b9a-8ccd-9bd1dff632be [3mroute[0m[2m=[0m"/sandboxes/{id}/public-ports" [3mmethod[0m[2m=[0m"GET" [3mprincipal[0m[2m=[0m"scoped" [3mkey_id[0m[2m=[0m"8c12c8805ec45524"
[2m2026-10-04T03:01:14.082439Z[0m [32m INFO[0m [2mhv2_cluster::access[0m[2m:[0m control-plane access completed [3mrequest_id[0m[2m=[0m2fd20f7f-0f54-4b9a-8ccd-9bd1dff632be [3mroute[0m[2m=[0m"/sandboxes/{id}/public-ports" [3mmethod[0m[2m=[0m"GET" [3mprincipal[0m[2m=[0m"scoped" [3mkey_id[0m[2m=[0m"8c12c8805ec45524" [3mallowed[0m[2m=[0mtrue [3mstatus[0m[2m=[0m200 [3melapsed_ms[0m[2m=[0m0.194485
[2m2026-10-04T03:01:14.095072Z[0m [32m INFO[0m [2mhv2_cluster::access[0m[2m:[0m control-plane access started [3mrequest_id[0m[2m=[0m472f359c-b2d2-4fa4-bf66-ed310ffbd540 [3mroute[0m[2m=[0m"/sandboxes/{id}/public-ports/{port}" [3mmethod[0m[2m=[0m"DELETE" [3mprincipal[0m[2m=[0m"scoped" [3mkey_id[0m[2m=[0m"8c12c8805ec45524"
[2m2026-10-04T03:01:14.095271Z[0m [32m INFO[0m [2mhv2_cluster::access[0m[2m:[0m control-plane access completed [3mrequest_id[0m[2m=[0m472f359c-b2d2-4fa4-bf66-ed310ffbd540 [3mroute[0m[2m=[0m"/sandboxes/{id}/public-ports/{port}" [3mmethod[0m[2m=[0m"DELETE" [3mprincipal[0m[2m=[0m"scoped" [3mkey_id[0m[2m=[0m"8c12c8805ec45524" [3mallowed[0m[2m=[0mtrue [3mstatus[0m[2m=[0m204 [3melapsed_ms[0m[2m=[0m0.20541600000000002
[2m2026-10-04T03:01:14.104664Z[0m [32m INFO[0m [2mhv2_cluster::access[0m[2m:[0m control-plane access started [3mrequest_id[0m[2m=[0mf3ad45f0-4dab-46a2-9721-816f692a223d [3mroute[0m[2m=[0m"/sandboxes/{id}/public-ports" [3mmethod[0m[2m=[0m"GET" [3mprincipal[0m[2m=[0m"scoped" [3mkey_id[0m[2m=[0m"8c12c8805ec45524"
[2m2026-10-04T03:01:14.104840Z[0m [32m INFO[0m [2mhv2_cluster::access[0m[2m:[0m control-plane access completed [3mrequest_id[0m[2m=[0mf3ad45f0-4dab-46a2-9721-816f692a223d [3mroute[0m[2m=[0m"/sandboxes/{id}/public-ports" [3mmethod[0m[2m=[0m"GET" [3mprincipal[0m[2m=[0m"scoped" [3mkey_id[0m[2m=[0m"8c12c8805ec45524" [3mallowed[0m[2m=[0mtrue [3mstatus[0m[2m=[0m200 [3melapsed_ms[0m[2m=[0m0.180919
[2m2026-10-04T03:01:14.110994Z[0m [32m INFO[0m [2mhv2_cluster::access[0m[2m:[0m control-plane access started [3mrequest_id[0m[2m=[0md51d3834-4780-432f-9fa0-aef4c1d2c3e8 [3mroute[0m[2m=[0m"/sandboxes/{id}/public-ports" [3mmethod[0m[2m=[0m"GET" [3mprincipal[0m[2m=[0m"scoped" [3mkey_id[0m[2m=[0m"8c12c8805ec45524"
[2m2026-10-04T03:01:14.111170Z[0m [32m INFO[0m [2mhv2_cluster::access[0m[2m:[0m control-plane access completed [3mrequest_id[0m[2m=[0md51d3834-4780-432f-9fa0-aef4c1d2c3e8 [3mroute[0m[2m=[0m"/sandboxes/{id}/public-ports" [3mmethod[0m[2m=[0m"GET" [3mprincipal[0m[2m=[0m"scoped" [3mkey_id[0m[2m=[0m"8c12c8805ec45524" [3mallowed[0m[2m=[0mtrue [3mstatus[0m[2m=[0m200 [3melapsed_ms[0m[2m=[0m0.18105000000000002
[2m2026-10-04T03:01:14.117532Z[0m [32m INFO[0m [2mhv2_cluster::access[0m[2m:[0m control-plane access started [3mrequest_id[0m[2m=[0ma510d919-8c3e-4dbd-bc11-6a8b246565eb [3mroute[0m[2m=[0m"/sandboxes/{id}/public-ports/{port}" [3mmethod[0m[2m=[0m"DELETE" [3mprincipal[0m[2m=[0m"scoped" [3mkey_id[0m[2m=[0m"8c12c8805ec45524"
[2m2026-10-04T03:01:14.117700Z[0m [32m INFO[0m [2mhv2_cluster::access[0m[2m:[0m control-plane access completed [3mrequest_id[0m[2m=[0ma510d919-8c3e-4dbd-bc11-6a8b246565eb [3mroute[0m[2m=[0m"/sandboxes/{id}/public-ports/{port}" [3mmethod[0m[2m=[0m"DELETE" [3mprincipal[0m[2m=[0m"scoped" [3mkey_id[0m[2m=[0m"8c12c8805ec45524" [3mallowed[0m[2m=[0mtrue [3mstatus[0m[2m=[0m404 [3melapsed_ms[0m[2m=[0m0.173316
[2m2026-10-04T03:01:14.124725Z[0m [32m INFO[0m [2mhv2_cluster::access[0m[2m:[0m control-plane access started [3mrequest_id[0m[2m=[0m44fd63d6-27ca-4515-8349-677c1dd9dcf4 [3mroute[0m[2m=[0m"/sandboxes/{id}/public-ports/{port}" [3mmethod[0m[2m=[0m"PUT" [3mprincipal[0m[2m=[0m"scoped" [3mkey_id[0m[2m=[0m"8c12c8805ec45524"
[2m2026-10-04T03:01:14.124969Z[0m [32m INFO[0m [2mhv2_cluster::access[0m[2m:[0m control-plane access completed [3mrequest_id[0m[2m=[0m44fd63d6-27ca-4515-8349-677c1dd9dcf4 [3mroute[0m[2m=[0m"/sandboxes/{id}/public-ports/{port}" [3mmethod[0m[2m=[0m"PUT" [3mprincipal[0m[2m=[0m"scoped" [3mkey_id[0m[2m=[0m"8c12c8805ec45524" [3mallowed[0m[2m=[0mtrue [3mstatus[0m[2m=[0m202 [3melapsed_ms[0m[2m=[0m0.24835599999999997
[2m2026-10-04T03:01:14.155575Z[0m [32m INFO[0m [2mhv2_cluster::access[0m[2m:[0m control-plane access started [3mrequest_id[0m[2m=[0m3860160c-a61b-477c-8dad-1fee69899c72 [3mroute[0m[2m=[0m"/sandboxes/{id}/public-ports/{port}" [3mmethod[0m[2m=[0m"PUT" [3mprincipal[0m[2m=[0m"scoped" [3mkey_id[0m[2m=[0m"8c12c8805ec45524"
[2m2026-10-04T03:01:14.155837Z[0m [32m INFO[0m [2mhv2_cluster::access[0m[2m:[0m control-plane access completed [3mrequest_id[0m[2m=[0m3860160c-a61b-477c-8dad-1fee69899c72 [3mroute[0m[2m=[0m"/sandboxes/{id}/public-ports/{port}" [3mmethod[0m[2m=[0m"PUT" [3mprincipal[0m[2m=[0m"scoped" [3mkey_id[0m[2m=[0m"8c12c8805ec45524" [3mallowed[0m[2m=[0mtrue [3mstatus[0m[2m=[0m202 [3melapsed_ms[0m[2m=[0m0.27453500000000003
[2m2026-10-04T03:01:14.170854Z[0m [32m INFO[0m [2mhv2_cluster::access[0m[2m:[0m control-plane access started [3mrequest_id[0m[2m=[0mac3ede8e-82b8-4d37-a2a2-6d2d4518dfc5 [3mroute[0m[2m=[0m"/sandboxes/{id}/ports/{port}/udp" [3mmethod[0m[2m=[0m"GET" [3mprincipal[0m[2m=[0m"scoped" [3mkey_id[0m[2m=[0m"8c12c8805ec45524"
[2m2026-10-04T03:01:14.172629Z[0m [32m INFO[0m [2mhv2_cluster::access[0m[2m:[0m control-plane access completed [3mrequest_id[0m[2m=[0mac3ede8e-82b8-4d37-a2a2-6d2d4518dfc5 [3mroute[0m[2m=[0m"/sandboxes/{id}/ports/{port}/udp" [3mmethod[0m[2m=[0m"GET" [3mprincipal[0m[2m=[0m"scoped" [3mkey_id[0m[2m=[0m"8c12c8805ec45524" [3mallowed[0m[2m=[0mtrue [3mstatus[0m[2m=[0m101 [3melapsed_ms[0m[2m=[0m1.781733
[2m2026-10-04T03:01:14.174420Z[0m [32m INFO[0m [2mhv2_cluster::access[0m[2m:[0m control-plane access started [3mrequest_id[0m[2m=[0m3c0050d2-a34f-4632-a4f4-be57059aba6e [3mroute[0m[2m=[0m"/sandboxes/{id}/pause" [3mmethod[0m[2m=[0m"POST" [3mprincipal[0m[2m=[0m"scoped" [3mkey_id[0m[2m=[0m"8c12c8805ec45524"
[2m2026-10-04T03:01:14.174922Z[0m [32m INFO[0m [2mhv2_core::vm[0m[2m:[0m VM 'sbx-d91fae76de6a4213bed5' paused
[2m2026-10-04T03:01:14.180500Z[0m [32m INFO[0m [2mhv2_core::vm[0m[2m:[0m VM 'sbx-d91fae76de6a4213bed5' snapshotted to /tmp/hm-udp-kvm-j4g_rzr9/snapshots/paused/sbx-d91fae76de6a4213bed5.snap
[2m2026-10-04T03:01:14.180562Z[0m [32m INFO[0m [2mhv2_core::vm[0m[2m:[0m vCPU 0 task exited (exits=121389)
[2m2026-10-04T03:01:14.180627Z[0m [32m INFO[0m [2mhv2_core::vm[0m[2m:[0m VM parallel execution completed for 'sbx-d91fae76de6a4213bed5'
[2m2026-10-04T03:01:14.180636Z[0m [32m INFO[0m [2mhv2_core::vm[0m[2m:[0m VM 'sbx-d91fae76de6a4213bed5' stopped
[2m2026-10-04T03:01:14.233859Z[0m [32m INFO[0m [2mhv2_cluster::access[0m[2m:[0m control-plane access completed [3mrequest_id[0m[2m=[0m3c0050d2-a34f-4632-a4f4-be57059aba6e [3mroute[0m[2m=[0m"/sandboxes/{id}/pause" [3mmethod[0m[2m=[0m"POST" [3mprincipal[0m[2m=[0m"scoped" [3mkey_id[0m[2m=[0m"8c12c8805ec45524" [3mallowed[0m[2m=[0mtrue [3mstatus[0m[2m=[0m204 [3melapsed_ms[0m[2m=[0m59.441028
[2m2026-10-04T03:01:15.182370Z[0m [32m INFO[0m [2mhv2_cluster::access[0m[2m:[0m control-plane access started [3mrequest_id[0m[2m=[0m661d9612-219b-4e59-ae2d-b7762b1e7373 [3mroute[0m[2m=[0m"/sandboxes/{id}/resume" [3mmethod[0m[2m=[0m"POST" [3mprincipal[0m[2m=[0m"scoped" [3mkey_id[0m[2m=[0m"8c12c8805ec45524"
[2m2026-10-04T03:01:15.183188Z[0m [32m INFO[0m [2mhv2_core::hypervisor[0m[2m:[0m Detected hypervisor platform: Kvm
[2m2026-10-04T03:01:15.183445Z[0m [32m INFO[0m [2mhv2_core::vm[0m[2m:[0m VM 'sbx-d91fae76de6a4213bed5': vsock device attached at 0xd0000000 (guest CID 100, IRQ 5)
[2m2026-10-04T03:01:15.183453Z[0m [32m INFO[0m [2mhv2_core::devices::serial[0m[2m:[0m Initializing serial device 'COM1' at 0x3F8
[2m2026-10-04T03:01:15.184780Z[0m [32m INFO[0m [2mhv2_core::vm[0m[2m:[0m Provisioned VM 'sbx-d91fae76de6a4213bed5' on the Kvm backend (1 vCPUs, 1024 MiB)
[2m2026-10-04T03:01:15.191366Z[0m [32m INFO[0m [2mhv2_core::vm[0m[2m:[0m VM 'sbx-d91fae76de6a4213bed5' restored from /tmp/hm-udp-kvm-j4g_rzr9/snapshots/paused/sbx-d91fae76de6a4213bed5.snap
[2m2026-10-04T03:01:15.191386Z[0m [32m INFO[0m [2mhv2_core::vm[0m[2m:[0m Starting VM 'sbx-d91fae76de6a4213bed5' with 1 vCPUs and 1 GB memory (parallel=true)
[2m2026-10-04T03:01:15.191483Z[0m [32m INFO[0m [2mhv2_core::vm[0m[2m:[0m Starting VM execution for 'sbx-d91fae76de6a4213bed5' with 1 vCPUs
[2m2026-10-04T03:01:15.191488Z[0m [32m INFO[0m [2mhv2_core::vm[0m[2m:[0m Starting parallel execution with 1 vCPU tasks
[2m2026-10-04T03:01:15.191665Z[0m [32m INFO[0m [2mhv2_core::vm[0m[2m:[0m vCPU 0 task started
[2m2026-10-04T03:01:15.202384Z[0m [32m INFO[0m [2mhv2_cluster::access[0m[2m:[0m control-plane access completed [3mrequest_id[0m[2m=[0m661d9612-219b-4e59-ae2d-b7762b1e7373 [3mroute[0m[2m=[0m"/sandboxes/{id}/resume" [3mmethod[0m[2m=[0m"POST" [3mprincipal[0m[2m=[0m"scoped" [3mkey_id[0m[2m=[0m"8c12c8805ec45524" [3mallowed[0m[2m=[0mtrue [3mstatus[0m[2m=[0m201 [3melapsed_ms[0m[2m=[0m20.023811
[2m2026-10-04T03:01:15.203898Z[0m [32m INFO[0m [2mhv2_cluster::access[0m[2m:[0m control-plane access started [3mrequest_id[0m[2m=[0m384e7a21-d790-4c3a-8fe5-6617bc6ca675 [3mroute[0m[2m=[0m"/sandboxes/{id}/ports/{port}/udp" [3mmethod[0m[2m=[0m"GET" [3mprincipal[0m[2m=[0m"scoped" [3mkey_id[0m[2m=[0m"8c12c8805ec45524"
[2m2026-10-04T03:01:15.205977Z[0m [32m INFO[0m [2mhv2_cluster::access[0m[2m:[0m control-plane access completed [3mrequest_id[0m[2m=[0m384e7a21-d790-4c3a-8fe5-6617bc6ca675 [3mroute[0m[2m=[0m"/sandboxes/{id}/ports/{port}/udp" [3mmethod[0m[2m=[0m"GET" [3mprincipal[0m[2m=[0m"scoped" [3mkey_id[0m[2m=[0m"8c12c8805ec45524" [3mallowed[0m[2m=[0mtrue [3mstatus[0m[2m=[0m101 [3melapsed_ms[0m[2m=[0m2.090934
[2m2026-10-04T03:01:15.218879Z[0m [32m INFO[0m [2mhv2_cluster::access[0m[2m:[0m control-plane access started [3mrequest_id[0m[2m=[0ma21f740a-e635-42e0-8512-07225a02e9eb [3mroute[0m[2m=[0m"/sandboxes/{id}" [3mmethod[0m[2m=[0m"DELETE" [3mprincipal[0m[2m=[0m"scoped" [3mkey_id[0m[2m=[0m"8c12c8805ec45524"
[2m2026-10-04T03:01:15.219372Z[0m [32m INFO[0m [2mhv2_core::vm[0m[2m:[0m vCPU 0 task exited (exits=93)
[2m2026-10-04T03:01:15.219433Z[0m [32m INFO[0m [2mhv2_core::vm[0m[2m:[0m VM parallel execution completed for 'sbx-d91fae76de6a4213bed5'
[2m2026-10-04T03:01:15.219441Z[0m [32m INFO[0m [2mhv2_core::vm[0m[2m:[0m VM 'sbx-d91fae76de6a4213bed5' stopped
[2m2026-10-04T03:01:15.266164Z[0m [32m INFO[0m [2mhv2_cluster::access[0m[2m:[0m control-plane access completed [3mrequest_id[0m[2m=[0ma21f740a-e635-42e0-8512-07225a02e9eb [3mroute[0m[2m=[0m"/sandboxes/{id}" [3mmethod[0m[2m=[0m"DELETE" [3mprincipal[0m[2m=[0m"scoped" [3mkey_id[0m[2m=[0m"8c12c8805ec45524" [3mallowed[0m[2m=[0mtrue [3mstatus[0m[2m=[0m204 [3melapsed_ms[0m[2m=[0m47.29068
[2m2026-10-04T03:01:16.219656Z[0m [32m INFO[0m [2mhv2_cluster::access[0m[2m:[0m control-plane access started [3mrequest_id[0m[2m=[0mc41508fb-4ff3-4aa9-8015-edb28404fc23 [3mroute[0m[2m=[0m"/sandboxes" [3mmethod[0m[2m=[0m"GET" [3mprincipal[0m[2m=[0m"scoped" [3mkey_id[0m[2m=[0m"8c12c8805ec45524"
[2m2026-10-04T03:01:16.219821Z[0m [32m INFO[0m [2mhv2_cluster::access[0m[2m:[0m control-plane access completed [3mrequest_id[0m[2m=[0mc41508fb-4ff3-4aa9-8015-edb28404fc23 [3mroute[0m[2m=[0m"/sandboxes" [3mmethod[0m[2m=[0m"GET" [3mprincipal[0m[2m=[0m"scoped" [3mkey_id[0m[2m=[0m"8c12c8805ec45524" [3mallowed[0m[2m=[0mtrue [3mstatus[0m[2m=[0m200 [3melapsed_ms[0m[2m=[0m0.177643
[2m2026-10-04T03:01:16.227782Z[0m [32m INFO[0m [2mhv2_api::tls[0m[2m:[0m TLS server shutting down
4538:signal-handler (1791082876) Received SIGTERM scheduling shutdown...
4538:M 03 Oct 2026 20:01:16.242 * User requested shutdown...
4538:M 03 Oct 2026 20:01:16.242 # Redis is now ready to exit, bye bye...
