6765:C 03 Oct 2026 20:01:35.952 # WARNING Memory overcommit must be enabled! Without it, a background save or replication may fail under low memory condition. Being disabled, it can also cause failures without low memory condition, see https://github.com/jemalloc/jemalloc/issues/1328. To fix this issue add 'vm.overcommit_memory = 1' to /etc/sysctl.conf and then reboot or run the command 'sysctl vm.overcommit_memory=1' for this to take effect.
6765:C 03 Oct 2026 20:01:35.952 * oO0OoO0OoO0Oo Redis is starting oO0OoO0OoO0Oo
6765:C 03 Oct 2026 20:01:35.952 * Redis version=8.0.2, bits=64, commit=00000000, modified=0, pid=6765, just started
6765:C 03 Oct 2026 20:01:35.952 * Configuration loaded
6765:M 03 Oct 2026 20:01:35.953 * monotonic clock: POSIX clock_gettime
6765:M 03 Oct 2026 20:01:35.953 * Running mode=standalone, port=39275.
6765:M 03 Oct 2026 20:01:35.954 * Server initialized
6765:M 03 Oct 2026 20:01:35.954 * Ready to accept connections tcp
[2m2026-10-04T03:01:35.976260Z[0m [32m INFO[0m [2mhv2_api::sandbox_proxy[0m[2m:[0m sandbox proxy listening on 0.0.0.0:60347
hv2-control-plane: E2B API on 0.0.0.0:53613, envd proxy on 0.0.0.0:60347, store redis://127.0.0.1:39275
[2m2026-10-04T03:01:35.988012Z[0m [32m INFO[0m [2mhv2_core::hypervisor[0m[2m:[0m Detected hypervisor platform: Kvm
[2m2026-10-04T03:01:35.988331Z[0m [32m INFO[0m [2mhv2_core::vm[0m[2m:[0m VM 'template': vsock device attached at 0xd0000000 (guest CID 100, IRQ 5)
[2m2026-10-04T03:01:35.988338Z[0m [32m INFO[0m [2mhv2_core::devices::serial[0m[2m:[0m Initializing serial device 'COM1' at 0x3F8
[2m2026-10-04T03:01:35.999029Z[0m [32m INFO[0m [2mhv2_core::vm[0m[2m:[0m Provisioned VM 'template' on the Kvm backend (1 vCPUs, 1024 MiB)
[2m2026-10-04T03:01:36.005097Z[0m [32m INFO[0m [2mhv2_core::backends::kvm[0m[2m:[0m KVM: Linux kernel loaded at 0x100000, boot_params at 0x90000
[2m2026-10-04T03:01:36.005133Z[0m [32m INFO[0m [2mhv2_core::vm[0m[2m:[0m VM 'template': loaded linux boot image (15501289 bytes), entry 0x100000
[2m2026-10-04T03:01:36.005138Z[0m [32m INFO[0m [2mhv2_core::vm[0m[2m:[0m Starting VM 'template' with 1 vCPUs and 1 GB memory (parallel=true)
[2m2026-10-04T03:01:36.005358Z[0m [32m INFO[0m [2mhv2_core::vm[0m[2m:[0m Starting VM execution for 'template' with 1 vCPUs
[2m2026-10-04T03:01:36.005367Z[0m [32m INFO[0m [2mhv2_core::vm[0m[2m:[0m Starting parallel execution with 1 vCPU tasks
[2m2026-10-04T03:01:36.005612Z[0m [32m INFO[0m [2mhv2_core::vm[0m[2m:[0m vCPU 0 task started
[2m2026-10-04T03:01:36.025037Z[0m [32m INFO[0m [2mhv2_cluster::access[0m[2m:[0m control-plane access started [3mrequest_id[0m[2m=[0mef31981d-9cea-4089-8586-013ca3ca0cec [3mroute[0m[2m=[0m"/sandboxes" [3mmethod[0m[2m=[0m"GET" [3mprincipal[0m[2m=[0m"scoped" [3mkey_id[0m[2m=[0m"689619212f65a21b"
[2m2026-10-04T03:01:36.025455Z[0m [32m INFO[0m [2mhv2_cluster::access[0m[2m:[0m control-plane access completed [3mrequest_id[0m[2m=[0mef31981d-9cea-4089-8586-013ca3ca0cec [3mroute[0m[2m=[0m"/sandboxes" [3mmethod[0m[2m=[0m"GET" [3mprincipal[0m[2m=[0m"scoped" [3mkey_id[0m[2m=[0m"689619212f65a21b" [3mallowed[0m[2m=[0mtrue [3mstatus[0m[2m=[0m200 [3melapsed_ms[0m[2m=[0m0.43391399999999997
[2m2026-10-04T03:01:36.026861Z[0m [32m INFO[0m [2mhv2_cluster::access[0m[2m:[0m control-plane access started [3mrequest_id[0m[2m=[0m646f0068-4c0e-480d-bed1-c041dddb2136 [3mroute[0m[2m=[0m"/templates" [3mmethod[0m[2m=[0m"GET" [3mprincipal[0m[2m=[0m"scoped" [3mkey_id[0m[2m=[0m"689619212f65a21b"
[2m2026-10-04T03:01:36.026987Z[0m [32m INFO[0m [2mhv2_cluster::access[0m[2m:[0m control-plane access completed [3mrequest_id[0m[2m=[0m646f0068-4c0e-480d-bed1-c041dddb2136 [3mroute[0m[2m=[0m"/templates" [3mmethod[0m[2m=[0m"GET" [3mprincipal[0m[2m=[0m"scoped" [3mkey_id[0m[2m=[0m"689619212f65a21b" [3mallowed[0m[2m=[0mtrue [3mstatus[0m[2m=[0m200 [3melapsed_ms[0m[2m=[0m0.133791
[2m2026-10-04T03:01:36.078724Z[0m [32m INFO[0m [2mhv2_cluster::access[0m[2m:[0m control-plane access started [3mrequest_id[0m[2m=[0m35ed680e-49f7-49dd-94f9-d115cbf45dee [3mroute[0m[2m=[0m"/sandboxes" [3mmethod[0m[2m=[0m"GET" [3mprincipal[0m[2m=[0m"scoped" [3mkey_id[0m[2m=[0m"689619212f65a21b"
[2m2026-10-04T03:01:36.078904Z[0m [32m INFO[0m [2mhv2_cluster::access[0m[2m:[0m control-plane access completed [3mrequest_id[0m[2m=[0m35ed680e-49f7-49dd-94f9-d115cbf45dee [3mroute[0m[2m=[0m"/sandboxes" [3mmethod[0m[2m=[0m"GET" [3mprincipal[0m[2m=[0m"scoped" [3mkey_id[0m[2m=[0m"689619212f65a21b" [3mallowed[0m[2m=[0mtrue [3mstatus[0m[2m=[0m200 [3melapsed_ms[0m[2m=[0m0.19174
[2m2026-10-04T03:01:36.080099Z[0m [32m INFO[0m [2mhv2_cluster::access[0m[2m:[0m control-plane access started [3mrequest_id[0m[2m=[0m898ba4e7-210a-4615-8452-31be87dc243b [3mroute[0m[2m=[0m"/templates" [3mmethod[0m[2m=[0m"GET" [3mprincipal[0m[2m=[0m"scoped" [3mkey_id[0m[2m=[0m"689619212f65a21b"
[2m2026-10-04T03:01:36.080275Z[0m [32m INFO[0m [2mhv2_cluster::access[0m[2m:[0m control-plane access completed [3mrequest_id[0m[2m=[0m898ba4e7-210a-4615-8452-31be87dc243b [3mroute[0m[2m=[0m"/templates" [3mmethod[0m[2m=[0m"GET" [3mprincipal[0m[2m=[0m"scoped" [3mkey_id[0m[2m=[0m"689619212f65a21b" [3mallowed[0m[2m=[0mtrue [3mstatus[0m[2m=[0m200 [3melapsed_ms[0m[2m=[0m0.183213
[2m2026-10-04T03:01:36.132027Z[0m [32m INFO[0m [2mhv2_cluster::access[0m[2m:[0m control-plane access started [3mrequest_id[0m[2m=[0m31e59cdd-6021-4130-84ce-315817206412 [3mroute[0m[2m=[0m"/sandboxes" [3mmethod[0m[2m=[0m"GET" [3mprincipal[0m[2m=[0m"scoped" [3mkey_id[0m[2m=[0m"689619212f65a21b"
[2m2026-10-04T03:01:36.132241Z[0m [32m INFO[0m [2mhv2_cluster::access[0m[2m:[0m control-plane access completed [3mrequest_id[0m[2m=[0m31e59cdd-6021-4130-84ce-315817206412 [3mroute[0m[2m=[0m"/sandboxes" [3mmethod[0m[2m=[0m"GET" [3mprincipal[0m[2m=[0m"scoped" [3mkey_id[0m[2m=[0m"689619212f65a21b" [3mallowed[0m[2m=[0mtrue [3mstatus[0m[2m=[0m200 [3melapsed_ms[0m[2m=[0m0.226445
[2m2026-10-04T03:01:36.133651Z[0m [32m INFO[0m [2mhv2_cluster::access[0m[2m:[0m control-plane access started [3mrequest_id[0m[2m=[0m372f2d82-8925-4136-be75-0e0d4bb9950a [3mroute[0m[2m=[0m"/templates" [3mmethod[0m[2m=[0m"GET" [3mprincipal[0m[2m=[0m"scoped" [3mkey_id[0m[2m=[0m"689619212f65a21b"
[2m2026-10-04T03:01:36.133777Z[0m [32m INFO[0m [2mhv2_cluster::access[0m[2m:[0m control-plane access completed [3mrequest_id[0m[2m=[0m372f2d82-8925-4136-be75-0e0d4bb9950a [3mroute[0m[2m=[0m"/templates" [3mmethod[0m[2m=[0m"GET" [3mprincipal[0m[2m=[0m"scoped" [3mkey_id[0m[2m=[0m"689619212f65a21b" [3mallowed[0m[2m=[0mtrue [3mstatus[0m[2m=[0m200 [3melapsed_ms[0m[2m=[0m0.132359
[2m2026-10-04T03:01:36.185641Z[0m [32m INFO[0m [2mhv2_cluster::access[0m[2m:[0m control-plane access started [3mrequest_id[0m[2m=[0ma4f764ad-3b27-4a4c-b246-fdbceb3f9828 [3mroute[0m[2m=[0m"/sandboxes" [3mmethod[0m[2m=[0m"GET" [3mprincipal[0m[2m=[0m"scoped" [3mkey_id[0m[2m=[0m"689619212f65a21b"
[2m2026-10-04T03:01:36.185819Z[0m [32m INFO[0m [2mhv2_cluster::access[0m[2m:[0m control-plane access completed [3mrequest_id[0m[2m=[0ma4f764ad-3b27-4a4c-b246-fdbceb3f9828 [3mroute[0m[2m=[0m"/sandboxes" [3mmethod[0m[2m=[0m"GET" [3mprincipal[0m[2m=[0m"scoped" [3mkey_id[0m[2m=[0m"689619212f65a21b" [3mallowed[0m[2m=[0mtrue [3mstatus[0m[2m=[0m200 [3melapsed_ms[0m[2m=[0m0.189786
[2m2026-10-04T03:01:36.187061Z[0m [32m INFO[0m [2mhv2_cluster::access[0m[2m:[0m control-plane access started [3mrequest_id[0m[2m=[0mab0af9c7-739c-418d-8844-5ce6731a05e4 [3mroute[0m[2m=[0m"/templates" [3mmethod[0m[2m=[0m"GET" [3mprincipal[0m[2m=[0m"scoped" [3mkey_id[0m[2m=[0m"689619212f65a21b"
[2m2026-10-04T03:01:36.187185Z[0m [32m INFO[0m [2mhv2_cluster::access[0m[2m:[0m control-plane access completed [3mrequest_id[0m[2m=[0mab0af9c7-739c-418d-8844-5ce6731a05e4 [3mroute[0m[2m=[0m"/templates" [3mmethod[0m[2m=[0m"GET" [3mprincipal[0m[2m=[0m"scoped" [3mkey_id[0m[2m=[0m"689619212f65a21b" [3mallowed[0m[2m=[0mtrue [3mstatus[0m[2m=[0m200 [3melapsed_ms[0m[2m=[0m0.130205
[2m2026-10-04T03:01:36.239231Z[0m [32m INFO[0m [2mhv2_cluster::access[0m[2m:[0m control-plane access started [3mrequest_id[0m[2m=[0m4dab30db-3df9-4cb2-9f27-487c316cbda5 [3mroute[0m[2m=[0m"/sandboxes" [3mmethod[0m[2m=[0m"GET" [3mprincipal[0m[2m=[0m"scoped" [3mkey_id[0m[2m=[0m"689619212f65a21b"
[2m2026-10-04T03:01:36.239428Z[0m [32m INFO[0m [2mhv2_cluster::access[0m[2m:[0m control-plane access completed [3mrequest_id[0m[2m=[0m4dab30db-3df9-4cb2-9f27-487c316cbda5 [3mroute[0m[2m=[0m"/sandboxes" [3mmethod[0m[2m=[0m"GET" [3mprincipal[0m[2m=[0m"scoped" [3mkey_id[0m[2m=[0m"689619212f65a21b" [3mallowed[0m[2m=[0mtrue [3mstatus[0m[2m=[0m200 [3melapsed_ms[0m[2m=[0m0.21102600000000002
[2m2026-10-04T03:01:36.240590Z[0m [32m INFO[0m [2mhv2_cluster::access[0m[2m:[0m control-plane access started [3mrequest_id[0m[2m=[0mf3d4eb14-e512-4f14-a110-a7b6783c16bb [3mroute[0m[2m=[0m"/templates" [3mmethod[0m[2m=[0m"GET" [3mprincipal[0m[2m=[0m"scoped" [3mkey_id[0m[2m=[0m"689619212f65a21b"
[2m2026-10-04T03:01:36.240719Z[0m [32m INFO[0m [2mhv2_cluster::access[0m[2m:[0m control-plane access completed [3mrequest_id[0m[2m=[0mf3d4eb14-e512-4f14-a110-a7b6783c16bb [3mroute[0m[2m=[0m"/templates" [3mmethod[0m[2m=[0m"GET" [3mprincipal[0m[2m=[0m"scoped" [3mkey_id[0m[2m=[0m"689619212f65a21b" [3mallowed[0m[2m=[0mtrue [3mstatus[0m[2m=[0m200 [3melapsed_ms[0m[2m=[0m0.134542
[2m2026-10-04T03:01:36.292827Z[0m [32m INFO[0m [2mhv2_cluster::access[0m[2m:[0m control-plane access started [3mrequest_id[0m[2m=[0m710ea7f8-9077-4b00-b30c-129f877ec968 [3mroute[0m[2m=[0m"/sandboxes" [3mmethod[0m[2m=[0m"GET" [3mprincipal[0m[2m=[0m"scoped" [3mkey_id[0m[2m=[0m"689619212f65a21b"
[2m2026-10-04T03:01:36.293037Z[0m [32m INFO[0m [2mhv2_cluster::access[0m[2m:[0m control-plane access completed [3mrequest_id[0m[2m=[0m710ea7f8-9077-4b00-b30c-129f877ec968 [3mroute[0m[2m=[0m"/sandboxes" [3mmethod[0m[2m=[0m"GET" [3mprincipal[0m[2m=[0m"scoped" [3mkey_id[0m[2m=[0m"689619212f65a21b" [3mallowed[0m[2m=[0mtrue [3mstatus[0m[2m=[0m200 [3melapsed_ms[0m[2m=[0m0.22250699999999998
[2m2026-10-04T03:01:36.294219Z[0m [32m INFO[0m [2mhv2_cluster::access[0m[2m:[0m control-plane access started [3mrequest_id[0m[2m=[0m2628ff9a-d772-44a1-a6a7-83cb4942d1ad [3mroute[0m[2m=[0m"/templates" [3mmethod[0m[2m=[0m"GET" [3mprincipal[0m[2m=[0m"scoped" [3mkey_id[0m[2m=[0m"689619212f65a21b"
[2m2026-10-04T03:01:36.294340Z[0m [32m INFO[0m [2mhv2_cluster::access[0m[2m:[0m control-plane access completed [3mrequest_id[0m[2m=[0m2628ff9a-d772-44a1-a6a7-83cb4942d1ad [3mroute[0m[2m=[0m"/templates" [3mmethod[0m[2m=[0m"GET" [3mprincipal[0m[2m=[0m"scoped" [3mkey_id[0m[2m=[0m"689619212f65a21b" [3mallowed[0m[2m=[0mtrue [3mstatus[0m[2m=[0m200 [3melapsed_ms[0m[2m=[0m0.129042
[2m2026-10-04T03:01:36.346439Z[0m [32m INFO[0m [2mhv2_cluster::access[0m[2m:[0m control-plane access started [3mrequest_id[0m[2m=[0m328691cd-c360-4ae0-95f1-1e994cdbe6c4 [3mroute[0m[2m=[0m"/sandboxes" [3mmethod[0m[2m=[0m"GET" [3mprincipal[0m[2m=[0m"scoped" [3mkey_id[0m[2m=[0m"689619212f65a21b"
[2m2026-10-04T03:01:36.346615Z[0m [32m INFO[0m [2mhv2_cluster::access[0m[2m:[0m control-plane access completed [3mrequest_id[0m[2m=[0m328691cd-c360-4ae0-95f1-1e994cdbe6c4 [3mroute[0m[2m=[0m"/sandboxes" [3mmethod[0m[2m=[0m"GET" [3mprincipal[0m[2m=[0m"scoped" [3mkey_id[0m[2m=[0m"689619212f65a21b" [3mallowed[0m[2m=[0mtrue [3mstatus[0m[2m=[0m200 [3melapsed_ms[0m[2m=[0m0.189185
[2m2026-10-04T03:01:36.347766Z[0m [32m INFO[0m [2mhv2_cluster::access[0m[2m:[0m control-plane access started [3mrequest_id[0m[2m=[0m32e6ecd5-0de9-4a3e-b9e3-b838a5f2f086 [3mroute[0m[2m=[0m"/templates" [3mmethod[0m[2m=[0m"GET" [3mprincipal[0m[2m=[0m"scoped" [3mkey_id[0m[2m=[0m"689619212f65a21b"
[2m2026-10-04T03:01:36.347905Z[0m [32m INFO[0m [2mhv2_cluster::access[0m[2m:[0m control-plane access completed [3mrequest_id[0m[2m=[0m32e6ecd5-0de9-4a3e-b9e3-b838a5f2f086 [3mroute[0m[2m=[0m"/templates" [3mmethod[0m[2m=[0m"GET" [3mprincipal[0m[2m=[0m"scoped" [3mkey_id[0m[2m=[0m"689619212f65a21b" [3mallowed[0m[2m=[0mtrue [3mstatus[0m[2m=[0m200 [3melapsed_ms[0m[2m=[0m0.146124
[2m2026-10-04T03:01:36.349728Z[0m [32m INFO[0m [2mhv2_core::vm[0m[2m:[0m VM 'template' paused
[2m2026-10-04T03:01:36.399910Z[0m [32m INFO[0m [2mhv2_cluster::access[0m[2m:[0m control-plane access started [3mrequest_id[0m[2m=[0mc12d4110-81dd-45c0-b30f-9b990fbdb697 [3mroute[0m[2m=[0m"/sandboxes" [3mmethod[0m[2m=[0m"GET" [3mprincipal[0m[2m=[0m"scoped" [3mkey_id[0m[2m=[0m"689619212f65a21b"
[2m2026-10-04T03:01:36.400152Z[0m [32m INFO[0m [2mhv2_cluster::access[0m[2m:[0m control-plane access completed [3mrequest_id[0m[2m=[0mc12d4110-81dd-45c0-b30f-9b990fbdb697 [3mroute[0m[2m=[0m"/sandboxes" [3mmethod[0m[2m=[0m"GET" [3mprincipal[0m[2m=[0m"scoped" [3mkey_id[0m[2m=[0m"689619212f65a21b" [3mallowed[0m[2m=[0mtrue [3mstatus[0m[2m=[0m200 [3melapsed_ms[0m[2m=[0m0.256912
[2m2026-10-04T03:01:36.401350Z[0m [32m INFO[0m [2mhv2_cluster::access[0m[2m:[0m control-plane access started [3mrequest_id[0m[2m=[0md219e375-6929-4736-b64f-b23260e3e9c2 [3mroute[0m[2m=[0m"/templates" [3mmethod[0m[2m=[0m"GET" [3mprincipal[0m[2m=[0m"scoped" [3mkey_id[0m[2m=[0m"689619212f65a21b"
[2m2026-10-04T03:01:36.401485Z[0m [32m INFO[0m [2mhv2_cluster::access[0m[2m:[0m control-plane access completed [3mrequest_id[0m[2m=[0md219e375-6929-4736-b64f-b23260e3e9c2 [3mroute[0m[2m=[0m"/templates" [3mmethod[0m[2m=[0m"GET" [3mprincipal[0m[2m=[0m"scoped" [3mkey_id[0m[2m=[0m"689619212f65a21b" [3mallowed[0m[2m=[0mtrue [3mstatus[0m[2m=[0m200 [3melapsed_ms[0m[2m=[0m0.142017
[2m2026-10-04T03:01:36.453483Z[0m [32m INFO[0m [2mhv2_cluster::access[0m[2m:[0m control-plane access started [3mrequest_id[0m[2m=[0mb73144d5-de57-41cf-a4e7-4d5ef5e4f0ce [3mroute[0m[2m=[0m"/sandboxes" [3mmethod[0m[2m=[0m"GET" [3mprincipal[0m[2m=[0m"scoped" [3mkey_id[0m[2m=[0m"689619212f65a21b"
[2m2026-10-04T03:01:36.453743Z[0m [32m INFO[0m [2mhv2_cluster::access[0m[2m:[0m control-plane access completed [3mrequest_id[0m[2m=[0mb73144d5-de57-41cf-a4e7-4d5ef5e4f0ce [3mroute[0m[2m=[0m"/sandboxes" [3mmethod[0m[2m=[0m"GET" [3mprincipal[0m[2m=[0m"scoped" [3mkey_id[0m[2m=[0m"689619212f65a21b" [3mallowed[0m[2m=[0mtrue [3mstatus[0m[2m=[0m200 [3melapsed_ms[0m[2m=[0m0.271745
[2m2026-10-04T03:01:36.454986Z[0m [32m INFO[0m [2mhv2_cluster::access[0m[2m:[0m control-plane access started [3mrequest_id[0m[2m=[0m9218ea3b-3c75-43b7-9d13-2b3e2259164e [3mroute[0m[2m=[0m"/templates" [3mmethod[0m[2m=[0m"GET" [3mprincipal[0m[2m=[0m"scoped" [3mkey_id[0m[2m=[0m"689619212f65a21b"
[2m2026-10-04T03:01:36.455119Z[0m [32m INFO[0m [2mhv2_cluster::access[0m[2m:[0m control-plane access completed [3mrequest_id[0m[2m=[0m9218ea3b-3c75-43b7-9d13-2b3e2259164e [3mroute[0m[2m=[0m"/templates" [3mmethod[0m[2m=[0m"GET" [3mprincipal[0m[2m=[0m"scoped" [3mkey_id[0m[2m=[0m"689619212f65a21b" [3mallowed[0m[2m=[0mtrue [3mstatus[0m[2m=[0m200 [3melapsed_ms[0m[2m=[0m0.14252700000000001
[2m2026-10-04T03:01:36.507043Z[0m [32m INFO[0m [2mhv2_cluster::access[0m[2m:[0m control-plane access started [3mrequest_id[0m[2m=[0m1c8ed0a5-56da-4bd5-8210-adc15737bdcf [3mroute[0m[2m=[0m"/sandboxes" [3mmethod[0m[2m=[0m"GET" [3mprincipal[0m[2m=[0m"scoped" [3mkey_id[0m[2m=[0m"689619212f65a21b"
[2m2026-10-04T03:01:36.507279Z[0m [32m INFO[0m [2mhv2_cluster::access[0m[2m:[0m control-plane access completed [3mrequest_id[0m[2m=[0m1c8ed0a5-56da-4bd5-8210-adc15737bdcf [3mroute[0m[2m=[0m"/sandboxes" [3mmethod[0m[2m=[0m"GET" [3mprincipal[0m[2m=[0m"scoped" [3mkey_id[0m[2m=[0m"689619212f65a21b" [3mallowed[0m[2m=[0mtrue [3mstatus[0m[2m=[0m200 [3melapsed_ms[0m[2m=[0m0.246312
[2m2026-10-04T03:01:36.508762Z[0m [32m INFO[0m [2mhv2_cluster::access[0m[2m:[0m control-plane access started [3mrequest_id[0m[2m=[0m154f1e2f-4f80-488c-a1e9-12046242bae3 [3mroute[0m[2m=[0m"/templates" [3mmethod[0m[2m=[0m"GET" [3mprincipal[0m[2m=[0m"scoped" [3mkey_id[0m[2m=[0m"689619212f65a21b"
[2m2026-10-04T03:01:36.508966Z[0m [32m INFO[0m [2mhv2_cluster::access[0m[2m:[0m control-plane access completed [3mrequest_id[0m[2m=[0m154f1e2f-4f80-488c-a1e9-12046242bae3 [3mroute[0m[2m=[0m"/templates" [3mmethod[0m[2m=[0m"GET" [3mprincipal[0m[2m=[0m"scoped" [3mkey_id[0m[2m=[0m"689619212f65a21b" [3mallowed[0m[2m=[0mtrue [3mstatus[0m[2m=[0m200 [3melapsed_ms[0m[2m=[0m0.212809
[2m2026-10-04T03:01:36.560774Z[0m [32m INFO[0m [2mhv2_cluster::access[0m[2m:[0m control-plane access started [3mrequest_id[0m[2m=[0m22cafa35-797c-4c72-bc1a-3524e73badc3 [3mroute[0m[2m=[0m"/sandboxes" [3mmethod[0m[2m=[0m"GET" [3mprincipal[0m[2m=[0m"scoped" [3mkey_id[0m[2m=[0m"689619212f65a21b"
[2m2026-10-04T03:01:36.561150Z[0m [32m INFO[0m [2mhv2_cluster::access[0m[2m:[0m control-plane access completed [3mrequest_id[0m[2m=[0m22cafa35-797c-4c72-bc1a-3524e73badc3 [3mroute[0m[2m=[0m"/sandboxes" [3mmethod[0m[2m=[0m"GET" [3mprincipal[0m[2m=[0m"scoped" [3mkey_id[0m[2m=[0m"689619212f65a21b" [3mallowed[0m[2m=[0mtrue [3mstatus[0m[2m=[0m200 [3melapsed_ms[0m[2m=[0m0.388558
[2m2026-10-04T03:01:36.562359Z[0m [32m INFO[0m [2mhv2_cluster::access[0m[2m:[0m control-plane access started [3mrequest_id[0m[2m=[0m09affe0a-7ca5-4ed5-8305-25574c7e85b7 [3mroute[0m[2m=[0m"/templates" [3mmethod[0m[2m=[0m"GET" [3mprincipal[0m[2m=[0m"scoped" [3mkey_id[0m[2m=[0m"689619212f65a21b"
[2m2026-10-04T03:01:36.562480Z[0m [32m INFO[0m [2mhv2_cluster::access[0m[2m:[0m control-plane access completed [3mrequest_id[0m[2m=[0m09affe0a-7ca5-4ed5-8305-25574c7e85b7 [3mroute[0m[2m=[0m"/templates" [3mmethod[0m[2m=[0m"GET" [3mprincipal[0m[2m=[0m"scoped" [3mkey_id[0m[2m=[0m"689619212f65a21b" [3mallowed[0m[2m=[0mtrue [3mstatus[0m[2m=[0m200 [3melapsed_ms[0m[2m=[0m0.12809099999999998
[2m2026-10-04T03:01:36.614237Z[0m [32m INFO[0m [2mhv2_cluster::access[0m[2m:[0m control-plane access started [3mrequest_id[0m[2m=[0mb72f4af6-b0cc-49b9-a284-72b32dc387c7 [3mroute[0m[2m=[0m"/sandboxes" [3mmethod[0m[2m=[0m"GET" [3mprincipal[0m[2m=[0m"scoped" [3mkey_id[0m[2m=[0m"689619212f65a21b"
[2m2026-10-04T03:01:36.614429Z[0m [32m INFO[0m [2mhv2_cluster::access[0m[2m:[0m control-plane access completed [3mrequest_id[0m[2m=[0mb72f4af6-b0cc-49b9-a284-72b32dc387c7 [3mroute[0m[2m=[0m"/sandboxes" [3mmethod[0m[2m=[0m"GET" [3mprincipal[0m[2m=[0m"scoped" [3mkey_id[0m[2m=[0m"689619212f65a21b" [3mallowed[0m[2m=[0mtrue [3mstatus[0m[2m=[0m200 [3melapsed_ms[0m[2m=[0m0.205064
[2m2026-10-04T03:01:36.615546Z[0m [32m INFO[0m [2mhv2_cluster::access[0m[2m:[0m control-plane access started [3mrequest_id[0m[2m=[0mce2a7997-2646-4424-a7a9-d554dea2a7c6 [3mroute[0m[2m=[0m"/templates" [3mmethod[0m[2m=[0m"GET" [3mprincipal[0m[2m=[0m"scoped" [3mkey_id[0m[2m=[0m"689619212f65a21b"
[2m2026-10-04T03:01:36.615665Z[0m [32m INFO[0m [2mhv2_cluster::access[0m[2m:[0m control-plane access completed [3mrequest_id[0m[2m=[0mce2a7997-2646-4424-a7a9-d554dea2a7c6 [3mroute[0m[2m=[0m"/templates" [3mmethod[0m[2m=[0m"GET" [3mprincipal[0m[2m=[0m"scoped" [3mkey_id[0m[2m=[0m"689619212f65a21b" [3mallowed[0m[2m=[0mtrue [3mstatus[0m[2m=[0m200 [3melapsed_ms[0m[2m=[0m0.12384200000000001
[2m2026-10-04T03:01:36.667389Z[0m [32m INFO[0m [2mhv2_cluster::access[0m[2m:[0m control-plane access started [3mrequest_id[0m[2m=[0me4e0c51a-d03a-4445-9c0a-10d0ae0bd95c [3mroute[0m[2m=[0m"/sandboxes" [3mmethod[0m[2m=[0m"GET" [3mprincipal[0m[2m=[0m"scoped" [3mkey_id[0m[2m=[0m"689619212f65a21b"
[2m2026-10-04T03:01:36.667581Z[0m [32m INFO[0m [2mhv2_cluster::access[0m[2m:[0m control-plane access completed [3mrequest_id[0m[2m=[0me4e0c51a-d03a-4445-9c0a-10d0ae0bd95c [3mroute[0m[2m=[0m"/sandboxes" [3mmethod[0m[2m=[0m"GET" [3mprincipal[0m[2m=[0m"scoped" [3mkey_id[0m[2m=[0m"689619212f65a21b" [3mallowed[0m[2m=[0mtrue [3mstatus[0m[2m=[0m200 [3melapsed_ms[0m[2m=[0m0.20386300000000002
[2m2026-10-04T03:01:36.668720Z[0m [32m INFO[0m [2mhv2_cluster::access[0m[2m:[0m control-plane access started [3mrequest_id[0m[2m=[0mc60bb9f6-8827-427a-802f-9b0270342684 [3mroute[0m[2m=[0m"/templates" [3mmethod[0m[2m=[0m"GET" [3mprincipal[0m[2m=[0m"scoped" [3mkey_id[0m[2m=[0m"689619212f65a21b"
[2m2026-10-04T03:01:36.668836Z[0m [32m INFO[0m [2mhv2_cluster::access[0m[2m:[0m control-plane access completed [3mrequest_id[0m[2m=[0mc60bb9f6-8827-427a-802f-9b0270342684 [3mroute[0m[2m=[0m"/templates" [3mmethod[0m[2m=[0m"GET" [3mprincipal[0m[2m=[0m"scoped" [3mkey_id[0m[2m=[0m"689619212f65a21b" [3mallowed[0m[2m=[0mtrue [3mstatus[0m[2m=[0m200 [3melapsed_ms[0m[2m=[0m0.12107799999999999
[2m2026-10-04T03:01:36.693207Z[0m [32m INFO[0m [2mhv2_core::vm[0m[2m:[0m VM 'template' snapshotted to /tmp/hm-udp-kvm-33vw3j7m/snapshots/templates/.48454fd837dc52740c691aafc9cb1fdc.c8fb13a119434b34a92b9425a8630be7/template.snap
[2m2026-10-04T03:01:36.693265Z[0m [32m INFO[0m [2mhv2_core::vm[0m[2m:[0m VM 'template' resumed
[2m2026-10-04T03:01:36.693294Z[0m [32m INFO[0m [2mhv2_core::vm[0m[2m:[0m vCPU 0 task exited (exits=3054)
[2m2026-10-04T03:01:36.693511Z[0m [32m INFO[0m [2mhv2_core::vm[0m[2m:[0m VM parallel execution completed for 'template'
[2m2026-10-04T03:01:36.693557Z[0m [32m INFO[0m [2mhv2_core::vm[0m[2m:[0m VM 'template' stopped
[2m2026-10-04T03:01:36.693565Z[0m [32m INFO[0m [2mhv2_sandboxd[0m[2m:[0m template ready in 705.592165ms at /tmp/hm-udp-kvm-33vw3j7m/snapshots/templates/.48454fd837dc52740c691aafc9cb1fdc.c8fb13a119434b34a92b9425a8630be7/template.snap; working set 0 pages in 0 ranges
[2m2026-10-04T03:01:36.720668Z[0m [32m INFO[0m [2mhv2_cluster::access[0m[2m:[0m control-plane access started [3mrequest_id[0m[2m=[0mb474b81b-e5e6-405b-9d7a-32f1ee6f1330 [3mroute[0m[2m=[0m"/sandboxes" [3mmethod[0m[2m=[0m"GET" [3mprincipal[0m[2m=[0m"scoped" [3mkey_id[0m[2m=[0m"689619212f65a21b"
[2m2026-10-04T03:01:36.720861Z[0m [32m INFO[0m [2mhv2_cluster::access[0m[2m:[0m control-plane access completed [3mrequest_id[0m[2m=[0mb474b81b-e5e6-405b-9d7a-32f1ee6f1330 [3mroute[0m[2m=[0m"/sandboxes" [3mmethod[0m[2m=[0m"GET" [3mprincipal[0m[2m=[0m"scoped" [3mkey_id[0m[2m=[0m"689619212f65a21b" [3mallowed[0m[2m=[0mtrue [3mstatus[0m[2m=[0m200 [3melapsed_ms[0m[2m=[0m0.206517
[2m2026-10-04T03:01:36.721993Z[0m [32m INFO[0m [2mhv2_cluster::access[0m[2m:[0m control-plane access started [3mrequest_id[0m[2m=[0me217c79b-03cd-45de-bc18-ccbd296c8453 [3mroute[0m[2m=[0m"/templates" [3mmethod[0m[2m=[0m"GET" [3mprincipal[0m[2m=[0m"scoped" [3mkey_id[0m[2m=[0m"689619212f65a21b"
[2m2026-10-04T03:01:36.722125Z[0m [32m INFO[0m [2mhv2_cluster::access[0m[2m:[0m control-plane access completed [3mrequest_id[0m[2m=[0me217c79b-03cd-45de-bc18-ccbd296c8453 [3mroute[0m[2m=[0m"/templates" [3mmethod[0m[2m=[0m"GET" [3mprincipal[0m[2m=[0m"scoped" [3mkey_id[0m[2m=[0m"689619212f65a21b" [3mallowed[0m[2m=[0mtrue [3mstatus[0m[2m=[0m200 [3melapsed_ms[0m[2m=[0m0.138139
[2m2026-10-04T03:01:36.749708Z[0m [32m INFO[0m [2mhv2_sandboxd[0m[2m:[0m published the shared template 48454fd837dc52740c691aafc9cb1fdc
[2m2026-10-04T03:01:36.751040Z[0m [32m INFO[0m [2mhv2_api::sandbox_proxy[0m[2m:[0m sandbox proxy listening on 0.0.0.0:46795 (TLS)
hv2-sandboxd: listening on 0.0.0.0:49693, capacity 16, cluster node owned-udp-node
  POST   /sandboxes                -- E2B-shaped (NewSandbox -> Sandbox), boots a real VM and its own process.Process gRPC listener (port in the response's processPort)
  POST   /sandboxes/{id}/exec     -- NOT E2B's envd protocol; a real exec_in_guest (simpler than grpcurl-ing processPort)
  POST   /sandboxes/{id}/connect  -- attach to an existing sandbox; what the E2B SDK's Sandbox.connect() calls
  DELETE /sandboxes/{id}          -- stop the VM and its process.Process listener
  PUT    /sandboxes/{id}/network  -- replace a running sandbox's egress rules
  POST   /sandboxes/{id}/pause    -- suspend to disk; connect or resume brings it back,          and with autoResume so does a request through the proxy
  POST   /sandboxes/{id}/fork     -- checkpoint in place, start `count` copies
  GET    /sandboxes/{id}/network/decisions -- NOT E2B's; the gateway's audit log
sandboxes get no network interface (--network to change that)
sandboxes are restored from template snapshots: base

sandbox proxy on 0.0.0.0:46795 -- HTTP/2 over TLS, routed by the authority a client asks for, as 49983-<sandboxID>.<anything>
  grpcurl -plaintext -authority 49983-$SBX.local -H "X-Access-Token: $TOKEN" -import-path crates/hv2-api/proto -proto process.proto \
      -d '{"process":{"cmd":"/bin/sh","args":["-c","echo hi"]}}' \
      localhost:46795 process.Process/Start
[2m2026-10-04T03:01:36.774284Z[0m [32m INFO[0m [2mhv2_cluster::access[0m[2m:[0m control-plane access started [3mrequest_id[0m[2m=[0m66ef6f99-6635-4d5e-80cd-3688c68d3a9c [3mroute[0m[2m=[0m"/sandboxes" [3mmethod[0m[2m=[0m"GET" [3mprincipal[0m[2m=[0m"scoped" [3mkey_id[0m[2m=[0m"689619212f65a21b"
[2m2026-10-04T03:01:36.774453Z[0m [32m INFO[0m [2mhv2_cluster::access[0m[2m:[0m control-plane access completed [3mrequest_id[0m[2m=[0m66ef6f99-6635-4d5e-80cd-3688c68d3a9c [3mroute[0m[2m=[0m"/sandboxes" [3mmethod[0m[2m=[0m"GET" [3mprincipal[0m[2m=[0m"scoped" [3mkey_id[0m[2m=[0m"689619212f65a21b" [3mallowed[0m[2m=[0mtrue [3mstatus[0m[2m=[0m200 [3melapsed_ms[0m[2m=[0m0.182633
[2m2026-10-04T03:01:36.775709Z[0m [32m INFO[0m [2mhv2_cluster::access[0m[2m:[0m control-plane access started [3mrequest_id[0m[2m=[0m8aad4e22-8f6e-4647-ac65-9a8c0b057d6b [3mroute[0m[2m=[0m"/templates" [3mmethod[0m[2m=[0m"GET" [3mprincipal[0m[2m=[0m"scoped" [3mkey_id[0m[2m=[0m"689619212f65a21b"
[2m2026-10-04T03:01:36.775977Z[0m [32m INFO[0m [2mhv2_cluster::access[0m[2m:[0m control-plane access completed [3mrequest_id[0m[2m=[0m8aad4e22-8f6e-4647-ac65-9a8c0b057d6b [3mroute[0m[2m=[0m"/templates" [3mmethod[0m[2m=[0m"GET" [3mprincipal[0m[2m=[0m"scoped" [3mkey_id[0m[2m=[0m"689619212f65a21b" [3mallowed[0m[2m=[0mtrue [3mstatus[0m[2m=[0m200 [3melapsed_ms[0m[2m=[0m0.273793
[2m2026-10-04T03:01:36.794323Z[0m [32m INFO[0m [2mhv2_cluster::access[0m[2m:[0m control-plane access started [3mrequest_id[0m[2m=[0m39feb9c7-e370-4910-bdcd-b3ff3b28f916 [3mroute[0m[2m=[0m"/sandboxes" [3mmethod[0m[2m=[0m"POST" [3mprincipal[0m[2m=[0m"scoped" [3mkey_id[0m[2m=[0m"689619212f65a21b"
[2m2026-10-04T03:01:36.795508Z[0m [32m INFO[0m [2mhv2_core::hypervisor[0m[2m:[0m Detected hypervisor platform: Kvm
[2m2026-10-04T03:01:36.795872Z[0m [32m INFO[0m [2mhv2_core::vm[0m[2m:[0m VM 'sbx-e0d3e8a304124e04bf65': vsock device attached at 0xd0000000 (guest CID 100, IRQ 5)
[2m2026-10-04T03:01:36.795881Z[0m [32m INFO[0m [2mhv2_core::devices::serial[0m[2m:[0m Initializing serial device 'COM1' at 0x3F8
[2m2026-10-04T03:01:36.796864Z[0m [32m INFO[0m [2mhv2_core::vm[0m[2m:[0m Provisioned VM 'sbx-e0d3e8a304124e04bf65' on the Kvm backend (1 vCPUs, 1024 MiB)
[2m2026-10-04T03:01:36.797161Z[0m [32m INFO[0m [2mhv2_core::vm[0m[2m:[0m VM 'sbx-e0d3e8a304124e04bf65' restored from /tmp/hm-udp-kvm-33vw3j7m/snapshots/templates/48454fd837dc52740c691aafc9cb1fdc/template.snap
[2m2026-10-04T03:01:36.797183Z[0m [32m INFO[0m [2mhv2_core::vm[0m[2m:[0m Starting VM 'sbx-e0d3e8a304124e04bf65' with 1 vCPUs and 1 GB memory (parallel=true)
[2m2026-10-04T03:01:36.797270Z[0m [32m INFO[0m [2mhv2_core::vm[0m[2m:[0m Starting VM execution for 'sbx-e0d3e8a304124e04bf65' with 1 vCPUs
[2m2026-10-04T03:01:36.797276Z[0m [32m INFO[0m [2mhv2_core::vm[0m[2m:[0m Starting parallel execution with 1 vCPU tasks
[2m2026-10-04T03:01:36.797400Z[0m [32m INFO[0m [2mhv2_core::vm[0m[2m:[0m vCPU 0 task started
[2m2026-10-04T03:01:36.810319Z[0m [32m INFO[0m [2mhv2_cluster::access[0m[2m:[0m control-plane access completed [3mrequest_id[0m[2m=[0m39feb9c7-e370-4910-bdcd-b3ff3b28f916 [3mroute[0m[2m=[0m"/sandboxes" [3mmethod[0m[2m=[0m"POST" [3mprincipal[0m[2m=[0m"scoped" [3mkey_id[0m[2m=[0m"689619212f65a21b" [3mallowed[0m[2m=[0mtrue [3mstatus[0m[2m=[0m201 [3melapsed_ms[0m[2m=[0m16.003320000000002
[2m2026-10-04T03:01:36.818725Z[0m [32m INFO[0m [2mhv2_cluster::access[0m[2m:[0m control-plane access started [3mrequest_id[0m[2m=[0m6cd7f500-e10f-4cb3-a729-8936f13d8ae7 [3mroute[0m[2m=[0m"/sandboxes/{id}" [3mmethod[0m[2m=[0m"DELETE" [3mprincipal[0m[2m=[0m"scoped" [3mkey_id[0m[2m=[0m"689619212f65a21b"
[2m2026-10-04T03:01:36.819222Z[0m [32m INFO[0m [2mhv2_core::vm[0m[2m:[0m vCPU 0 task exited (exits=21)
[2m2026-10-04T03:01:36.819283Z[0m [32m INFO[0m [2mhv2_core::vm[0m[2m:[0m VM parallel execution completed for 'sbx-e0d3e8a304124e04bf65'
[2m2026-10-04T03:01:36.819291Z[0m [32m INFO[0m [2mhv2_core::vm[0m[2m:[0m VM 'sbx-e0d3e8a304124e04bf65' stopped
[2m2026-10-04T03:01:36.850002Z[0m [32m INFO[0m [2mhv2_cluster::access[0m[2m:[0m control-plane access completed [3mrequest_id[0m[2m=[0m6cd7f500-e10f-4cb3-a729-8936f13d8ae7 [3mroute[0m[2m=[0m"/sandboxes/{id}" [3mmethod[0m[2m=[0m"DELETE" [3mprincipal[0m[2m=[0m"scoped" [3mkey_id[0m[2m=[0m"689619212f65a21b" [3mallowed[0m[2m=[0mtrue [3mstatus[0m[2m=[0m204 [3melapsed_ms[0m[2m=[0m31.285178
[2m2026-10-04T03:01:36.856098Z[0m [32m INFO[0m [2mhv2_cluster::access[0m[2m:[0m control-plane access started [3mrequest_id[0m[2m=[0mb727658d-6f1d-4412-8b20-b8d748b3bca9 [3mroute[0m[2m=[0m"/v2/sandboxes" [3mmethod[0m[2m=[0m"POST" [3mprincipal[0m[2m=[0m"scoped" [3mkey_id[0m[2m=[0m"689619212f65a21b"
[2m2026-10-04T03:01:36.856656Z[0m [32m INFO[0m [2mhv2_core::hypervisor[0m[2m:[0m Detected hypervisor platform: Kvm
[2m2026-10-04T03:01:36.856876Z[0m [32m INFO[0m [2mhv2_core::vm[0m[2m:[0m VM 'sbx-5e7aac9dae9d40a88b17': vsock device attached at 0xd0000000 (guest CID 100, IRQ 5)
[2m2026-10-04T03:01:36.856884Z[0m [32m INFO[0m [2mhv2_core::devices::serial[0m[2m:[0m Initializing serial device 'COM1' at 0x3F8
[2m2026-10-04T03:01:36.857827Z[0m [32m INFO[0m [2mhv2_core::vm[0m[2m:[0m Provisioned VM 'sbx-5e7aac9dae9d40a88b17' on the Kvm backend (1 vCPUs, 1024 MiB)
[2m2026-10-04T03:01:36.858050Z[0m [32m INFO[0m [2mhv2_core::vm[0m[2m:[0m VM 'sbx-5e7aac9dae9d40a88b17' restored from /tmp/hm-udp-kvm-33vw3j7m/snapshots/templates/48454fd837dc52740c691aafc9cb1fdc/template.snap
[2m2026-10-04T03:01:36.858059Z[0m [32m INFO[0m [2mhv2_core::vm[0m[2m:[0m Starting VM 'sbx-5e7aac9dae9d40a88b17' with 1 vCPUs and 1 GB memory (parallel=true)
[2m2026-10-04T03:01:36.858137Z[0m [32m INFO[0m [2mhv2_core::vm[0m[2m:[0m Starting VM execution for 'sbx-5e7aac9dae9d40a88b17' with 1 vCPUs
[2m2026-10-04T03:01:36.858143Z[0m [32m INFO[0m [2mhv2_core::vm[0m[2m:[0m Starting parallel execution with 1 vCPU tasks
[2m2026-10-04T03:01:36.858258Z[0m [32m INFO[0m [2mhv2_core::vm[0m[2m:[0m vCPU 0 task started
[2m2026-10-04T03:01:36.870415Z[0m [32m INFO[0m [2mhv2_cluster::access[0m[2m:[0m control-plane access completed [3mrequest_id[0m[2m=[0mb727658d-6f1d-4412-8b20-b8d748b3bca9 [3mroute[0m[2m=[0m"/v2/sandboxes" [3mmethod[0m[2m=[0m"POST" [3mprincipal[0m[2m=[0m"scoped" [3mkey_id[0m[2m=[0m"689619212f65a21b" [3mallowed[0m[2m=[0mtrue [3mstatus[0m[2m=[0m201 [3melapsed_ms[0m[2m=[0m14.325103
[2m2026-10-04T03:01:36.876613Z[0m [32m INFO[0m [2mhv2_cluster::access[0m[2m:[0m control-plane access started [3mrequest_id[0m[2m=[0m347e8ea4-3532-4e47-8c87-869cc6674e66 [3mroute[0m[2m=[0m"/sandboxes" [3mmethod[0m[2m=[0m"GET" [3mprincipal[0m[2m=[0m"scoped" [3mkey_id[0m[2m=[0m"689619212f65a21b"
[2m2026-10-04T03:01:36.876854Z[0m [32m INFO[0m [2mhv2_cluster::access[0m[2m:[0m control-plane access completed [3mrequest_id[0m[2m=[0m347e8ea4-3532-4e47-8c87-869cc6674e66 [3mroute[0m[2m=[0m"/sandboxes" [3mmethod[0m[2m=[0m"GET" [3mprincipal[0m[2m=[0m"scoped" [3mkey_id[0m[2m=[0m"689619212f65a21b" [3mallowed[0m[2m=[0mtrue [3mstatus[0m[2m=[0m200 [3melapsed_ms[0m[2m=[0m0.25051
[2m2026-10-04T03:01:36.878101Z[0m [32m INFO[0m [2mhv2_cluster::access[0m[2m:[0m control-plane access started [3mrequest_id[0m[2m=[0mdde8a6d6-1e05-4d4b-9c8f-d68e9023d695 [3mroute[0m[2m=[0m"/sandboxes/{id}/exec" [3mmethod[0m[2m=[0m"POST" [3mprincipal[0m[2m=[0m"scoped" [3mkey_id[0m[2m=[0m"689619212f65a21b"
[2m2026-10-04T03:01:36.888263Z[0m [32m INFO[0m [2mhv2_cluster::access[0m[2m:[0m control-plane access completed [3mrequest_id[0m[2m=[0mdde8a6d6-1e05-4d4b-9c8f-d68e9023d695 [3mroute[0m[2m=[0m"/sandboxes/{id}/exec" [3mmethod[0m[2m=[0m"POST" [3mprincipal[0m[2m=[0m"scoped" [3mkey_id[0m[2m=[0m"689619212f65a21b" [3mallowed[0m[2m=[0mtrue [3mstatus[0m[2m=[0m200 [3melapsed_ms[0m[2m=[0m10.168124
[2m2026-10-04T03:01:36.990006Z[0m [32m INFO[0m [2mhv2_cluster::access[0m[2m:[0m control-plane access completed [3mrequest_id[0m[2m=[0m0144956b-5c36-437c-aa04-d2529912540b [3mroute[0m[2m=[0m"/sandboxes/{id}/ports/{port}/udp" [3mmethod[0m[2m=[0m"GET" [3mprincipal[0m[2m=[0m"unauthenticated" [3mkey_id[0m[2m=[0m"none" [3mallowed[0m[2m=[0mfalse [3mstatus[0m[2m=[0m401 [3melapsed_ms[0m[2m=[0m0.013866000000000002
[2m2026-10-04T03:01:36.991009Z[0m [32m INFO[0m [2mhv2_cluster::access[0m[2m:[0m control-plane access started [3mrequest_id[0m[2m=[0m2bb14d6f-232b-45e4-bf9d-d18e65da92e0 [3mroute[0m[2m=[0m"/sandboxes/{id}/ports/{port}/udp" [3mmethod[0m[2m=[0m"GET" [3mprincipal[0m[2m=[0m"scoped" [3mkey_id[0m[2m=[0m"689619212f65a21b"
[2m2026-10-04T03:01:36.994213Z[0m [32m INFO[0m [2mhv2_cluster::access[0m[2m:[0m control-plane access completed [3mrequest_id[0m[2m=[0m2bb14d6f-232b-45e4-bf9d-d18e65da92e0 [3mroute[0m[2m=[0m"/sandboxes/{id}/ports/{port}/udp" [3mmethod[0m[2m=[0m"GET" [3mprincipal[0m[2m=[0m"scoped" [3mkey_id[0m[2m=[0m"689619212f65a21b" [3mallowed[0m[2m=[0mtrue [3mstatus[0m[2m=[0m101 [3melapsed_ms[0m[2m=[0m3.2094810000000003
[2m2026-10-04T03:01:37.044282Z[0m [32m INFO[0m [2mhv2_cluster::access[0m[2m:[0m control-plane access started [3mrequest_id[0m[2m=[0m9c1bb49e-04e2-4b6d-8607-3991693991c3 [3mroute[0m[2m=[0m"/sandboxes/{id}/ports/{port}/udp" [3mmethod[0m[2m=[0m"GET" [3mprincipal[0m[2m=[0m"scoped" [3mkey_id[0m[2m=[0m"689619212f65a21b"
[2m2026-10-04T03:01:37.047651Z[0m [32m INFO[0m [2mhv2_cluster::access[0m[2m:[0m control-plane access completed [3mrequest_id[0m[2m=[0m9c1bb49e-04e2-4b6d-8607-3991693991c3 [3mroute[0m[2m=[0m"/sandboxes/{id}/ports/{port}/udp" [3mmethod[0m[2m=[0m"GET" [3mprincipal[0m[2m=[0m"scoped" [3mkey_id[0m[2m=[0m"689619212f65a21b" [3mallowed[0m[2m=[0mtrue [3mstatus[0m[2m=[0m101 [3melapsed_ms[0m[2m=[0m3.3787380000000002
[2m2026-10-04T03:01:37.049535Z[0m [32m INFO[0m [2mhv2_cluster::access[0m[2m:[0m control-plane access started [3mrequest_id[0m[2m=[0me58d8764-bf9e-4843-8bd7-fed4cd003c35 [3mroute[0m[2m=[0m"/sandboxes/{id}/ports/{port}/udp" [3mmethod[0m[2m=[0m"GET" [3mprincipal[0m[2m=[0m"scoped" [3mkey_id[0m[2m=[0m"689619212f65a21b"
[2m2026-10-04T03:01:37.052216Z[0m [32m INFO[0m [2mhv2_cluster::access[0m[2m:[0m control-plane access completed [3mrequest_id[0m[2m=[0me58d8764-bf9e-4843-8bd7-fed4cd003c35 [3mroute[0m[2m=[0m"/sandboxes/{id}/ports/{port}/udp" [3mmethod[0m[2m=[0m"GET" [3mprincipal[0m[2m=[0m"scoped" [3mkey_id[0m[2m=[0m"689619212f65a21b" [3mallowed[0m[2m=[0mtrue [3mstatus[0m[2m=[0m101 [3melapsed_ms[0m[2m=[0m2.688154
[2m2026-10-04T03:01:37.058977Z[0m [32m INFO[0m [2mhv2_cluster::access[0m[2m:[0m control-plane access started [3mrequest_id[0m[2m=[0med5cff9b-6eac-495d-86bb-aea0ecd2150d [3mroute[0m[2m=[0m"/sandboxes/{id}/ports/{port}/udp" [3mmethod[0m[2m=[0m"GET" [3mprincipal[0m[2m=[0m"scoped" [3mkey_id[0m[2m=[0m"689619212f65a21b"
[2m2026-10-04T03:01:37.061529Z[0m [32m INFO[0m [2mhv2_cluster::access[0m[2m:[0m control-plane access completed [3mrequest_id[0m[2m=[0med5cff9b-6eac-495d-86bb-aea0ecd2150d [3mroute[0m[2m=[0m"/sandboxes/{id}/ports/{port}/udp" [3mmethod[0m[2m=[0m"GET" [3mprincipal[0m[2m=[0m"scoped" [3mkey_id[0m[2m=[0m"689619212f65a21b" [3mallowed[0m[2m=[0mtrue [3mstatus[0m[2m=[0m101 [3melapsed_ms[0m[2m=[0m2.55865
[2m2026-10-04T03:01:37.063337Z[0m [32m INFO[0m [2mhv2_cluster::access[0m[2m:[0m control-plane access started [3mrequest_id[0m[2m=[0maf27212d-165a-4771-82d8-9e7fe9aac6e1 [3mroute[0m[2m=[0m"/sandboxes/{id}/ports/{port}/udp" [3mmethod[0m[2m=[0m"GET" [3mprincipal[0m[2m=[0m"scoped" [3mkey_id[0m[2m=[0m"689619212f65a21b"
[2m2026-10-04T03:01:37.066450Z[0m [32m INFO[0m [2mhv2_cluster::access[0m[2m:[0m control-plane access completed [3mrequest_id[0m[2m=[0maf27212d-165a-4771-82d8-9e7fe9aac6e1 [3mroute[0m[2m=[0m"/sandboxes/{id}/ports/{port}/udp" [3mmethod[0m[2m=[0m"GET" [3mprincipal[0m[2m=[0m"scoped" [3mkey_id[0m[2m=[0m"689619212f65a21b" [3mallowed[0m[2m=[0mtrue [3mstatus[0m[2m=[0m101 [3melapsed_ms[0m[2m=[0m3.119942
[2m2026-10-04T03:01:37.069196Z[0m [32m INFO[0m [2mhv2_cluster::access[0m[2m:[0m control-plane access started [3mrequest_id[0m[2m=[0mceaabc60-7355-4b2c-a125-0534148a9b64 [3mroute[0m[2m=[0m"/sandboxes/{id}/ports/{port}/udp" [3mmethod[0m[2m=[0m"GET" [3mprincipal[0m[2m=[0m"scoped" [3mkey_id[0m[2m=[0m"689619212f65a21b"
[2m2026-10-04T03:01:37.073031Z[0m [32m INFO[0m [2mhv2_cluster::access[0m[2m:[0m control-plane access completed [3mrequest_id[0m[2m=[0mceaabc60-7355-4b2c-a125-0534148a9b64 [3mroute[0m[2m=[0m"/sandboxes/{id}/ports/{port}/udp" [3mmethod[0m[2m=[0m"GET" [3mprincipal[0m[2m=[0m"scoped" [3mkey_id[0m[2m=[0m"689619212f65a21b" [3mallowed[0m[2m=[0mtrue [3mstatus[0m[2m=[0m101 [3melapsed_ms[0m[2m=[0m3.838892
[2m2026-10-04T03:01:37.074582Z[0m [32m INFO[0m [2mhv2_cluster::access[0m[2m:[0m control-plane access started [3mrequest_id[0m[2m=[0m8224f87b-b538-467e-b258-0e24d5e13468 [3mroute[0m[2m=[0m"/sandboxes/{id}/ports/{port}/udp" [3mmethod[0m[2m=[0m"GET" [3mprincipal[0m[2m=[0m"scoped" [3mkey_id[0m[2m=[0m"689619212f65a21b"
[2m2026-10-04T03:01:37.077059Z[0m [32m INFO[0m [2mhv2_cluster::access[0m[2m:[0m control-plane access completed [3mrequest_id[0m[2m=[0m8224f87b-b538-467e-b258-0e24d5e13468 [3mroute[0m[2m=[0m"/sandboxes/{id}/ports/{port}/udp" [3mmethod[0m[2m=[0m"GET" [3mprincipal[0m[2m=[0m"scoped" [3mkey_id[0m[2m=[0m"689619212f65a21b" [3mallowed[0m[2m=[0mtrue [3mstatus[0m[2m=[0m101 [3melapsed_ms[0m[2m=[0m2.480974
[2m2026-10-04T03:01:37.078855Z[0m [32m INFO[0m [2mhv2_cluster::access[0m[2m:[0m control-plane access started [3mrequest_id[0m[2m=[0me2af0209-3ea2-4537-9cf4-0f91699b6bc0 [3mroute[0m[2m=[0m"/sandboxes/{id}/ports/{port}/udp" [3mmethod[0m[2m=[0m"GET" [3mprincipal[0m[2m=[0m"scoped" [3mkey_id[0m[2m=[0m"689619212f65a21b"
[2m2026-10-04T03:01:37.081530Z[0m [32m INFO[0m [2mhv2_cluster::access[0m[2m:[0m control-plane access completed [3mrequest_id[0m[2m=[0me2af0209-3ea2-4537-9cf4-0f91699b6bc0 [3mroute[0m[2m=[0m"/sandboxes/{id}/ports/{port}/udp" [3mmethod[0m[2m=[0m"GET" [3mprincipal[0m[2m=[0m"scoped" [3mkey_id[0m[2m=[0m"689619212f65a21b" [3mallowed[0m[2m=[0mtrue [3mstatus[0m[2m=[0m101 [3melapsed_ms[0m[2m=[0m2.6788860000000003
[2m2026-10-04T03:01:37.083256Z[0m [32m INFO[0m [2mhv2_cluster::access[0m[2m:[0m control-plane access started [3mrequest_id[0m[2m=[0mff482dd7-1c07-42c4-a10b-63ddc6f4e911 [3mroute[0m[2m=[0m"/sandboxes/{id}/ports/{port}/udp" [3mmethod[0m[2m=[0m"GET" [3mprincipal[0m[2m=[0m"scoped" [3mkey_id[0m[2m=[0m"689619212f65a21b"
[2m2026-10-04T03:01:37.085795Z[0m [32m INFO[0m [2mhv2_cluster::access[0m[2m:[0m control-plane access completed [3mrequest_id[0m[2m=[0mff482dd7-1c07-42c4-a10b-63ddc6f4e911 [3mroute[0m[2m=[0m"/sandboxes/{id}/ports/{port}/udp" [3mmethod[0m[2m=[0m"GET" [3mprincipal[0m[2m=[0m"scoped" [3mkey_id[0m[2m=[0m"689619212f65a21b" [3mallowed[0m[2m=[0mtrue [3mstatus[0m[2m=[0m101 [3melapsed_ms[0m[2m=[0m2.5420629999999997
[2m2026-10-04T03:01:37.087339Z[0m [32m INFO[0m [2mhv2_cluster::access[0m[2m:[0m control-plane access started [3mrequest_id[0m[2m=[0m3a45c288-4916-4481-9cd8-7d79cd633896 [3mroute[0m[2m=[0m"/sandboxes/{id}/ports/{port}/udp" [3mmethod[0m[2m=[0m"GET" [3mprincipal[0m[2m=[0m"scoped" [3mkey_id[0m[2m=[0m"689619212f65a21b"
[2m2026-10-04T03:01:37.090235Z[0m [32m INFO[0m [2mhv2_cluster::access[0m[2m:[0m control-plane access completed [3mrequest_id[0m[2m=[0m3a45c288-4916-4481-9cd8-7d79cd633896 [3mroute[0m[2m=[0m"/sandboxes/{id}/ports/{port}/udp" [3mmethod[0m[2m=[0m"GET" [3mprincipal[0m[2m=[0m"scoped" [3mkey_id[0m[2m=[0m"689619212f65a21b" [3mallowed[0m[2m=[0mtrue [3mstatus[0m[2m=[0m101 [3melapsed_ms[0m[2m=[0m2.899961
[2m2026-10-04T03:01:37.091782Z[0m [32m INFO[0m [2mhv2_cluster::access[0m[2m:[0m control-plane access started [3mrequest_id[0m[2m=[0maed93957-8b84-4bbd-8fd1-6ee65ac05fe4 [3mroute[0m[2m=[0m"/sandboxes/{id}/ports/{port}/udp" [3mmethod[0m[2m=[0m"GET" [3mprincipal[0m[2m=[0m"scoped" [3mkey_id[0m[2m=[0m"689619212f65a21b"
[2m2026-10-04T03:01:37.094200Z[0m [32m INFO[0m [2mhv2_cluster::access[0m[2m:[0m control-plane access completed [3mrequest_id[0m[2m=[0maed93957-8b84-4bbd-8fd1-6ee65ac05fe4 [3mroute[0m[2m=[0m"/sandboxes/{id}/ports/{port}/udp" [3mmethod[0m[2m=[0m"GET" [3mprincipal[0m[2m=[0m"scoped" [3mkey_id[0m[2m=[0m"689619212f65a21b" [3mallowed[0m[2m=[0mtrue [3mstatus[0m[2m=[0m101 [3melapsed_ms[0m[2m=[0m2.420246
[2m2026-10-04T03:01:37.464106Z[0m [32m INFO[0m [2mhv2_cluster::access[0m[2m:[0m control-plane access started [3mrequest_id[0m[2m=[0m1e29281a-bcad-4b33-969a-fedefc61615a [3mroute[0m[2m=[0m"/sandboxes/{id}/exec" [3mmethod[0m[2m=[0m"POST" [3mprincipal[0m[2m=[0m"scoped" [3mkey_id[0m[2m=[0m"689619212f65a21b"
[2m2026-10-04T03:01:37.469539Z[0m [32m INFO[0m [2mhv2_cluster::access[0m[2m:[0m control-plane access completed [3mrequest_id[0m[2m=[0m1e29281a-bcad-4b33-969a-fedefc61615a [3mroute[0m[2m=[0m"/sandboxes/{id}/exec" [3mmethod[0m[2m=[0m"POST" [3mprincipal[0m[2m=[0m"scoped" [3mkey_id[0m[2m=[0m"689619212f65a21b" [3mallowed[0m[2m=[0mtrue [3mstatus[0m[2m=[0m200 [3melapsed_ms[0m[2m=[0m5.445405
[2m2026-10-04T03:01:37.475871Z[0m [32m INFO[0m [2mhv2_cluster::access[0m[2m:[0m control-plane access started [3mrequest_id[0m[2m=[0m93c2a194-ab3f-4e16-ac66-2e10a35c1799 [3mroute[0m[2m=[0m"/sandboxes/{id}/public-ports/{port}" [3mmethod[0m[2m=[0m"PUT" [3mprincipal[0m[2m=[0m"scoped" [3mkey_id[0m[2m=[0m"0615dc4a446bce9a"
[2m2026-10-04T03:01:37.476211Z[0m [32m INFO[0m [2mhv2_cluster::access[0m[2m:[0m control-plane access completed [3mrequest_id[0m[2m=[0m93c2a194-ab3f-4e16-ac66-2e10a35c1799 [3mroute[0m[2m=[0m"/sandboxes/{id}/public-ports/{port}" [3mmethod[0m[2m=[0m"PUT" [3mprincipal[0m[2m=[0m"scoped" [3mkey_id[0m[2m=[0m"0615dc4a446bce9a" [3mallowed[0m[2m=[0mtrue [3mstatus[0m[2m=[0m403 [3melapsed_ms[0m[2m=[0m0.34775300000000003
[2m2026-10-04T03:01:37.478962Z[0m [32m INFO[0m [2mhv2_cluster::access[0m[2m:[0m control-plane access started [3mrequest_id[0m[2m=[0mc401eacd-67d7-468c-a440-bd528adedd41 [3mroute[0m[2m=[0m"/sandboxes/{id}/public-ports/{port}" [3mmethod[0m[2m=[0m"PUT" [3mprincipal[0m[2m=[0m"scoped" [3mkey_id[0m[2m=[0m"0615dc4a446bce9a"
[2m2026-10-04T03:01:37.479187Z[0m [32m INFO[0m [2mhv2_cluster::access[0m[2m:[0m control-plane access completed [3mrequest_id[0m[2m=[0mc401eacd-67d7-468c-a440-bd528adedd41 [3mroute[0m[2m=[0m"/sandboxes/{id}/public-ports/{port}" [3mmethod[0m[2m=[0m"PUT" [3mprincipal[0m[2m=[0m"scoped" [3mkey_id[0m[2m=[0m"0615dc4a446bce9a" [3mallowed[0m[2m=[0mtrue [3mstatus[0m[2m=[0m403 [3melapsed_ms[0m[2m=[0m0.23225500000000002
[2m2026-10-04T03:01:37.484572Z[0m [32m INFO[0m [2mhv2_cluster::access[0m[2m:[0m control-plane access started [3mrequest_id[0m[2m=[0ma0007b61-f190-4ecf-99d2-26c5e4fc7087 [3mroute[0m[2m=[0m"/sandboxes/{id}/public-ports" [3mmethod[0m[2m=[0m"GET" [3mprincipal[0m[2m=[0m"scoped" [3mkey_id[0m[2m=[0m"0615dc4a446bce9a"
[2m2026-10-04T03:01:37.484783Z[0m [32m INFO[0m [2mhv2_cluster::access[0m[2m:[0m control-plane access completed [3mrequest_id[0m[2m=[0ma0007b61-f190-4ecf-99d2-26c5e4fc7087 [3mroute[0m[2m=[0m"/sandboxes/{id}/public-ports" [3mmethod[0m[2m=[0m"GET" [3mprincipal[0m[2m=[0m"scoped" [3mkey_id[0m[2m=[0m"0615dc4a446bce9a" [3mallowed[0m[2m=[0mtrue [3mstatus[0m[2m=[0m403 [3melapsed_ms[0m[2m=[0m0.216927
[2m2026-10-04T03:01:37.487279Z[0m [32m INFO[0m [2mhv2_cluster::access[0m[2m:[0m control-plane access started [3mrequest_id[0m[2m=[0m52b8af30-0f3e-4ee2-b183-f7d42158e395 [3mroute[0m[2m=[0m"/sandboxes/{id}/public-ports" [3mmethod[0m[2m=[0m"GET" [3mprincipal[0m[2m=[0m"scoped" [3mkey_id[0m[2m=[0m"0615dc4a446bce9a"
[2m2026-10-04T03:01:37.487430Z[0m [32m INFO[0m [2mhv2_cluster::access[0m[2m:[0m control-plane access completed [3mrequest_id[0m[2m=[0m52b8af30-0f3e-4ee2-b183-f7d42158e395 [3mroute[0m[2m=[0m"/sandboxes/{id}/public-ports" [3mmethod[0m[2m=[0m"GET" [3mprincipal[0m[2m=[0m"scoped" [3mkey_id[0m[2m=[0m"0615dc4a446bce9a" [3mallowed[0m[2m=[0mtrue [3mstatus[0m[2m=[0m403 [3melapsed_ms[0m[2m=[0m0.157305
[2m2026-10-04T03:01:37.493314Z[0m [32m INFO[0m [2mhv2_cluster::access[0m[2m:[0m control-plane access started [3mrequest_id[0m[2m=[0m7af4bb81-acde-4d00-957d-7461cdaf4f3a [3mroute[0m[2m=[0m"/sandboxes/{id}/public-ports/{port}" [3mmethod[0m[2m=[0m"DELETE" [3mprincipal[0m[2m=[0m"scoped" [3mkey_id[0m[2m=[0m"0615dc4a446bce9a"
[2m2026-10-04T03:01:37.493541Z[0m [32m INFO[0m [2mhv2_cluster::access[0m[2m:[0m control-plane access completed [3mrequest_id[0m[2m=[0m7af4bb81-acde-4d00-957d-7461cdaf4f3a [3mroute[0m[2m=[0m"/sandboxes/{id}/public-ports/{port}" [3mmethod[0m[2m=[0m"DELETE" [3mprincipal[0m[2m=[0m"scoped" [3mkey_id[0m[2m=[0m"0615dc4a446bce9a" [3mallowed[0m[2m=[0mtrue [3mstatus[0m[2m=[0m403 [3melapsed_ms[0m[2m=[0m0.232876
[2m2026-10-04T03:01:37.495934Z[0m [32m INFO[0m [2mhv2_cluster::access[0m[2m:[0m control-plane access started [3mrequest_id[0m[2m=[0m042142a1-6986-40dc-aa31-d09bbd0f0762 [3mroute[0m[2m=[0m"/sandboxes/{id}/public-ports/{port}" [3mmethod[0m[2m=[0m"DELETE" [3mprincipal[0m[2m=[0m"scoped" [3mkey_id[0m[2m=[0m"0615dc4a446bce9a"
[2m2026-10-04T03:01:37.496096Z[0m [32m INFO[0m [2mhv2_cluster::access[0m[2m:[0m control-plane access completed [3mrequest_id[0m[2m=[0m042142a1-6986-40dc-aa31-d09bbd0f0762 [3mroute[0m[2m=[0m"/sandboxes/{id}/public-ports/{port}" [3mmethod[0m[2m=[0m"DELETE" [3mprincipal[0m[2m=[0m"scoped" [3mkey_id[0m[2m=[0m"0615dc4a446bce9a" [3mallowed[0m[2m=[0mtrue [3mstatus[0m[2m=[0m403 [3melapsed_ms[0m[2m=[0m0.166863
[2m2026-10-04T03:01:37.501821Z[0m [32m INFO[0m [2mhv2_cluster::access[0m[2m:[0m control-plane access completed [3mrequest_id[0m[2m=[0m1133f2a5-8afa-4f95-a3e7-cf2cae438089 [3mroute[0m[2m=[0m"/sandboxes/{id}/public-ports/{port}" [3mmethod[0m[2m=[0m"PUT" [3mprincipal[0m[2m=[0m"scoped" [3mkey_id[0m[2m=[0m"4d054a83381a6b98" [3mallowed[0m[2m=[0mfalse [3mstatus[0m[2m=[0m403 [3melapsed_ms[0m[2m=[0m0.007154
[2m2026-10-04T03:01:37.504224Z[0m [32m INFO[0m [2mhv2_cluster::access[0m[2m:[0m control-plane access completed [3mrequest_id[0m[2m=[0m35fa2b71-18d6-4974-b7a5-927a9fdbd5e5 [3mroute[0m[2m=[0m"/sandboxes/{id}/public-ports/{port}" [3mmethod[0m[2m=[0m"PUT" [3mprincipal[0m[2m=[0m"scoped" [3mkey_id[0m[2m=[0m"4d054a83381a6b98" [3mallowed[0m[2m=[0mfalse [3mstatus[0m[2m=[0m403 [3melapsed_ms[0m[2m=[0m0.006482
[2m2026-10-04T03:01:37.509980Z[0m [32m INFO[0m [2mhv2_cluster::access[0m[2m:[0m control-plane access completed [3mrequest_id[0m[2m=[0m66f289e1-bc9f-4a6f-b00e-f857402e8bd4 [3mroute[0m[2m=[0m"/sandboxes/{id}/public-ports" [3mmethod[0m[2m=[0m"GET" [3mprincipal[0m[2m=[0m"scoped" [3mkey_id[0m[2m=[0m"4d054a83381a6b98" [3mallowed[0m[2m=[0mfalse [3mstatus[0m[2m=[0m403 [3melapsed_ms[0m[2m=[0m0.006672
[2m2026-10-04T03:01:37.512405Z[0m [32m INFO[0m [2mhv2_cluster::access[0m[2m:[0m control-plane access completed [3mrequest_id[0m[2m=[0m28747856-1f7a-4ec8-9cde-356f09e1588a [3mroute[0m[2m=[0m"/sandboxes/{id}/public-ports" [3mmethod[0m[2m=[0m"GET" [3mprincipal[0m[2m=[0m"scoped" [3mkey_id[0m[2m=[0m"4d054a83381a6b98" [3mallowed[0m[2m=[0mfalse [3mstatus[0m[2m=[0m403 [3melapsed_ms[0m[2m=[0m0.006082000000000001
[2m2026-10-04T03:01:37.518916Z[0m [32m INFO[0m [2mhv2_cluster::access[0m[2m:[0m control-plane access completed [3mrequest_id[0m[2m=[0m7dc4b20c-a8f2-4a48-aad9-0162f662de68 [3mroute[0m[2m=[0m"/sandboxes/{id}/public-ports/{port}" [3mmethod[0m[2m=[0m"DELETE" [3mprincipal[0m[2m=[0m"scoped" [3mkey_id[0m[2m=[0m"4d054a83381a6b98" [3mallowed[0m[2m=[0mfalse [3mstatus[0m[2m=[0m403 [3melapsed_ms[0m[2m=[0m0.006312
[2m2026-10-04T03:01:37.521332Z[0m [32m INFO[0m [2mhv2_cluster::access[0m[2m:[0m control-plane access completed [3mrequest_id[0m[2m=[0mec7f8b5f-d40d-48b9-98d4-427957287fa8 [3mroute[0m[2m=[0m"/sandboxes/{id}/public-ports/{port}" [3mmethod[0m[2m=[0m"DELETE" [3mprincipal[0m[2m=[0m"scoped" [3mkey_id[0m[2m=[0m"4d054a83381a6b98" [3mallowed[0m[2m=[0mfalse [3mstatus[0m[2m=[0m403 [3melapsed_ms[0m[2m=[0m0.006673
[2m2026-10-04T03:01:37.527121Z[0m [32m INFO[0m [2mhv2_cluster::access[0m[2m:[0m control-plane access completed [3mrequest_id[0m[2m=[0m18169c0c-1a04-4200-aff6-d3e0570cace0 [3mroute[0m[2m=[0m"/sandboxes/{id}/public-ports/{port}" [3mmethod[0m[2m=[0m"PUT" [3mprincipal[0m[2m=[0m"scoped" [3mkey_id[0m[2m=[0m"e337edbd1ce3705e" [3mallowed[0m[2m=[0mfalse [3mstatus[0m[2m=[0m403 [3melapsed_ms[0m[2m=[0m0.007925
[2m2026-10-04T03:01:37.529667Z[0m [32m INFO[0m [2mhv2_cluster::access[0m[2m:[0m control-plane access completed [3mrequest_id[0m[2m=[0m75d7c966-b4d3-4e1d-8280-24e21d6304cb [3mroute[0m[2m=[0m"/sandboxes/{id}/public-ports/{port}" [3mmethod[0m[2m=[0m"PUT" [3mprincipal[0m[2m=[0m"scoped" [3mkey_id[0m[2m=[0m"e337edbd1ce3705e" [3mallowed[0m[2m=[0mfalse [3mstatus[0m[2m=[0m403 [3melapsed_ms[0m[2m=[0m0.006833
[2m2026-10-04T03:01:37.534935Z[0m [32m INFO[0m [2mhv2_cluster::access[0m[2m:[0m control-plane access completed [3mrequest_id[0m[2m=[0m3d7221c4-df34-4ae8-b416-b32f461f4e1e [3mroute[0m[2m=[0m"/sandboxes/{id}/public-ports" [3mmethod[0m[2m=[0m"GET" [3mprincipal[0m[2m=[0m"scoped" [3mkey_id[0m[2m=[0m"e337edbd1ce3705e" [3mallowed[0m[2m=[0mfalse [3mstatus[0m[2m=[0m403 [3melapsed_ms[0m[2m=[0m0.006601999999999999
[2m2026-10-04T03:01:37.537275Z[0m [32m INFO[0m [2mhv2_cluster::access[0m[2m:[0m control-plane access completed [3mrequest_id[0m[2m=[0m3747d297-40f3-4147-b015-9e409497eaf8 [3mroute[0m[2m=[0m"/sandboxes/{id}/public-ports" [3mmethod[0m[2m=[0m"GET" [3mprincipal[0m[2m=[0m"scoped" [3mkey_id[0m[2m=[0m"e337edbd1ce3705e" [3mallowed[0m[2m=[0mfalse [3mstatus[0m[2m=[0m403 [3melapsed_ms[0m[2m=[0m0.006141
[2m2026-10-04T03:01:37.542894Z[0m [32m INFO[0m [2mhv2_cluster::access[0m[2m:[0m control-plane access completed [3mrequest_id[0m[2m=[0maadd9347-75df-46f0-807d-0def498427c7 [3mroute[0m[2m=[0m"/sandboxes/{id}/public-ports/{port}" [3mmethod[0m[2m=[0m"DELETE" [3mprincipal[0m[2m=[0m"scoped" [3mkey_id[0m[2m=[0m"e337edbd1ce3705e" [3mallowed[0m[2m=[0mfalse [3mstatus[0m[2m=[0m403 [3melapsed_ms[0m[2m=[0m0.006402
[2m2026-10-04T03:01:37.545216Z[0m [32m INFO[0m [2mhv2_cluster::access[0m[2m:[0m control-plane access completed [3mrequest_id[0m[2m=[0m5f5f2d4b-9886-4e9a-b9fd-6a7abb9d129b [3mroute[0m[2m=[0m"/sandboxes/{id}/public-ports/{port}" [3mmethod[0m[2m=[0m"DELETE" [3mprincipal[0m[2m=[0m"scoped" [3mkey_id[0m[2m=[0m"e337edbd1ce3705e" [3mallowed[0m[2m=[0mfalse [3mstatus[0m[2m=[0m403 [3melapsed_ms[0m[2m=[0m0.006622
[2m2026-10-04T03:01:37.550339Z[0m [32m INFO[0m [2mhv2_cluster::access[0m[2m:[0m control-plane access started [3mrequest_id[0m[2m=[0mc1fed25b-db7c-408e-af0b-be9172b41c13 [3mroute[0m[2m=[0m"/sandboxes/{id}/public-ports/{port}" [3mmethod[0m[2m=[0m"PUT" [3mprincipal[0m[2m=[0m"scoped" [3mkey_id[0m[2m=[0m"556bac936e021986"
[2m2026-10-04T03:01:37.550365Z[0m [32m INFO[0m [2mhv2_cluster::access[0m[2m:[0m control-plane access completed [3mrequest_id[0m[2m=[0mc1fed25b-db7c-408e-af0b-be9172b41c13 [3mroute[0m[2m=[0m"/sandboxes/{id}/public-ports/{port}" [3mmethod[0m[2m=[0m"PUT" [3mprincipal[0m[2m=[0m"scoped" [3mkey_id[0m[2m=[0m"556bac936e021986" [3mallowed[0m[2m=[0mtrue [3mstatus[0m[2m=[0m403 [3melapsed_ms[0m[2m=[0m0.031819999999999994
[2m2026-10-04T03:01:37.552549Z[0m [32m INFO[0m [2mhv2_cluster::access[0m[2m:[0m control-plane access started [3mrequest_id[0m[2m=[0m5ce2b84a-5732-4e7b-9c65-0ee15265d489 [3mroute[0m[2m=[0m"/sandboxes/{id}/public-ports/{port}" [3mmethod[0m[2m=[0m"PUT" [3mprincipal[0m[2m=[0m"scoped" [3mkey_id[0m[2m=[0m"556bac936e021986"
[2m2026-10-04T03:01:37.552578Z[0m [32m INFO[0m [2mhv2_cluster::access[0m[2m:[0m control-plane access completed [3mrequest_id[0m[2m=[0m5ce2b84a-5732-4e7b-9c65-0ee15265d489 [3mroute[0m[2m=[0m"/sandboxes/{id}/public-ports/{port}" [3mmethod[0m[2m=[0m"PUT" [3mprincipal[0m[2m=[0m"scoped" [3mkey_id[0m[2m=[0m"556bac936e021986" [3mallowed[0m[2m=[0mtrue [3mstatus[0m[2m=[0m403 [3melapsed_ms[0m[2m=[0m0.033292
[2m2026-10-04T03:01:37.557665Z[0m [32m INFO[0m [2mhv2_cluster::access[0m[2m:[0m control-plane access started [3mrequest_id[0m[2m=[0m2ce4cabc-e982-49ac-b986-2b4785b45682 [3mroute[0m[2m=[0m"/sandboxes/{id}/public-ports" [3mmethod[0m[2m=[0m"GET" [3mprincipal[0m[2m=[0m"scoped" [3mkey_id[0m[2m=[0m"556bac936e021986"
[2m2026-10-04T03:01:37.557683Z[0m [32m INFO[0m [2mhv2_cluster::access[0m[2m:[0m control-plane access completed [3mrequest_id[0m[2m=[0m2ce4cabc-e982-49ac-b986-2b4785b45682 [3mroute[0m[2m=[0m"/sandboxes/{id}/public-ports" [3mmethod[0m[2m=[0m"GET" [3mprincipal[0m[2m=[0m"scoped" [3mkey_id[0m[2m=[0m"556bac936e021986" [3mallowed[0m[2m=[0mtrue [3mstatus[0m[2m=[0m403 [3melapsed_ms[0m[2m=[0m0.022382
[2m2026-10-04T03:01:37.559970Z[0m [32m INFO[0m [2mhv2_cluster::access[0m[2m:[0m control-plane access started [3mrequest_id[0m[2m=[0m794adaa3-e61d-4e9d-aeec-09fedd6c60ad [3mroute[0m[2m=[0m"/sandboxes/{id}/public-ports" [3mmethod[0m[2m=[0m"GET" [3mprincipal[0m[2m=[0m"scoped" [3mkey_id[0m[2m=[0m"556bac936e021986"
[2m2026-10-04T03:01:37.559981Z[0m [32m INFO[0m [2mhv2_cluster::access[0m[2m:[0m control-plane access completed [3mrequest_id[0m[2m=[0m794adaa3-e61d-4e9d-aeec-09fedd6c60ad [3mroute[0m[2m=[0m"/sandboxes/{id}/public-ports" [3mmethod[0m[2m=[0m"GET" [3mprincipal[0m[2m=[0m"scoped" [3mkey_id[0m[2m=[0m"556bac936e021986" [3mallowed[0m[2m=[0mtrue [3mstatus[0m[2m=[0m403 [3melapsed_ms[0m[2m=[0m0.014677
[2m2026-10-04T03:01:37.565282Z[0m [32m INFO[0m [2mhv2_cluster::access[0m[2m:[0m control-plane access started [3mrequest_id[0m[2m=[0m6273e882-8a33-4678-b223-6958a93c6962 [3mroute[0m[2m=[0m"/sandboxes/{id}/public-ports/{port}" [3mmethod[0m[2m=[0m"DELETE" [3mprincipal[0m[2m=[0m"scoped" [3mkey_id[0m[2m=[0m"556bac936e021986"
[2m2026-10-04T03:01:37.565301Z[0m [32m INFO[0m [2mhv2_cluster::access[0m[2m:[0m control-plane access completed [3mrequest_id[0m[2m=[0m6273e882-8a33-4678-b223-6958a93c6962 [3mroute[0m[2m=[0m"/sandboxes/{id}/public-ports/{port}" [3mmethod[0m[2m=[0m"DELETE" [3mprincipal[0m[2m=[0m"scoped" [3mkey_id[0m[2m=[0m"556bac936e021986" [3mallowed[0m[2m=[0mtrue [3mstatus[0m[2m=[0m403 [3melapsed_ms[0m[2m=[0m0.024396
[2m2026-10-04T03:01:37.567604Z[0m [32m INFO[0m [2mhv2_cluster::access[0m[2m:[0m control-plane access started [3mrequest_id[0m[2m=[0mb8be485c-5176-4506-851d-8e571cdbdf1f [3mroute[0m[2m=[0m"/sandboxes/{id}/public-ports/{port}" [3mmethod[0m[2m=[0m"DELETE" [3mprincipal[0m[2m=[0m"scoped" [3mkey_id[0m[2m=[0m"556bac936e021986"
[2m2026-10-04T03:01:37.567615Z[0m [32m INFO[0m [2mhv2_cluster::access[0m[2m:[0m control-plane access completed [3mrequest_id[0m[2m=[0mb8be485c-5176-4506-851d-8e571cdbdf1f [3mroute[0m[2m=[0m"/sandboxes/{id}/public-ports/{port}" [3mmethod[0m[2m=[0m"DELETE" [3mprincipal[0m[2m=[0m"scoped" [3mkey_id[0m[2m=[0m"556bac936e021986" [3mallowed[0m[2m=[0mtrue [3mstatus[0m[2m=[0m403 [3melapsed_ms[0m[2m=[0m0.015519000000000002
[2m2026-10-04T03:01:37.572792Z[0m [32m INFO[0m [2mhv2_cluster::access[0m[2m:[0m control-plane access started [3mrequest_id[0m[2m=[0m19f5625c-1428-44d2-a11b-eaae000c5f45 [3mroute[0m[2m=[0m"/sandboxes/{id}/public-ports/{port}" [3mmethod[0m[2m=[0m"PUT" [3mprincipal[0m[2m=[0m"legacy_admin" [3mkey_id[0m[2m=[0m"3307f33bf45e53a5"
[2m2026-10-04T03:01:37.572834Z[0m [32m INFO[0m [2mhv2_cluster::access[0m[2m:[0m control-plane access completed [3mrequest_id[0m[2m=[0m19f5625c-1428-44d2-a11b-eaae000c5f45 [3mroute[0m[2m=[0m"/sandboxes/{id}/public-ports/{port}" [3mmethod[0m[2m=[0m"PUT" [3mprincipal[0m[2m=[0m"legacy_admin" [3mkey_id[0m[2m=[0m"3307f33bf45e53a5" [3mallowed[0m[2m=[0mtrue [3mstatus[0m[2m=[0m403 [3melapsed_ms[0m[2m=[0m0.045575000000000004
[2m2026-10-04T03:01:37.575431Z[0m [32m INFO[0m [2mhv2_cluster::access[0m[2m:[0m control-plane access started [3mrequest_id[0m[2m=[0m3e57a34b-53cb-4a49-aa56-a052407c185c [3mroute[0m[2m=[0m"/sandboxes/{id}/public-ports/{port}" [3mmethod[0m[2m=[0m"PUT" [3mprincipal[0m[2m=[0m"legacy_admin" [3mkey_id[0m[2m=[0m"3307f33bf45e53a5"
[2m2026-10-04T03:01:37.575463Z[0m [32m INFO[0m [2mhv2_cluster::access[0m[2m:[0m control-plane access completed [3mrequest_id[0m[2m=[0m3e57a34b-53cb-4a49-aa56-a052407c185c [3mroute[0m[2m=[0m"/sandboxes/{id}/public-ports/{port}" [3mmethod[0m[2m=[0m"PUT" [3mprincipal[0m[2m=[0m"legacy_admin" [3mkey_id[0m[2m=[0m"3307f33bf45e53a5" [3mallowed[0m[2m=[0mtrue [3mstatus[0m[2m=[0m403 [3melapsed_ms[0m[2m=[0m0.035507
[2m2026-10-04T03:01:37.580516Z[0m [32m INFO[0m [2mhv2_cluster::access[0m[2m:[0m control-plane access started [3mrequest_id[0m[2m=[0medb2cfe2-a25d-42ad-8c17-c9ef525fe795 [3mroute[0m[2m=[0m"/sandboxes/{id}/public-ports" [3mmethod[0m[2m=[0m"GET" [3mprincipal[0m[2m=[0m"legacy_admin" [3mkey_id[0m[2m=[0m"3307f33bf45e53a5"
[2m2026-10-04T03:01:37.580534Z[0m [32m INFO[0m [2mhv2_cluster::access[0m[2m:[0m control-plane access completed [3mrequest_id[0m[2m=[0medb2cfe2-a25d-42ad-8c17-c9ef525fe795 [3mroute[0m[2m=[0m"/sandboxes/{id}/public-ports" [3mmethod[0m[2m=[0m"GET" [3mprincipal[0m[2m=[0m"legacy_admin" [3mkey_id[0m[2m=[0m"3307f33bf45e53a5" [3mallowed[0m[2m=[0mtrue [3mstatus[0m[2m=[0m403 [3melapsed_ms[0m[2m=[0m0.022161999999999998
[2m2026-10-04T03:01:37.582860Z[0m [32m INFO[0m [2mhv2_cluster::access[0m[2m:[0m control-plane access started [3mrequest_id[0m[2m=[0m3823d05d-ccc0-430a-8e0e-ff03e26ddc9d [3mroute[0m[2m=[0m"/sandboxes/{id}/public-ports" [3mmethod[0m[2m=[0m"GET" [3mprincipal[0m[2m=[0m"legacy_admin" [3mkey_id[0m[2m=[0m"3307f33bf45e53a5"
[2m2026-10-04T03:01:37.582875Z[0m [32m INFO[0m [2mhv2_cluster::access[0m[2m:[0m control-plane access completed [3mrequest_id[0m[2m=[0m3823d05d-ccc0-430a-8e0e-ff03e26ddc9d [3mroute[0m[2m=[0m"/sandboxes/{id}/public-ports" [3mmethod[0m[2m=[0m"GET" [3mprincipal[0m[2m=[0m"legacy_admin" [3mkey_id[0m[2m=[0m"3307f33bf45e53a5" [3mallowed[0m[2m=[0mtrue [3mstatus[0m[2m=[0m403 [3melapsed_ms[0m[2m=[0m0.018685
[2m2026-10-04T03:01:37.588164Z[0m [32m INFO[0m [2mhv2_cluster::access[0m[2m:[0m control-plane access started [3mrequest_id[0m[2m=[0m89561485-88da-4678-b6e9-e6752fa2a1dc [3mroute[0m[2m=[0m"/sandboxes/{id}/public-ports/{port}" [3mmethod[0m[2m=[0m"DELETE" [3mprincipal[0m[2m=[0m"legacy_admin" [3mkey_id[0m[2m=[0m"3307f33bf45e53a5"
[2m2026-10-04T03:01:37.588181Z[0m [32m INFO[0m [2mhv2_cluster::access[0m[2m:[0m control-plane access completed [3mrequest_id[0m[2m=[0m89561485-88da-4678-b6e9-e6752fa2a1dc [3mroute[0m[2m=[0m"/sandboxes/{id}/public-ports/{port}" [3mmethod[0m[2m=[0m"DELETE" [3mprincipal[0m[2m=[0m"legacy_admin" [3mkey_id[0m[2m=[0m"3307f33bf45e53a5" [3mallowed[0m[2m=[0mtrue [3mstatus[0m[2m=[0m403 [3melapsed_ms[0m[2m=[0m0.020559
[2m2026-10-04T03:01:37.590576Z[0m [32m INFO[0m [2mhv2_cluster::access[0m[2m:[0m control-plane access started [3mrequest_id[0m[2m=[0m55bde6f1-e1c2-445e-a651-bbe6eeac3aea [3mroute[0m[2m=[0m"/sandboxes/{id}/public-ports/{port}" [3mmethod[0m[2m=[0m"DELETE" [3mprincipal[0m[2m=[0m"legacy_admin" [3mkey_id[0m[2m=[0m"3307f33bf45e53a5"
[2m2026-10-04T03:01:37.590591Z[0m [32m INFO[0m [2mhv2_cluster::access[0m[2m:[0m control-plane access completed [3mrequest_id[0m[2m=[0m55bde6f1-e1c2-445e-a651-bbe6eeac3aea [3mroute[0m[2m=[0m"/sandboxes/{id}/public-ports/{port}" [3mmethod[0m[2m=[0m"DELETE" [3mprincipal[0m[2m=[0m"legacy_admin" [3mkey_id[0m[2m=[0m"3307f33bf45e53a5" [3mallowed[0m[2m=[0mtrue [3mstatus[0m[2m=[0m403 [3melapsed_ms[0m[2m=[0m0.018896
[2m2026-10-04T03:01:37.595108Z[0m [32m INFO[0m [2mhv2_cluster::access[0m[2m:[0m control-plane access started [3mrequest_id[0m[2m=[0m99326227-93cb-4668-a66e-797a0f8251d3 [3mroute[0m[2m=[0m"/sandboxes" [3mmethod[0m[2m=[0m"POST" [3mprincipal[0m[2m=[0m"legacy_admin" [3mkey_id[0m[2m=[0m"3307f33bf45e53a5"
[2m2026-10-04T03:01:37.595756Z[0m [32m INFO[0m [2mhv2_core::hypervisor[0m[2m:[0m Detected hypervisor platform: Kvm
[2m2026-10-04T03:01:37.596093Z[0m [32m INFO[0m [2mhv2_core::vm[0m[2m:[0m VM 'sbx-b4b8ac636d2c4e39b73d': vsock device attached at 0xd0000000 (guest CID 100, IRQ 5)
[2m2026-10-04T03:01:37.596101Z[0m [32m INFO[0m [2mhv2_core::devices::serial[0m[2m:[0m Initializing serial device 'COM1' at 0x3F8
[2m2026-10-04T03:01:37.597077Z[0m [32m INFO[0m [2mhv2_core::vm[0m[2m:[0m Provisioned VM 'sbx-b4b8ac636d2c4e39b73d' on the Kvm backend (1 vCPUs, 1024 MiB)
[2m2026-10-04T03:01:37.597301Z[0m [32m INFO[0m [2mhv2_core::vm[0m[2m:[0m VM 'sbx-b4b8ac636d2c4e39b73d' restored from /tmp/hm-udp-kvm-33vw3j7m/snapshots/templates/48454fd837dc52740c691aafc9cb1fdc/template.snap
[2m2026-10-04T03:01:37.597308Z[0m [32m INFO[0m [2mhv2_core::vm[0m[2m:[0m Starting VM 'sbx-b4b8ac636d2c4e39b73d' with 1 vCPUs and 1 GB memory (parallel=true)
[2m2026-10-04T03:01:37.597391Z[0m [32m INFO[0m [2mhv2_core::vm[0m[2m:[0m Starting VM execution for 'sbx-b4b8ac636d2c4e39b73d' with 1 vCPUs
[2m2026-10-04T03:01:37.597397Z[0m [32m INFO[0m [2mhv2_core::vm[0m[2m:[0m Starting parallel execution with 1 vCPU tasks
[2m2026-10-04T03:01:37.597517Z[0m [32m INFO[0m [2mhv2_core::vm[0m[2m:[0m vCPU 0 task started
[2m2026-10-04T03:01:37.610071Z[0m [32m INFO[0m [2mhv2_cluster::access[0m[2m:[0m control-plane access completed [3mrequest_id[0m[2m=[0m99326227-93cb-4668-a66e-797a0f8251d3 [3mroute[0m[2m=[0m"/sandboxes" [3mmethod[0m[2m=[0m"POST" [3mprincipal[0m[2m=[0m"legacy_admin" [3mkey_id[0m[2m=[0m"3307f33bf45e53a5" [3mallowed[0m[2m=[0mtrue [3mstatus[0m[2m=[0m201 [3melapsed_ms[0m[2m=[0m14.964982
[2m2026-10-04T03:01:37.619708Z[0m [32m INFO[0m [2mhv2_cluster::access[0m[2m:[0m control-plane access started [3mrequest_id[0m[2m=[0m9bcc9f83-d729-417f-b625-081f8d1dd2fd [3mroute[0m[2m=[0m"/sandboxes/{id}/public-ports/{port}" [3mmethod[0m[2m=[0m"PUT" [3mprincipal[0m[2m=[0m"scoped" [3mkey_id[0m[2m=[0m"689619212f65a21b"
[2m2026-10-04T03:01:37.619935Z[0m [32m INFO[0m [2mhv2_cluster::access[0m[2m:[0m control-plane access completed [3mrequest_id[0m[2m=[0m9bcc9f83-d729-417f-b625-081f8d1dd2fd [3mroute[0m[2m=[0m"/sandboxes/{id}/public-ports/{port}" [3mmethod[0m[2m=[0m"PUT" [3mprincipal[0m[2m=[0m"scoped" [3mkey_id[0m[2m=[0m"689619212f65a21b" [3mallowed[0m[2m=[0mtrue [3mstatus[0m[2m=[0m403 [3melapsed_ms[0m[2m=[0m0.236193
[2m2026-10-04T03:01:37.622695Z[0m [32m INFO[0m [2mhv2_cluster::access[0m[2m:[0m control-plane access started [3mrequest_id[0m[2m=[0m8c81ad0c-aa59-4c8e-9b0d-af2ed6183f0a [3mroute[0m[2m=[0m"/sandboxes/{id}/public-ports/{port}" [3mmethod[0m[2m=[0m"PUT" [3mprincipal[0m[2m=[0m"scoped" [3mkey_id[0m[2m=[0m"689619212f65a21b"
[2m2026-10-04T03:01:37.622909Z[0m [32m INFO[0m [2mhv2_cluster::access[0m[2m:[0m control-plane access completed [3mrequest_id[0m[2m=[0m8c81ad0c-aa59-4c8e-9b0d-af2ed6183f0a [3mroute[0m[2m=[0m"/sandboxes/{id}/public-ports/{port}" [3mmethod[0m[2m=[0m"PUT" [3mprincipal[0m[2m=[0m"scoped" [3mkey_id[0m[2m=[0m"689619212f65a21b" [3mallowed[0m[2m=[0mtrue [3mstatus[0m[2m=[0m403 [3melapsed_ms[0m[2m=[0m0.220594
[2m2026-10-04T03:01:37.628096Z[0m [32m INFO[0m [2mhv2_cluster::access[0m[2m:[0m control-plane access started [3mrequest_id[0m[2m=[0mbfd87ac5-cfbc-401b-88c0-64af5920010c [3mroute[0m[2m=[0m"/sandboxes/{id}/public-ports" [3mmethod[0m[2m=[0m"GET" [3mprincipal[0m[2m=[0m"scoped" [3mkey_id[0m[2m=[0m"689619212f65a21b"
[2m2026-10-04T03:01:37.628264Z[0m [32m INFO[0m [2mhv2_cluster::access[0m[2m:[0m control-plane access completed [3mrequest_id[0m[2m=[0mbfd87ac5-cfbc-401b-88c0-64af5920010c [3mroute[0m[2m=[0m"/sandboxes/{id}/public-ports" [3mmethod[0m[2m=[0m"GET" [3mprincipal[0m[2m=[0m"scoped" [3mkey_id[0m[2m=[0m"689619212f65a21b" [3mallowed[0m[2m=[0mtrue [3mstatus[0m[2m=[0m403 [3melapsed_ms[0m[2m=[0m0.173465
[2m2026-10-04T03:01:37.630762Z[0m [32m INFO[0m [2mhv2_cluster::access[0m[2m:[0m control-plane access started [3mrequest_id[0m[2m=[0m3517f791-f782-44d7-9d20-4b406845e514 [3mroute[0m[2m=[0m"/sandboxes/{id}/public-ports" [3mmethod[0m[2m=[0m"GET" [3mprincipal[0m[2m=[0m"scoped" [3mkey_id[0m[2m=[0m"689619212f65a21b"
[2m2026-10-04T03:01:37.630910Z[0m [32m INFO[0m [2mhv2_cluster::access[0m[2m:[0m control-plane access completed [3mrequest_id[0m[2m=[0m3517f791-f782-44d7-9d20-4b406845e514 [3mroute[0m[2m=[0m"/sandboxes/{id}/public-ports" [3mmethod[0m[2m=[0m"GET" [3mprincipal[0m[2m=[0m"scoped" [3mkey_id[0m[2m=[0m"689619212f65a21b" [3mallowed[0m[2m=[0mtrue [3mstatus[0m[2m=[0m403 [3melapsed_ms[0m[2m=[0m0.15373900000000001
[2m2026-10-04T03:01:37.636473Z[0m [32m INFO[0m [2mhv2_cluster::access[0m[2m:[0m control-plane access started [3mrequest_id[0m[2m=[0m85da81a7-8f37-47e1-857f-905fc77576b0 [3mroute[0m[2m=[0m"/sandboxes/{id}/public-ports/{port}" [3mmethod[0m[2m=[0m"DELETE" [3mprincipal[0m[2m=[0m"scoped" [3mkey_id[0m[2m=[0m"689619212f65a21b"
[2m2026-10-04T03:01:37.636695Z[0m [32m INFO[0m [2mhv2_cluster::access[0m[2m:[0m control-plane access completed [3mrequest_id[0m[2m=[0m85da81a7-8f37-47e1-857f-905fc77576b0 [3mroute[0m[2m=[0m"/sandboxes/{id}/public-ports/{port}" [3mmethod[0m[2m=[0m"DELETE" [3mprincipal[0m[2m=[0m"scoped" [3mkey_id[0m[2m=[0m"689619212f65a21b" [3mallowed[0m[2m=[0mtrue [3mstatus[0m[2m=[0m403 [3melapsed_ms[0m[2m=[0m0.226825
[2m2026-10-04T03:01:37.639024Z[0m [32m INFO[0m [2mhv2_cluster::access[0m[2m:[0m control-plane access started [3mrequest_id[0m[2m=[0m4c90a5a8-8797-4084-8b4e-5e2adf2c8292 [3mroute[0m[2m=[0m"/sandboxes/{id}/public-ports/{port}" [3mmethod[0m[2m=[0m"DELETE" [3mprincipal[0m[2m=[0m"scoped" [3mkey_id[0m[2m=[0m"689619212f65a21b"
[2m2026-10-04T03:01:37.639163Z[0m [32m INFO[0m [2mhv2_cluster::access[0m[2m:[0m control-plane access completed [3mrequest_id[0m[2m=[0m4c90a5a8-8797-4084-8b4e-5e2adf2c8292 [3mroute[0m[2m=[0m"/sandboxes/{id}/public-ports/{port}" [3mmethod[0m[2m=[0m"DELETE" [3mprincipal[0m[2m=[0m"scoped" [3mkey_id[0m[2m=[0m"689619212f65a21b" [3mallowed[0m[2m=[0mtrue [3mstatus[0m[2m=[0m403 [3melapsed_ms[0m[2m=[0m0.14373899999999998
[2m2026-10-04T03:01:37.640114Z[0m [32m INFO[0m [2mhv2_cluster::access[0m[2m:[0m control-plane access started [3mrequest_id[0m[2m=[0m56ea74a4-455f-499c-b426-46539fb50c3e [3mroute[0m[2m=[0m"/sandboxes/{id}" [3mmethod[0m[2m=[0m"DELETE" [3mprincipal[0m[2m=[0m"scoped" [3mkey_id[0m[2m=[0m"689619212f65a21b"
[2m2026-10-04T03:01:37.640597Z[0m [32m INFO[0m [2mhv2_core::vm[0m[2m:[0m vCPU 0 task exited (exits=20)
[2m2026-10-04T03:01:37.640664Z[0m [32m INFO[0m [2mhv2_core::vm[0m[2m:[0m VM parallel execution completed for 'sbx-b4b8ac636d2c4e39b73d'
[2m2026-10-04T03:01:37.640673Z[0m [32m INFO[0m [2mhv2_core::vm[0m[2m:[0m VM 'sbx-b4b8ac636d2c4e39b73d' stopped
[2m2026-10-04T03:01:37.698044Z[0m [32m INFO[0m [2mhv2_cluster::access[0m[2m:[0m control-plane access completed [3mrequest_id[0m[2m=[0m56ea74a4-455f-499c-b426-46539fb50c3e [3mroute[0m[2m=[0m"/sandboxes/{id}" [3mmethod[0m[2m=[0m"DELETE" [3mprincipal[0m[2m=[0m"scoped" [3mkey_id[0m[2m=[0m"689619212f65a21b" [3mallowed[0m[2m=[0mtrue [3mstatus[0m[2m=[0m204 [3melapsed_ms[0m[2m=[0m57.930091000000004
[2m2026-10-04T03:01:37.704533Z[0m [32m INFO[0m [2mhv2_cluster::access[0m[2m:[0m control-plane access started [3mrequest_id[0m[2m=[0mb64ec6d6-72c6-4474-ba77-d13add981880 [3mroute[0m[2m=[0m"/sandboxes/{id}/public-ports/{port}" [3mmethod[0m[2m=[0m"PUT" [3mprincipal[0m[2m=[0m"scoped" [3mkey_id[0m[2m=[0m"689619212f65a21b"
[2m2026-10-04T03:01:37.704816Z[0m [32m INFO[0m [2mhv2_cluster::access[0m[2m:[0m control-plane access completed [3mrequest_id[0m[2m=[0mb64ec6d6-72c6-4474-ba77-d13add981880 [3mroute[0m[2m=[0m"/sandboxes/{id}/public-ports/{port}" [3mmethod[0m[2m=[0m"PUT" [3mprincipal[0m[2m=[0m"scoped" [3mkey_id[0m[2m=[0m"689619212f65a21b" [3mallowed[0m[2m=[0mtrue [3mstatus[0m[2m=[0m202 [3melapsed_ms[0m[2m=[0m0.291446
native gateway started
[2m2026-10-04T03:01:38.182423Z[0m [32m INFO[0m [2mhv2_cluster::access[0m[2m:[0m control-plane access started [3mrequest_id[0m[2m=[0m22150162-6e3e-4549-be7c-a163b5b97592 [3mroute[0m[2m=[0m"/sandboxes/{id}/ports/{port}/udp" [3mmethod[0m[2m=[0m"GET" [3mprincipal[0m[2m=[0m"scoped" [3mkey_id[0m[2m=[0m"689619212f65a21b"
[2m2026-10-04T03:01:38.182423Z[0m [32m INFO[0m [2mhv2_cluster::access[0m[2m:[0m control-plane access started [3mrequest_id[0m[2m=[0m01ed1803-c491-43c1-98e3-f8ded96a7127 [3mroute[0m[2m=[0m"/sandboxes/{id}/ports/{port}/udp" [3mmethod[0m[2m=[0m"GET" [3mprincipal[0m[2m=[0m"scoped" [3mkey_id[0m[2m=[0m"689619212f65a21b"
[2m2026-10-04T03:01:38.182535Z[0m [32m INFO[0m [2mhv2_cluster::access[0m[2m:[0m control-plane access started [3mrequest_id[0m[2m=[0m0af3be0b-6d49-4295-b10a-7064c99951b6 [3mroute[0m[2m=[0m"/sandboxes/{id}/ports/{port}/udp" [3mmethod[0m[2m=[0m"GET" [3mprincipal[0m[2m=[0m"scoped" [3mkey_id[0m[2m=[0m"689619212f65a21b"
[2m2026-10-04T03:01:38.182741Z[0m [32m INFO[0m [2mhv2_cluster::access[0m[2m:[0m control-plane access started [3mrequest_id[0m[2m=[0m485ba8ea-3b9d-4bb0-9f38-50568f245183 [3mroute[0m[2m=[0m"/sandboxes/{id}/ports/{port}/udp" [3mmethod[0m[2m=[0m"GET" [3mprincipal[0m[2m=[0m"scoped" [3mkey_id[0m[2m=[0m"689619212f65a21b"
[2m2026-10-04T03:01:38.182958Z[0m [32m INFO[0m [2mhv2_cluster::access[0m[2m:[0m control-plane access started [3mrequest_id[0m[2m=[0mae76b75c-4b00-4019-bde8-dc7d575fe9e0 [3mroute[0m[2m=[0m"/sandboxes/{id}/ports/{port}/udp" [3mmethod[0m[2m=[0m"GET" [3mprincipal[0m[2m=[0m"scoped" [3mkey_id[0m[2m=[0m"689619212f65a21b"
[2m2026-10-04T03:01:38.183627Z[0m [32m INFO[0m [2mhv2_cluster::access[0m[2m:[0m control-plane access started [3mrequest_id[0m[2m=[0m98282796-4378-4c06-a212-deb81bc3f51b [3mroute[0m[2m=[0m"/sandboxes/{id}/ports/{port}/udp" [3mmethod[0m[2m=[0m"GET" [3mprincipal[0m[2m=[0m"scoped" [3mkey_id[0m[2m=[0m"689619212f65a21b"
[2m2026-10-04T03:01:38.183917Z[0m [32m INFO[0m [2mhv2_cluster::access[0m[2m:[0m control-plane access started [3mrequest_id[0m[2m=[0mf762e4bf-86ae-47e3-bc60-db6cf06ac2ce [3mroute[0m[2m=[0m"/sandboxes/{id}/ports/{port}/udp" [3mmethod[0m[2m=[0m"GET" [3mprincipal[0m[2m=[0m"scoped" [3mkey_id[0m[2m=[0m"689619212f65a21b"
[2m2026-10-04T03:01:38.184080Z[0m [32m INFO[0m [2mhv2_cluster::access[0m[2m:[0m control-plane access started [3mrequest_id[0m[2m=[0mb993d41d-1f8b-42c4-93c4-6a4e534f2661 [3mroute[0m[2m=[0m"/sandboxes/{id}/ports/{port}/udp" [3mmethod[0m[2m=[0m"GET" [3mprincipal[0m[2m=[0m"scoped" [3mkey_id[0m[2m=[0m"689619212f65a21b"
[2m2026-10-04T03:01:38.203480Z[0m [32m INFO[0m [2mhv2_cluster::access[0m[2m:[0m control-plane access completed [3mrequest_id[0m[2m=[0m485ba8ea-3b9d-4bb0-9f38-50568f245183 [3mroute[0m[2m=[0m"/sandboxes/{id}/ports/{port}/udp" [3mmethod[0m[2m=[0m"GET" [3mprincipal[0m[2m=[0m"scoped" [3mkey_id[0m[2m=[0m"689619212f65a21b" [3mallowed[0m[2m=[0mtrue [3mstatus[0m[2m=[0m101 [3melapsed_ms[0m[2m=[0m20.739996
[2m2026-10-04T03:01:38.205700Z[0m [32m INFO[0m [2mhv2_cluster::access[0m[2m:[0m control-plane access completed [3mrequest_id[0m[2m=[0m0af3be0b-6d49-4295-b10a-7064c99951b6 [3mroute[0m[2m=[0m"/sandboxes/{id}/ports/{port}/udp" [3mmethod[0m[2m=[0m"GET" [3mprincipal[0m[2m=[0m"scoped" [3mkey_id[0m[2m=[0m"689619212f65a21b" [3mallowed[0m[2m=[0mtrue [3mstatus[0m[2m=[0m101 [3melapsed_ms[0m[2m=[0m23.166161000000002
[2m2026-10-04T03:01:38.207360Z[0m [32m INFO[0m [2mhv2_cluster::access[0m[2m:[0m control-plane access completed [3mrequest_id[0m[2m=[0mf762e4bf-86ae-47e3-bc60-db6cf06ac2ce [3mroute[0m[2m=[0m"/sandboxes/{id}/ports/{port}/udp" [3mmethod[0m[2m=[0m"GET" [3mprincipal[0m[2m=[0m"scoped" [3mkey_id[0m[2m=[0m"689619212f65a21b" [3mallowed[0m[2m=[0mtrue [3mstatus[0m[2m=[0m101 [3melapsed_ms[0m[2m=[0m23.444366000000002
[2m2026-10-04T03:01:38.209580Z[0m [32m INFO[0m [2mhv2_cluster::access[0m[2m:[0m control-plane access completed [3mrequest_id[0m[2m=[0mb993d41d-1f8b-42c4-93c4-6a4e534f2661 [3mroute[0m[2m=[0m"/sandboxes/{id}/ports/{port}/udp" [3mmethod[0m[2m=[0m"GET" [3mprincipal[0m[2m=[0m"scoped" [3mkey_id[0m[2m=[0m"689619212f65a21b" [3mallowed[0m[2m=[0mtrue [3mstatus[0m[2m=[0m101 [3melapsed_ms[0m[2m=[0m25.501223
[2m2026-10-04T03:01:38.211140Z[0m [32m INFO[0m [2mhv2_cluster::access[0m[2m:[0m control-plane access completed [3mrequest_id[0m[2m=[0m98282796-4378-4c06-a212-deb81bc3f51b [3mroute[0m[2m=[0m"/sandboxes/{id}/ports/{port}/udp" [3mmethod[0m[2m=[0m"GET" [3mprincipal[0m[2m=[0m"scoped" [3mkey_id[0m[2m=[0m"689619212f65a21b" [3mallowed[0m[2m=[0mtrue [3mstatus[0m[2m=[0m101 [3melapsed_ms[0m[2m=[0m27.514008
[2m2026-10-04T03:01:38.213246Z[0m [32m INFO[0m [2mhv2_cluster::access[0m[2m:[0m control-plane access completed [3mrequest_id[0m[2m=[0m22150162-6e3e-4549-be7c-a163b5b97592 [3mroute[0m[2m=[0m"/sandboxes/{id}/ports/{port}/udp" [3mmethod[0m[2m=[0m"GET" [3mprincipal[0m[2m=[0m"scoped" [3mkey_id[0m[2m=[0m"689619212f65a21b" [3mallowed[0m[2m=[0mtrue [3mstatus[0m[2m=[0m101 [3melapsed_ms[0m[2m=[0m30.834986
[2m2026-10-04T03:01:38.215758Z[0m [32m INFO[0m [2mhv2_cluster::access[0m[2m:[0m control-plane access completed [3mrequest_id[0m[2m=[0mae76b75c-4b00-4019-bde8-dc7d575fe9e0 [3mroute[0m[2m=[0m"/sandboxes/{id}/ports/{port}/udp" [3mmethod[0m[2m=[0m"GET" [3mprincipal[0m[2m=[0m"scoped" [3mkey_id[0m[2m=[0m"689619212f65a21b" [3mallowed[0m[2m=[0mtrue [3mstatus[0m[2m=[0m101 [3melapsed_ms[0m[2m=[0m32.803838
[2m2026-10-04T03:01:38.218028Z[0m [32m INFO[0m [2mhv2_cluster::access[0m[2m:[0m control-plane access completed [3mrequest_id[0m[2m=[0m01ed1803-c491-43c1-98e3-f8ded96a7127 [3mroute[0m[2m=[0m"/sandboxes/{id}/ports/{port}/udp" [3mmethod[0m[2m=[0m"GET" [3mprincipal[0m[2m=[0m"scoped" [3mkey_id[0m[2m=[0m"689619212f65a21b" [3mallowed[0m[2m=[0mtrue [3mstatus[0m[2m=[0m101 [3melapsed_ms[0m[2m=[0m35.616674
[2m2026-10-04T03:01:47.727963Z[0m [32m INFO[0m [2mhv2_cluster::access[0m[2m:[0m control-plane access started [3mrequest_id[0m[2m=[0ma6a74894-50bd-4321-87bd-7911994d44ed [3mroute[0m[2m=[0m"/sandboxes/{id}/fork" [3mmethod[0m[2m=[0m"POST" [3mprincipal[0m[2m=[0m"scoped" [3mkey_id[0m[2m=[0m"689619212f65a21b"
[2m2026-10-04T03:01:47.728668Z[0m [32m INFO[0m [2mhv2_core::vm[0m[2m:[0m VM 'sbx-5e7aac9dae9d40a88b17' paused
[2m2026-10-04T03:01:47.735281Z[0m [32m INFO[0m [2mhv2_core::vm[0m[2m:[0m VM 'sbx-5e7aac9dae9d40a88b17' snapshotted to /tmp/hm-udp-kvm-33vw3j7m/snapshots/paused/sbx-5e7aac9dae9d40a88b17-fork-4e8029724f084baa857b17fd14ddb8c0.snap
[2m2026-10-04T03:01:47.735333Z[0m [32m INFO[0m [2mhv2_core::vm[0m[2m:[0m VM 'sbx-5e7aac9dae9d40a88b17' resumed
[2m2026-10-04T03:01:47.735395Z[0m [32m INFO[0m [2mhv2_core::hypervisor[0m[2m:[0m Detected hypervisor platform: Kvm
[2m2026-10-04T03:01:47.735420Z[0m [32m INFO[0m [2mhv2_core::hypervisor[0m[2m:[0m Detected hypervisor platform: Kvm
[2m2026-10-04T03:01:47.735682Z[0m [32m INFO[0m [2mhv2_core::vm[0m[2m:[0m VM 'sbx-8a922c8be4014d41942d': vsock device attached at 0xd0000000 (guest CID 100, IRQ 5)
[2m2026-10-04T03:01:47.735688Z[0m [32m INFO[0m [2mhv2_core::devices::serial[0m[2m:[0m Initializing serial device 'COM1' at 0x3F8
[2m2026-10-04T03:01:47.735719Z[0m [32m INFO[0m [2mhv2_core::vm[0m[2m:[0m VM 'sbx-985beecaee89411bb01a': vsock device attached at 0xd0000000 (guest CID 100, IRQ 5)
[2m2026-10-04T03:01:47.735725Z[0m [32m INFO[0m [2mhv2_core::devices::serial[0m[2m:[0m Initializing serial device 'COM1' at 0x3F8
[2m2026-10-04T03:01:47.736743Z[0m [32m INFO[0m [2mhv2_core::vm[0m[2m:[0m Provisioned VM 'sbx-985beecaee89411bb01a' on the Kvm backend (1 vCPUs, 1024 MiB)
[2m2026-10-04T03:01:47.736752Z[0m [32m INFO[0m [2mhv2_core::vm[0m[2m:[0m Provisioned VM 'sbx-8a922c8be4014d41942d' on the Kvm backend (1 vCPUs, 1024 MiB)
[2m2026-10-04T03:01:47.744085Z[0m [32m INFO[0m [2mhv2_core::vm[0m[2m:[0m VM 'sbx-8a922c8be4014d41942d' restored from /tmp/hm-udp-kvm-33vw3j7m/snapshots/paused/sbx-5e7aac9dae9d40a88b17-fork-4e8029724f084baa857b17fd14ddb8c0.snap
[2m2026-10-04T03:01:47.744109Z[0m [32m INFO[0m [2mhv2_core::vm[0m[2m:[0m Starting VM 'sbx-8a922c8be4014d41942d' with 1 vCPUs and 1 GB memory (parallel=true)
[2m2026-10-04T03:01:47.744127Z[0m [32m INFO[0m [2mhv2_core::vm[0m[2m:[0m VM 'sbx-985beecaee89411bb01a' restored from /tmp/hm-udp-kvm-33vw3j7m/snapshots/paused/sbx-5e7aac9dae9d40a88b17-fork-4e8029724f084baa857b17fd14ddb8c0.snap
[2m2026-10-04T03:01:47.744136Z[0m [32m INFO[0m [2mhv2_core::vm[0m[2m:[0m Starting VM 'sbx-985beecaee89411bb01a' with 1 vCPUs and 1 GB memory (parallel=true)
[2m2026-10-04T03:01:47.744221Z[0m [32m INFO[0m [2mhv2_core::vm[0m[2m:[0m Starting VM execution for 'sbx-985beecaee89411bb01a' with 1 vCPUs
[2m2026-10-04T03:01:47.744227Z[0m [32m INFO[0m [2mhv2_core::vm[0m[2m:[0m Starting parallel execution with 1 vCPU tasks
[2m2026-10-04T03:01:47.744309Z[0m [32m INFO[0m [2mhv2_core::vm[0m[2m:[0m Starting VM execution for 'sbx-8a922c8be4014d41942d' with 1 vCPUs
[2m2026-10-04T03:01:47.744324Z[0m [32m INFO[0m [2mhv2_core::vm[0m[2m:[0m Starting parallel execution with 1 vCPU tasks
[2m2026-10-04T03:01:47.744394Z[0m [32m INFO[0m [2mhv2_core::vm[0m[2m:[0m vCPU 0 task started
[2m2026-10-04T03:01:47.744537Z[0m [32m INFO[0m [2mhv2_core::vm[0m[2m:[0m vCPU 0 task started
[2m2026-10-04T03:01:47.752075Z[0m [32m INFO[0m [2mhv2_cluster::access[0m[2m:[0m control-plane access completed [3mrequest_id[0m[2m=[0ma6a74894-50bd-4321-87bd-7911994d44ed [3mroute[0m[2m=[0m"/sandboxes/{id}/fork" [3mmethod[0m[2m=[0m"POST" [3mprincipal[0m[2m=[0m"scoped" [3mkey_id[0m[2m=[0m"689619212f65a21b" [3mallowed[0m[2m=[0mtrue [3mstatus[0m[2m=[0m201 [3melapsed_ms[0m[2m=[0m24.121618
[2m2026-10-04T03:01:47.761221Z[0m [32m INFO[0m [2mhv2_cluster::access[0m[2m:[0m control-plane access started [3mrequest_id[0m[2m=[0ma8d933d2-e3c7-4c25-868a-c918cd17c9b4 [3mroute[0m[2m=[0m"/sandboxes/{id}" [3mmethod[0m[2m=[0m"DELETE" [3mprincipal[0m[2m=[0m"scoped" [3mkey_id[0m[2m=[0m"689619212f65a21b"
[2m2026-10-04T03:01:47.761955Z[0m [32m INFO[0m [2mhv2_core::vm[0m[2m:[0m vCPU 0 task exited (exits=18)
[2m2026-10-04T03:01:47.762025Z[0m [32m INFO[0m [2mhv2_core::vm[0m[2m:[0m VM parallel execution completed for 'sbx-985beecaee89411bb01a'
[2m2026-10-04T03:01:47.762034Z[0m [32m INFO[0m [2mhv2_core::vm[0m[2m:[0m VM 'sbx-985beecaee89411bb01a' stopped
[2m2026-10-04T03:01:47.817767Z[0m [32m INFO[0m [2mhv2_cluster::access[0m[2m:[0m control-plane access completed [3mrequest_id[0m[2m=[0ma8d933d2-e3c7-4c25-868a-c918cd17c9b4 [3mroute[0m[2m=[0m"/sandboxes/{id}" [3mmethod[0m[2m=[0m"DELETE" [3mprincipal[0m[2m=[0m"scoped" [3mkey_id[0m[2m=[0m"689619212f65a21b" [3mallowed[0m[2m=[0mtrue [3mstatus[0m[2m=[0m204 [3melapsed_ms[0m[2m=[0m56.560209
[2m2026-10-04T03:01:47.826594Z[0m [32m INFO[0m [2mhv2_cluster::access[0m[2m:[0m control-plane access started [3mrequest_id[0m[2m=[0m189b65c2-b651-4105-a787-4d0aa48fbc1f [3mroute[0m[2m=[0m"/sandboxes/{id}" [3mmethod[0m[2m=[0m"DELETE" [3mprincipal[0m[2m=[0m"scoped" [3mkey_id[0m[2m=[0m"689619212f65a21b"
[2m2026-10-04T03:01:47.827136Z[0m [32m INFO[0m [2mhv2_core::vm[0m[2m:[0m vCPU 0 task exited (exits=33)
[2m2026-10-04T03:01:47.827201Z[0m [32m INFO[0m [2mhv2_core::vm[0m[2m:[0m VM parallel execution completed for 'sbx-8a922c8be4014d41942d'
[2m2026-10-04T03:01:47.827210Z[0m [32m INFO[0m [2mhv2_core::vm[0m[2m:[0m VM 'sbx-8a922c8be4014d41942d' stopped
[2m2026-10-04T03:01:47.881899Z[0m [32m INFO[0m [2mhv2_cluster::access[0m[2m:[0m control-plane access completed [3mrequest_id[0m[2m=[0m189b65c2-b651-4105-a787-4d0aa48fbc1f [3mroute[0m[2m=[0m"/sandboxes/{id}" [3mmethod[0m[2m=[0m"DELETE" [3mprincipal[0m[2m=[0m"scoped" [3mkey_id[0m[2m=[0m"689619212f65a21b" [3mallowed[0m[2m=[0mtrue [3mstatus[0m[2m=[0m204 [3melapsed_ms[0m[2m=[0m55.314282
[2m2026-10-04T03:01:47.894762Z[0m [32m INFO[0m [2mhv2_cluster::access[0m[2m:[0m control-plane access started [3mrequest_id[0m[2m=[0m6c187632-2d81-48ec-8cfd-b6a964f6a41f [3mroute[0m[2m=[0m"/sandboxes/{id}/public-ports/{port}" [3mmethod[0m[2m=[0m"PUT" [3mprincipal[0m[2m=[0m"scoped" [3mkey_id[0m[2m=[0m"689619212f65a21b"
[2m2026-10-04T03:01:47.895026Z[0m [32m INFO[0m [2mhv2_cluster::access[0m[2m:[0m control-plane access completed [3mrequest_id[0m[2m=[0m6c187632-2d81-48ec-8cfd-b6a964f6a41f [3mroute[0m[2m=[0m"/sandboxes/{id}/public-ports/{port}" [3mmethod[0m[2m=[0m"PUT" [3mprincipal[0m[2m=[0m"scoped" [3mkey_id[0m[2m=[0m"689619212f65a21b" [3mallowed[0m[2m=[0mtrue [3mstatus[0m[2m=[0m202 [3melapsed_ms[0m[2m=[0m0.274595
[2m2026-10-04T03:01:47.920155Z[0m [32m INFO[0m [2mhv2_cluster::access[0m[2m:[0m control-plane access started [3mrequest_id[0m[2m=[0m003f3ed1-1e0d-467f-9546-416a92db7660 [3mroute[0m[2m=[0m"/sandboxes/{id}/public-ports/{port}" [3mmethod[0m[2m=[0m"PUT" [3mprincipal[0m[2m=[0m"scoped" [3mkey_id[0m[2m=[0m"689619212f65a21b"
[2m2026-10-04T03:01:47.920425Z[0m [32m INFO[0m [2mhv2_cluster::access[0m[2m:[0m control-plane access completed [3mrequest_id[0m[2m=[0m003f3ed1-1e0d-467f-9546-416a92db7660 [3mroute[0m[2m=[0m"/sandboxes/{id}/public-ports/{port}" [3mmethod[0m[2m=[0m"PUT" [3mprincipal[0m[2m=[0m"scoped" [3mkey_id[0m[2m=[0m"689619212f65a21b" [3mallowed[0m[2m=[0mtrue [3mstatus[0m[2m=[0m202 [3melapsed_ms[0m[2m=[0m0.280016
[2m2026-10-04T03:01:47.951344Z[0m [32m INFO[0m [2mhv2_cluster::access[0m[2m:[0m control-plane access started [3mrequest_id[0m[2m=[0m154b883a-fc2f-4d60-88a8-9b7de3b81573 [3mroute[0m[2m=[0m"/sandboxes/{id}/public-ports" [3mmethod[0m[2m=[0m"GET" [3mprincipal[0m[2m=[0m"scoped" [3mkey_id[0m[2m=[0m"689619212f65a21b"
[2m2026-10-04T03:01:47.951546Z[0m [32m INFO[0m [2mhv2_cluster::access[0m[2m:[0m control-plane access completed [3mrequest_id[0m[2m=[0m154b883a-fc2f-4d60-88a8-9b7de3b81573 [3mroute[0m[2m=[0m"/sandboxes/{id}/public-ports" [3mmethod[0m[2m=[0m"GET" [3mprincipal[0m[2m=[0m"scoped" [3mkey_id[0m[2m=[0m"689619212f65a21b" [3mallowed[0m[2m=[0mtrue [3mstatus[0m[2m=[0m200 [3melapsed_ms[0m[2m=[0m0.21064
[2m2026-10-04T03:01:47.953702Z[0m [32m INFO[0m [2mhv2_cluster::access[0m[2m:[0m control-plane access started [3mrequest_id[0m[2m=[0m64323481-63d4-4339-87ff-fd31716385eb [3mroute[0m[2m=[0m"/sandboxes/{id}/public-ports/{port}" [3mmethod[0m[2m=[0m"PUT" [3mprincipal[0m[2m=[0m"scoped" [3mkey_id[0m[2m=[0m"689619212f65a21b"
[2m2026-10-04T03:01:47.953924Z[0m [32m INFO[0m [2mhv2_cluster::access[0m[2m:[0m control-plane access completed [3mrequest_id[0m[2m=[0m64323481-63d4-4339-87ff-fd31716385eb [3mroute[0m[2m=[0m"/sandboxes/{id}/public-ports/{port}" [3mmethod[0m[2m=[0m"PUT" [3mprincipal[0m[2m=[0m"scoped" [3mkey_id[0m[2m=[0m"689619212f65a21b" [3mallowed[0m[2m=[0mtrue [3mstatus[0m[2m=[0m503 [3melapsed_ms[0m[2m=[0m0.228459
[2m2026-10-04T03:01:47.955017Z[0m [32m INFO[0m [2mhv2_cluster::access[0m[2m:[0m control-plane access started [3mrequest_id[0m[2m=[0m0b5b0ee5-0a93-436d-acd5-06a1084b70e7 [3mroute[0m[2m=[0m"/sandboxes/{id}/public-ports/{port}" [3mmethod[0m[2m=[0m"PUT" [3mprincipal[0m[2m=[0m"scoped" [3mkey_id[0m[2m=[0m"689619212f65a21b"
[2m2026-10-04T03:01:47.955043Z[0m [32m INFO[0m [2mhv2_cluster::access[0m[2m:[0m control-plane access completed [3mrequest_id[0m[2m=[0m0b5b0ee5-0a93-436d-acd5-06a1084b70e7 [3mroute[0m[2m=[0m"/sandboxes/{id}/public-ports/{port}" [3mmethod[0m[2m=[0m"PUT" [3mprincipal[0m[2m=[0m"scoped" [3mkey_id[0m[2m=[0m"689619212f65a21b" [3mallowed[0m[2m=[0mtrue [3mstatus[0m[2m=[0m400 [3melapsed_ms[0m[2m=[0m0.031328999999999996
hv2-control-plane: API key policies reloaded
[2m2026-10-04T03:01:47.956069Z[0m [32m INFO[0m [2mhv2_cluster::access[0m[2m:[0m control-plane access started [3mrequest_id[0m[2m=[0m6cf40233-ef58-49df-b8d4-ab73e326c372 [3mroute[0m[2m=[0m"/sandboxes/{id}/public-ports" [3mmethod[0m[2m=[0m"GET" [3mprincipal[0m[2m=[0m"scoped" [3mkey_id[0m[2m=[0m"b43abb460dbae2d2"
[2m2026-10-04T03:01:47.956225Z[0m [32m INFO[0m [2mhv2_cluster::access[0m[2m:[0m control-plane access completed [3mrequest_id[0m[2m=[0m6cf40233-ef58-49df-b8d4-ab73e326c372 [3mroute[0m[2m=[0m"/sandboxes/{id}/public-ports" [3mmethod[0m[2m=[0m"GET" [3mprincipal[0m[2m=[0m"scoped" [3mkey_id[0m[2m=[0m"b43abb460dbae2d2" [3mallowed[0m[2m=[0mtrue [3mstatus[0m[2m=[0m200 [3melapsed_ms[0m[2m=[0m0.16015100000000002
[2m2026-10-04T03:01:47.957188Z[0m [32m INFO[0m [2mhv2_cluster::access[0m[2m:[0m control-plane access completed [3mrequest_id[0m[2m=[0m74209925-bd30-4aa7-885f-d1508009e13a [3mroute[0m[2m=[0m"/sandboxes/{id}/public-ports" [3mmethod[0m[2m=[0m"GET" [3mprincipal[0m[2m=[0m"unauthenticated" [3mkey_id[0m[2m=[0m"none" [3mallowed[0m[2m=[0mfalse [3mstatus[0m[2m=[0m401 [3melapsed_ms[0m[2m=[0m0.004608
[2m2026-10-04T03:01:47.963263Z[0m [32m INFO[0m [2mhv2_cluster::access[0m[2m:[0m control-plane access completed [3mrequest_id[0m[2m=[0med0382e0-3c97-4f62-9266-7f205ce7cfcd [3mroute[0m[2m=[0m"/sandboxes/{id}/public-ports" [3mmethod[0m[2m=[0m"GET" [3mprincipal[0m[2m=[0m"unauthenticated" [3mkey_id[0m[2m=[0m"none" [3mallowed[0m[2m=[0mfalse [3mstatus[0m[2m=[0m401 [3melapsed_ms[0m[2m=[0m0.0048590000000000005
[2m2026-10-04T03:01:47.971545Z[0m [32m INFO[0m [2mhv2_cluster::access[0m[2m:[0m control-plane access started [3mrequest_id[0m[2m=[0mf7ff540b-f858-4fcf-9645-7869b73d38db [3mroute[0m[2m=[0m"/sandboxes/{id}/public-ports" [3mmethod[0m[2m=[0m"GET" [3mprincipal[0m[2m=[0m"scoped" [3mkey_id[0m[2m=[0m"b43abb460dbae2d2"
[2m2026-10-04T03:01:47.971728Z[0m [32m INFO[0m [2mhv2_cluster::access[0m[2m:[0m control-plane access completed [3mrequest_id[0m[2m=[0mf7ff540b-f858-4fcf-9645-7869b73d38db [3mroute[0m[2m=[0m"/sandboxes/{id}/public-ports" [3mmethod[0m[2m=[0m"GET" [3mprincipal[0m[2m=[0m"scoped" [3mkey_id[0m[2m=[0m"b43abb460dbae2d2" [3mallowed[0m[2m=[0mtrue [3mstatus[0m[2m=[0m200 [3melapsed_ms[0m[2m=[0m0.187642
[2m2026-10-04T03:01:47.985302Z[0m [32m INFO[0m [2mhv2_cluster::access[0m[2m:[0m control-plane access started [3mrequest_id[0m[2m=[0m9b47bd11-0302-4ba4-b953-4dc714f0fec4 [3mroute[0m[2m=[0m"/sandboxes/{id}/public-ports/{port}" [3mmethod[0m[2m=[0m"DELETE" [3mprincipal[0m[2m=[0m"scoped" [3mkey_id[0m[2m=[0m"b43abb460dbae2d2"
[2m2026-10-04T03:01:47.985562Z[0m [32m INFO[0m [2mhv2_cluster::access[0m[2m:[0m control-plane access completed [3mrequest_id[0m[2m=[0m9b47bd11-0302-4ba4-b953-4dc714f0fec4 [3mroute[0m[2m=[0m"/sandboxes/{id}/public-ports/{port}" [3mmethod[0m[2m=[0m"DELETE" [3mprincipal[0m[2m=[0m"scoped" [3mkey_id[0m[2m=[0m"b43abb460dbae2d2" [3mallowed[0m[2m=[0mtrue [3mstatus[0m[2m=[0m204 [3melapsed_ms[0m[2m=[0m0.271399
[2m2026-10-04T03:01:47.993500Z[0m [32m INFO[0m [2mhv2_cluster::access[0m[2m:[0m control-plane access started [3mrequest_id[0m[2m=[0ma7a0dd3d-afa0-4684-83df-8a2de607c109 [3mroute[0m[2m=[0m"/sandboxes/{id}/public-ports" [3mmethod[0m[2m=[0m"GET" [3mprincipal[0m[2m=[0m"scoped" [3mkey_id[0m[2m=[0m"b43abb460dbae2d2"
[2m2026-10-04T03:01:47.993713Z[0m [32m INFO[0m [2mhv2_cluster::access[0m[2m:[0m control-plane access completed [3mrequest_id[0m[2m=[0ma7a0dd3d-afa0-4684-83df-8a2de607c109 [3mroute[0m[2m=[0m"/sandboxes/{id}/public-ports" [3mmethod[0m[2m=[0m"GET" [3mprincipal[0m[2m=[0m"scoped" [3mkey_id[0m[2m=[0m"b43abb460dbae2d2" [3mallowed[0m[2m=[0mtrue [3mstatus[0m[2m=[0m200 [3melapsed_ms[0m[2m=[0m0.222969
[2m2026-10-04T03:01:47.999675Z[0m [32m INFO[0m [2mhv2_cluster::access[0m[2m:[0m control-plane access started [3mrequest_id[0m[2m=[0m7f9d3eaa-2239-4a47-8dd5-7732676baf50 [3mroute[0m[2m=[0m"/sandboxes/{id}/public-ports" [3mmethod[0m[2m=[0m"GET" [3mprincipal[0m[2m=[0m"scoped" [3mkey_id[0m[2m=[0m"b43abb460dbae2d2"
[2m2026-10-04T03:01:47.999870Z[0m [32m INFO[0m [2mhv2_cluster::access[0m[2m:[0m control-plane access completed [3mrequest_id[0m[2m=[0m7f9d3eaa-2239-4a47-8dd5-7732676baf50 [3mroute[0m[2m=[0m"/sandboxes/{id}/public-ports" [3mmethod[0m[2m=[0m"GET" [3mprincipal[0m[2m=[0m"scoped" [3mkey_id[0m[2m=[0m"b43abb460dbae2d2" [3mallowed[0m[2m=[0mtrue [3mstatus[0m[2m=[0m200 [3melapsed_ms[0m[2m=[0m0.201208
[2m2026-10-04T03:01:48.006465Z[0m [32m INFO[0m [2mhv2_cluster::access[0m[2m:[0m control-plane access started [3mrequest_id[0m[2m=[0m867f1139-9ed0-4f47-89d0-5879105db398 [3mroute[0m[2m=[0m"/sandboxes/{id}/public-ports/{port}" [3mmethod[0m[2m=[0m"DELETE" [3mprincipal[0m[2m=[0m"scoped" [3mkey_id[0m[2m=[0m"b43abb460dbae2d2"
[2m2026-10-04T03:01:48.006662Z[0m [32m INFO[0m [2mhv2_cluster::access[0m[2m:[0m control-plane access completed [3mrequest_id[0m[2m=[0m867f1139-9ed0-4f47-89d0-5879105db398 [3mroute[0m[2m=[0m"/sandboxes/{id}/public-ports/{port}" [3mmethod[0m[2m=[0m"DELETE" [3mprincipal[0m[2m=[0m"scoped" [3mkey_id[0m[2m=[0m"b43abb460dbae2d2" [3mallowed[0m[2m=[0mtrue [3mstatus[0m[2m=[0m404 [3melapsed_ms[0m[2m=[0m0.203932
[2m2026-10-04T03:01:48.013518Z[0m [32m INFO[0m [2mhv2_cluster::access[0m[2m:[0m control-plane access started [3mrequest_id[0m[2m=[0mabbd15ce-16b9-44ad-affe-cd3e389c8651 [3mroute[0m[2m=[0m"/sandboxes/{id}/public-ports/{port}" [3mmethod[0m[2m=[0m"PUT" [3mprincipal[0m[2m=[0m"scoped" [3mkey_id[0m[2m=[0m"b43abb460dbae2d2"
[2m2026-10-04T03:01:48.013750Z[0m [32m INFO[0m [2mhv2_cluster::access[0m[2m:[0m control-plane access completed [3mrequest_id[0m[2m=[0mabbd15ce-16b9-44ad-affe-cd3e389c8651 [3mroute[0m[2m=[0m"/sandboxes/{id}/public-ports/{port}" [3mmethod[0m[2m=[0m"PUT" [3mprincipal[0m[2m=[0m"scoped" [3mkey_id[0m[2m=[0m"b43abb460dbae2d2" [3mallowed[0m[2m=[0mtrue [3mstatus[0m[2m=[0m202 [3melapsed_ms[0m[2m=[0m0.238006
[2m2026-10-04T03:01:48.044940Z[0m [32m INFO[0m [2mhv2_cluster::access[0m[2m:[0m control-plane access started [3mrequest_id[0m[2m=[0me1d44b1d-3070-4ce6-94cf-9fc984629151 [3mroute[0m[2m=[0m"/sandboxes/{id}/public-ports/{port}" [3mmethod[0m[2m=[0m"PUT" [3mprincipal[0m[2m=[0m"scoped" [3mkey_id[0m[2m=[0m"b43abb460dbae2d2"
[2m2026-10-04T03:01:48.045232Z[0m [32m INFO[0m [2mhv2_cluster::access[0m[2m:[0m control-plane access completed [3mrequest_id[0m[2m=[0me1d44b1d-3070-4ce6-94cf-9fc984629151 [3mroute[0m[2m=[0m"/sandboxes/{id}/public-ports/{port}" [3mmethod[0m[2m=[0m"PUT" [3mprincipal[0m[2m=[0m"scoped" [3mkey_id[0m[2m=[0m"b43abb460dbae2d2" [3mallowed[0m[2m=[0mtrue [3mstatus[0m[2m=[0m202 [3melapsed_ms[0m[2m=[0m0.33266399999999996
[2m2026-10-04T03:01:48.059397Z[0m [32m INFO[0m [2mhv2_cluster::access[0m[2m:[0m control-plane access started [3mrequest_id[0m[2m=[0med8d65b3-20af-4e15-943b-18f1918bd49a [3mroute[0m[2m=[0m"/sandboxes/{id}/ports/{port}/udp" [3mmethod[0m[2m=[0m"GET" [3mprincipal[0m[2m=[0m"scoped" [3mkey_id[0m[2m=[0m"b43abb460dbae2d2"
[2m2026-10-04T03:01:48.061348Z[0m [32m INFO[0m [2mhv2_cluster::access[0m[2m:[0m control-plane access completed [3mrequest_id[0m[2m=[0med8d65b3-20af-4e15-943b-18f1918bd49a [3mroute[0m[2m=[0m"/sandboxes/{id}/ports/{port}/udp" [3mmethod[0m[2m=[0m"GET" [3mprincipal[0m[2m=[0m"scoped" [3mkey_id[0m[2m=[0m"b43abb460dbae2d2" [3mallowed[0m[2m=[0mtrue [3mstatus[0m[2m=[0m101 [3melapsed_ms[0m[2m=[0m1.961459
[2m2026-10-04T03:01:48.063137Z[0m [32m INFO[0m [2mhv2_cluster::access[0m[2m:[0m control-plane access started [3mrequest_id[0m[2m=[0m7bce3757-e993-453f-80de-87d563382ac8 [3mroute[0m[2m=[0m"/sandboxes/{id}/pause" [3mmethod[0m[2m=[0m"POST" [3mprincipal[0m[2m=[0m"scoped" [3mkey_id[0m[2m=[0m"b43abb460dbae2d2"
[2m2026-10-04T03:01:48.063668Z[0m [32m INFO[0m [2mhv2_core::vm[0m[2m:[0m VM 'sbx-5e7aac9dae9d40a88b17' paused
[2m2026-10-04T03:01:48.070730Z[0m [32m INFO[0m [2mhv2_core::vm[0m[2m:[0m VM 'sbx-5e7aac9dae9d40a88b17' snapshotted to /tmp/hm-udp-kvm-33vw3j7m/snapshots/paused/sbx-5e7aac9dae9d40a88b17.snap
[2m2026-10-04T03:01:48.070804Z[0m [32m INFO[0m [2mhv2_core::vm[0m[2m:[0m vCPU 0 task exited (exits=121752)
[2m2026-10-04T03:01:48.070871Z[0m [32m INFO[0m [2mhv2_core::vm[0m[2m:[0m VM parallel execution completed for 'sbx-5e7aac9dae9d40a88b17'
[2m2026-10-04T03:01:48.070879Z[0m [32m INFO[0m [2mhv2_core::vm[0m[2m:[0m VM 'sbx-5e7aac9dae9d40a88b17' stopped
[2m2026-10-04T03:01:48.110001Z[0m [32m INFO[0m [2mhv2_cluster::access[0m[2m:[0m control-plane access completed [3mrequest_id[0m[2m=[0m7bce3757-e993-453f-80de-87d563382ac8 [3mroute[0m[2m=[0m"/sandboxes/{id}/pause" [3mmethod[0m[2m=[0m"POST" [3mprincipal[0m[2m=[0m"scoped" [3mkey_id[0m[2m=[0m"b43abb460dbae2d2" [3mallowed[0m[2m=[0mtrue [3mstatus[0m[2m=[0m204 [3melapsed_ms[0m[2m=[0m46.867866
[2m2026-10-04T03:01:49.072671Z[0m [32m INFO[0m [2mhv2_cluster::access[0m[2m:[0m control-plane access started [3mrequest_id[0m[2m=[0m285ba5cc-c95b-4c30-b0bd-a1a6ff2c33e3 [3mroute[0m[2m=[0m"/sandboxes/{id}/resume" [3mmethod[0m[2m=[0m"POST" [3mprincipal[0m[2m=[0m"scoped" [3mkey_id[0m[2m=[0m"b43abb460dbae2d2"
[2m2026-10-04T03:01:49.073576Z[0m [32m INFO[0m [2mhv2_core::hypervisor[0m[2m:[0m Detected hypervisor platform: Kvm
[2m2026-10-04T03:01:49.073864Z[0m [32m INFO[0m [2mhv2_core::vm[0m[2m:[0m VM 'sbx-5e7aac9dae9d40a88b17': vsock device attached at 0xd0000000 (guest CID 100, IRQ 5)
[2m2026-10-04T03:01:49.073872Z[0m [32m INFO[0m [2mhv2_core::devices::serial[0m[2m:[0m Initializing serial device 'COM1' at 0x3F8
[2m2026-10-04T03:01:49.075324Z[0m [32m INFO[0m [2mhv2_core::vm[0m[2m:[0m Provisioned VM 'sbx-5e7aac9dae9d40a88b17' on the Kvm backend (1 vCPUs, 1024 MiB)
[2m2026-10-04T03:01:49.081888Z[0m [32m INFO[0m [2mhv2_core::vm[0m[2m:[0m VM 'sbx-5e7aac9dae9d40a88b17' restored from /tmp/hm-udp-kvm-33vw3j7m/snapshots/paused/sbx-5e7aac9dae9d40a88b17.snap
[2m2026-10-04T03:01:49.081904Z[0m [32m INFO[0m [2mhv2_core::vm[0m[2m:[0m Starting VM 'sbx-5e7aac9dae9d40a88b17' with 1 vCPUs and 1 GB memory (parallel=true)
[2m2026-10-04T03:01:49.082011Z[0m [32m INFO[0m [2mhv2_core::vm[0m[2m:[0m Starting VM execution for 'sbx-5e7aac9dae9d40a88b17' with 1 vCPUs
[2m2026-10-04T03:01:49.082018Z[0m [32m INFO[0m [2mhv2_core::vm[0m[2m:[0m Starting parallel execution with 1 vCPU tasks
[2m2026-10-04T03:01:49.082157Z[0m [32m INFO[0m [2mhv2_core::vm[0m[2m:[0m vCPU 0 task started
[2m2026-10-04T03:01:49.092657Z[0m [32m INFO[0m [2mhv2_cluster::access[0m[2m:[0m control-plane access completed [3mrequest_id[0m[2m=[0m285ba5cc-c95b-4c30-b0bd-a1a6ff2c33e3 [3mroute[0m[2m=[0m"/sandboxes/{id}/resume" [3mmethod[0m[2m=[0m"POST" [3mprincipal[0m[2m=[0m"scoped" [3mkey_id[0m[2m=[0m"b43abb460dbae2d2" [3mallowed[0m[2m=[0mtrue [3mstatus[0m[2m=[0m201 [3melapsed_ms[0m[2m=[0m19.996564000000003
[2m2026-10-04T03:01:49.094119Z[0m [32m INFO[0m [2mhv2_cluster::access[0m[2m:[0m control-plane access started [3mrequest_id[0m[2m=[0me5571c9d-2af1-4042-bf25-dfbaa7a18b0e [3mroute[0m[2m=[0m"/sandboxes/{id}/ports/{port}/udp" [3mmethod[0m[2m=[0m"GET" [3mprincipal[0m[2m=[0m"scoped" [3mkey_id[0m[2m=[0m"b43abb460dbae2d2"
[2m2026-10-04T03:01:49.096275Z[0m [32m INFO[0m [2mhv2_cluster::access[0m[2m:[0m control-plane access completed [3mrequest_id[0m[2m=[0me5571c9d-2af1-4042-bf25-dfbaa7a18b0e [3mroute[0m[2m=[0m"/sandboxes/{id}/ports/{port}/udp" [3mmethod[0m[2m=[0m"GET" [3mprincipal[0m[2m=[0m"scoped" [3mkey_id[0m[2m=[0m"b43abb460dbae2d2" [3mallowed[0m[2m=[0mtrue [3mstatus[0m[2m=[0m101 [3melapsed_ms[0m[2m=[0m2.163524
[2m2026-10-04T03:01:49.129865Z[0m [32m INFO[0m [2mhv2_cluster::access[0m[2m:[0m control-plane access started [3mrequest_id[0m[2m=[0m50cdffa0-567a-4a1a-bdd2-8715b3332cbd [3mroute[0m[2m=[0m"/sandboxes/{id}" [3mmethod[0m[2m=[0m"DELETE" [3mprincipal[0m[2m=[0m"scoped" [3mkey_id[0m[2m=[0m"b43abb460dbae2d2"
[2m2026-10-04T03:01:49.130430Z[0m [32m INFO[0m [2mhv2_core::vm[0m[2m:[0m vCPU 0 task exited (exits=90)
[2m2026-10-04T03:01:49.130496Z[0m [32m INFO[0m [2mhv2_core::vm[0m[2m:[0m VM parallel execution completed for 'sbx-5e7aac9dae9d40a88b17'
[2m2026-10-04T03:01:49.130505Z[0m [32m INFO[0m [2mhv2_core::vm[0m[2m:[0m VM 'sbx-5e7aac9dae9d40a88b17' stopped
[2m2026-10-04T03:01:49.178003Z[0m [32m INFO[0m [2mhv2_cluster::access[0m[2m:[0m control-plane access completed [3mrequest_id[0m[2m=[0m50cdffa0-567a-4a1a-bdd2-8715b3332cbd [3mroute[0m[2m=[0m"/sandboxes/{id}" [3mmethod[0m[2m=[0m"DELETE" [3mprincipal[0m[2m=[0m"scoped" [3mkey_id[0m[2m=[0m"b43abb460dbae2d2" [3mallowed[0m[2m=[0mtrue [3mstatus[0m[2m=[0m204 [3melapsed_ms[0m[2m=[0m48.148159
[2m2026-10-04T03:01:50.130523Z[0m [32m INFO[0m [2mhv2_cluster::access[0m[2m:[0m control-plane access started [3mrequest_id[0m[2m=[0mf56697f9-32be-4b5b-8066-964149cb8afd [3mroute[0m[2m=[0m"/sandboxes" [3mmethod[0m[2m=[0m"GET" [3mprincipal[0m[2m=[0m"scoped" [3mkey_id[0m[2m=[0m"b43abb460dbae2d2"
[2m2026-10-04T03:01:50.130780Z[0m [32m INFO[0m [2mhv2_cluster::access[0m[2m:[0m control-plane access completed [3mrequest_id[0m[2m=[0mf56697f9-32be-4b5b-8066-964149cb8afd [3mroute[0m[2m=[0m"/sandboxes" [3mmethod[0m[2m=[0m"GET" [3mprincipal[0m[2m=[0m"scoped" [3mkey_id[0m[2m=[0m"b43abb460dbae2d2" [3mallowed[0m[2m=[0mtrue [3mstatus[0m[2m=[0m200 [3melapsed_ms[0m[2m=[0m0.271027
[2m2026-10-04T03:01:50.139027Z[0m [32m INFO[0m [2mhv2_api::tls[0m[2m:[0m TLS server shutting down
6765:signal-handler (1791082910) Received SIGTERM scheduling shutdown...
6765:M 03 Oct 2026 20:01:50.155 * User requested shutdown...
6765:M 03 Oct 2026 20:01:50.155 # Redis is now ready to exit, bye bye...
