7686:C 03 Oct 2026 19:42:00.570 # WARNING Memory overcommit must be enabled! Without it, a background save or replication may fail under low memory condition. Being disabled, it can also cause failures without low memory condition, see https://github.com/jemalloc/jemalloc/issues/1328. To fix this issue add 'vm.overcommit_memory = 1' to /etc/sysctl.conf and then reboot or run the command 'sysctl vm.overcommit_memory=1' for this to take effect.
7686:C 03 Oct 2026 19:42:00.570 * oO0OoO0OoO0Oo Redis is starting oO0OoO0OoO0Oo
7686:C 03 Oct 2026 19:42:00.570 * Redis version=8.0.2, bits=64, commit=00000000, modified=0, pid=7686, just started
7686:C 03 Oct 2026 19:42:00.570 * Configuration loaded
7686:M 03 Oct 2026 19:42:00.570 * monotonic clock: POSIX clock_gettime
7686:M 03 Oct 2026 19:42:00.571 * Running mode=standalone, port=33245.
7686:M 03 Oct 2026 19:42:00.572 * Server initialized
7686:M 03 Oct 2026 19:42:00.572 * Ready to accept connections tcp
[2m2026-10-04T02:42:00.595479Z[0m [32m INFO[0m [2mhv2_api::sandbox_proxy[0m[2m:[0m sandbox proxy listening on 0.0.0.0:45929
hv2-control-plane: E2B API on 0.0.0.0:45325, envd proxy on 0.0.0.0:45929, store redis://127.0.0.1:33245
[2m2026-10-04T02:42:00.610384Z[0m [32m INFO[0m [2mhv2_core::hypervisor[0m[2m:[0m Detected hypervisor platform: Kvm
[2m2026-10-04T02:42:00.610933Z[0m [32m INFO[0m [2mhv2_core::vm[0m[2m:[0m VM 'template': vsock device attached at 0xd0000000 (guest CID 100, IRQ 5)
[2m2026-10-04T02:42:00.610948Z[0m [32m INFO[0m [2mhv2_core::devices::serial[0m[2m:[0m Initializing serial device 'COM1' at 0x3F8
[2m2026-10-04T02:42:00.625750Z[0m [32m INFO[0m [2mhv2_core::vm[0m[2m:[0m Provisioned VM 'template' on the Kvm backend (1 vCPUs, 1024 MiB)
[2m2026-10-04T02:42:00.635945Z[0m [32m INFO[0m [2mhv2_core::backends::kvm[0m[2m:[0m KVM: Linux kernel loaded at 0x100000, boot_params at 0x90000
[2m2026-10-04T02:42:00.635979Z[0m [32m INFO[0m [2mhv2_core::vm[0m[2m:[0m VM 'template': loaded linux boot image (15501289 bytes), entry 0x100000
[2m2026-10-04T02:42:00.635995Z[0m [32m INFO[0m [2mhv2_core::vm[0m[2m:[0m Starting VM 'template' with 1 vCPUs and 1 GB memory (parallel=true)
[2m2026-10-04T02:42:00.636376Z[0m [32m INFO[0m [2mhv2_core::vm[0m[2m:[0m Starting VM execution for 'template' with 1 vCPUs
[2m2026-10-04T02:42:00.636403Z[0m [32m INFO[0m [2mhv2_core::vm[0m[2m:[0m Starting parallel execution with 1 vCPU tasks
[2m2026-10-04T02:42:00.636721Z[0m [32m INFO[0m [2mhv2_core::vm[0m[2m:[0m vCPU 0 task started
[2m2026-10-04T02:42:00.643668Z[0m [32m INFO[0m [2mhv2_cluster::access[0m[2m:[0m control-plane access started [3mrequest_id[0m[2m=[0m37f7fba1-3972-4d95-a9b3-3ec8122d6354 [3mroute[0m[2m=[0m"/sandboxes" [3mmethod[0m[2m=[0m"GET" [3mprincipal[0m[2m=[0m"scoped" [3mkey_id[0m[2m=[0m"9ba20d3039657e09"
[2m2026-10-04T02:42:00.644242Z[0m [32m INFO[0m [2mhv2_cluster::access[0m[2m:[0m control-plane access completed [3mrequest_id[0m[2m=[0m37f7fba1-3972-4d95-a9b3-3ec8122d6354 [3mroute[0m[2m=[0m"/sandboxes" [3mmethod[0m[2m=[0m"GET" [3mprincipal[0m[2m=[0m"scoped" [3mkey_id[0m[2m=[0m"9ba20d3039657e09" [3mallowed[0m[2m=[0mtrue [3mstatus[0m[2m=[0m200 [3melapsed_ms[0m[2m=[0m0.610435
[2m2026-10-04T02:42:00.646552Z[0m [32m INFO[0m [2mhv2_cluster::access[0m[2m:[0m control-plane access started [3mrequest_id[0m[2m=[0mdbc84ef7-8dfb-4a69-9ea0-3ed8c458c1e6 [3mroute[0m[2m=[0m"/templates" [3mmethod[0m[2m=[0m"GET" [3mprincipal[0m[2m=[0m"scoped" [3mkey_id[0m[2m=[0m"9ba20d3039657e09"
[2m2026-10-04T02:42:00.646767Z[0m [32m INFO[0m [2mhv2_cluster::access[0m[2m:[0m control-plane access completed [3mrequest_id[0m[2m=[0mdbc84ef7-8dfb-4a69-9ea0-3ed8c458c1e6 [3mroute[0m[2m=[0m"/templates" [3mmethod[0m[2m=[0m"GET" [3mprincipal[0m[2m=[0m"scoped" [3mkey_id[0m[2m=[0m"9ba20d3039657e09" [3mallowed[0m[2m=[0mtrue [3mstatus[0m[2m=[0m200 [3melapsed_ms[0m[2m=[0m0.226214
[2m2026-10-04T02:42:00.699240Z[0m [32m INFO[0m [2mhv2_cluster::access[0m[2m:[0m control-plane access started [3mrequest_id[0m[2m=[0m4979884c-6a3e-40a5-8681-0504b89781d9 [3mroute[0m[2m=[0m"/sandboxes" [3mmethod[0m[2m=[0m"GET" [3mprincipal[0m[2m=[0m"scoped" [3mkey_id[0m[2m=[0m"9ba20d3039657e09"
[2m2026-10-04T02:42:00.699535Z[0m [32m INFO[0m [2mhv2_cluster::access[0m[2m:[0m control-plane access completed [3mrequest_id[0m[2m=[0m4979884c-6a3e-40a5-8681-0504b89781d9 [3mroute[0m[2m=[0m"/sandboxes" [3mmethod[0m[2m=[0m"GET" [3mprincipal[0m[2m=[0m"scoped" [3mkey_id[0m[2m=[0m"9ba20d3039657e09" [3mallowed[0m[2m=[0mtrue [3mstatus[0m[2m=[0m200 [3melapsed_ms[0m[2m=[0m0.311164
[2m2026-10-04T02:42:00.701547Z[0m [32m INFO[0m [2mhv2_cluster::access[0m[2m:[0m control-plane access started [3mrequest_id[0m[2m=[0ma1cde960-cad5-4c2f-b28c-e3f52e93d76d [3mroute[0m[2m=[0m"/templates" [3mmethod[0m[2m=[0m"GET" [3mprincipal[0m[2m=[0m"scoped" [3mkey_id[0m[2m=[0m"9ba20d3039657e09"
[2m2026-10-04T02:42:00.701716Z[0m [32m INFO[0m [2mhv2_cluster::access[0m[2m:[0m control-plane access completed [3mrequest_id[0m[2m=[0ma1cde960-cad5-4c2f-b28c-e3f52e93d76d [3mroute[0m[2m=[0m"/templates" [3mmethod[0m[2m=[0m"GET" [3mprincipal[0m[2m=[0m"scoped" [3mkey_id[0m[2m=[0m"9ba20d3039657e09" [3mallowed[0m[2m=[0mtrue [3mstatus[0m[2m=[0m200 [3melapsed_ms[0m[2m=[0m0.18084899999999998
[2m2026-10-04T02:42:00.754108Z[0m [32m INFO[0m [2mhv2_cluster::access[0m[2m:[0m control-plane access started [3mrequest_id[0m[2m=[0m46041732-46ec-49c9-9ae7-3e8f4805d0e2 [3mroute[0m[2m=[0m"/sandboxes" [3mmethod[0m[2m=[0m"GET" [3mprincipal[0m[2m=[0m"scoped" [3mkey_id[0m[2m=[0m"9ba20d3039657e09"
[2m2026-10-04T02:42:00.754607Z[0m [32m INFO[0m [2mhv2_cluster::access[0m[2m:[0m control-plane access completed [3mrequest_id[0m[2m=[0m46041732-46ec-49c9-9ae7-3e8f4805d0e2 [3mroute[0m[2m=[0m"/sandboxes" [3mmethod[0m[2m=[0m"GET" [3mprincipal[0m[2m=[0m"scoped" [3mkey_id[0m[2m=[0m"9ba20d3039657e09" [3mallowed[0m[2m=[0mtrue [3mstatus[0m[2m=[0m200 [3melapsed_ms[0m[2m=[0m0.524504
[2m2026-10-04T02:42:00.756847Z[0m [32m INFO[0m [2mhv2_cluster::access[0m[2m:[0m control-plane access started [3mrequest_id[0m[2m=[0m324e0d93-8c28-4800-9b19-7a4877513178 [3mroute[0m[2m=[0m"/templates" [3mmethod[0m[2m=[0m"GET" [3mprincipal[0m[2m=[0m"scoped" [3mkey_id[0m[2m=[0m"9ba20d3039657e09"
[2m2026-10-04T02:42:00.757058Z[0m [32m INFO[0m [2mhv2_cluster::access[0m[2m:[0m control-plane access completed [3mrequest_id[0m[2m=[0m324e0d93-8c28-4800-9b19-7a4877513178 [3mroute[0m[2m=[0m"/templates" [3mmethod[0m[2m=[0m"GET" [3mprincipal[0m[2m=[0m"scoped" [3mkey_id[0m[2m=[0m"9ba20d3039657e09" [3mallowed[0m[2m=[0mtrue [3mstatus[0m[2m=[0m200 [3melapsed_ms[0m[2m=[0m0.225322
[2m2026-10-04T02:42:00.809331Z[0m [32m INFO[0m [2mhv2_cluster::access[0m[2m:[0m control-plane access started [3mrequest_id[0m[2m=[0mda1d45c3-5dfb-4f64-af7c-164a13998a10 [3mroute[0m[2m=[0m"/sandboxes" [3mmethod[0m[2m=[0m"GET" [3mprincipal[0m[2m=[0m"scoped" [3mkey_id[0m[2m=[0m"9ba20d3039657e09"
[2m2026-10-04T02:42:00.809610Z[0m [32m INFO[0m [2mhv2_cluster::access[0m[2m:[0m control-plane access completed [3mrequest_id[0m[2m=[0mda1d45c3-5dfb-4f64-af7c-164a13998a10 [3mroute[0m[2m=[0m"/sandboxes" [3mmethod[0m[2m=[0m"GET" [3mprincipal[0m[2m=[0m"scoped" [3mkey_id[0m[2m=[0m"9ba20d3039657e09" [3mallowed[0m[2m=[0mtrue [3mstatus[0m[2m=[0m200 [3melapsed_ms[0m[2m=[0m0.299045
[2m2026-10-04T02:42:00.811413Z[0m [32m INFO[0m [2mhv2_cluster::access[0m[2m:[0m control-plane access started [3mrequest_id[0m[2m=[0mc8189a82-afaa-4698-802a-84f9090aaae8 [3mroute[0m[2m=[0m"/templates" [3mmethod[0m[2m=[0m"GET" [3mprincipal[0m[2m=[0m"scoped" [3mkey_id[0m[2m=[0m"9ba20d3039657e09"
[2m2026-10-04T02:42:00.811630Z[0m [32m INFO[0m [2mhv2_cluster::access[0m[2m:[0m control-plane access completed [3mrequest_id[0m[2m=[0mc8189a82-afaa-4698-802a-84f9090aaae8 [3mroute[0m[2m=[0m"/templates" [3mmethod[0m[2m=[0m"GET" [3mprincipal[0m[2m=[0m"scoped" [3mkey_id[0m[2m=[0m"9ba20d3039657e09" [3mallowed[0m[2m=[0mtrue [3mstatus[0m[2m=[0m200 [3melapsed_ms[0m[2m=[0m0.231995
[2m2026-10-04T02:42:00.865228Z[0m [32m INFO[0m [2mhv2_cluster::access[0m[2m:[0m control-plane access started [3mrequest_id[0m[2m=[0m1fc0d25f-c092-4691-9816-4cfe672f4e37 [3mroute[0m[2m=[0m"/sandboxes" [3mmethod[0m[2m=[0m"GET" [3mprincipal[0m[2m=[0m"scoped" [3mkey_id[0m[2m=[0m"9ba20d3039657e09"
[2m2026-10-04T02:42:00.865605Z[0m [32m INFO[0m [2mhv2_cluster::access[0m[2m:[0m control-plane access completed [3mrequest_id[0m[2m=[0m1fc0d25f-c092-4691-9816-4cfe672f4e37 [3mroute[0m[2m=[0m"/sandboxes" [3mmethod[0m[2m=[0m"GET" [3mprincipal[0m[2m=[0m"scoped" [3mkey_id[0m[2m=[0m"9ba20d3039657e09" [3mallowed[0m[2m=[0mtrue [3mstatus[0m[2m=[0m200 [3melapsed_ms[0m[2m=[0m0.40516
[2m2026-10-04T02:42:00.867622Z[0m [32m INFO[0m [2mhv2_cluster::access[0m[2m:[0m control-plane access started [3mrequest_id[0m[2m=[0m962bcfd6-3c59-42c9-a65a-1302dcd7b32a [3mroute[0m[2m=[0m"/templates" [3mmethod[0m[2m=[0m"GET" [3mprincipal[0m[2m=[0m"scoped" [3mkey_id[0m[2m=[0m"9ba20d3039657e09"
[2m2026-10-04T02:42:00.867802Z[0m [32m INFO[0m [2mhv2_cluster::access[0m[2m:[0m control-plane access completed [3mrequest_id[0m[2m=[0m962bcfd6-3c59-42c9-a65a-1302dcd7b32a [3mroute[0m[2m=[0m"/templates" [3mmethod[0m[2m=[0m"GET" [3mprincipal[0m[2m=[0m"scoped" [3mkey_id[0m[2m=[0m"9ba20d3039657e09" [3mallowed[0m[2m=[0mtrue [3mstatus[0m[2m=[0m200 [3melapsed_ms[0m[2m=[0m0.189335
[2m2026-10-04T02:42:00.920152Z[0m [32m INFO[0m [2mhv2_cluster::access[0m[2m:[0m control-plane access started [3mrequest_id[0m[2m=[0mb5888228-66f3-4e40-9562-e48c41717a8d [3mroute[0m[2m=[0m"/sandboxes" [3mmethod[0m[2m=[0m"GET" [3mprincipal[0m[2m=[0m"scoped" [3mkey_id[0m[2m=[0m"9ba20d3039657e09"
[2m2026-10-04T02:42:00.920394Z[0m [32m INFO[0m [2mhv2_cluster::access[0m[2m:[0m control-plane access completed [3mrequest_id[0m[2m=[0mb5888228-66f3-4e40-9562-e48c41717a8d [3mroute[0m[2m=[0m"/sandboxes" [3mmethod[0m[2m=[0m"GET" [3mprincipal[0m[2m=[0m"scoped" [3mkey_id[0m[2m=[0m"9ba20d3039657e09" [3mallowed[0m[2m=[0mtrue [3mstatus[0m[2m=[0m200 [3melapsed_ms[0m[2m=[0m0.26082900000000003
[2m2026-10-04T02:42:00.921963Z[0m [32m INFO[0m [2mhv2_cluster::access[0m[2m:[0m control-plane access started [3mrequest_id[0m[2m=[0m22fc9f6b-21d0-46c6-a7b6-97686d3c732a [3mroute[0m[2m=[0m"/templates" [3mmethod[0m[2m=[0m"GET" [3mprincipal[0m[2m=[0m"scoped" [3mkey_id[0m[2m=[0m"9ba20d3039657e09"
[2m2026-10-04T02:42:00.922176Z[0m [32m INFO[0m [2mhv2_cluster::access[0m[2m:[0m control-plane access completed [3mrequest_id[0m[2m=[0m22fc9f6b-21d0-46c6-a7b6-97686d3c732a [3mroute[0m[2m=[0m"/templates" [3mmethod[0m[2m=[0m"GET" [3mprincipal[0m[2m=[0m"scoped" [3mkey_id[0m[2m=[0m"9ba20d3039657e09" [3mallowed[0m[2m=[0mtrue [3mstatus[0m[2m=[0m200 [3melapsed_ms[0m[2m=[0m0.226384
[2m2026-10-04T02:42:00.975397Z[0m [32m INFO[0m [2mhv2_cluster::access[0m[2m:[0m control-plane access started [3mrequest_id[0m[2m=[0me2e75495-a754-4193-8ae1-5f80decf733b [3mroute[0m[2m=[0m"/sandboxes" [3mmethod[0m[2m=[0m"GET" [3mprincipal[0m[2m=[0m"scoped" [3mkey_id[0m[2m=[0m"9ba20d3039657e09"
[2m2026-10-04T02:42:00.975779Z[0m [32m INFO[0m [2mhv2_cluster::access[0m[2m:[0m control-plane access completed [3mrequest_id[0m[2m=[0me2e75495-a754-4193-8ae1-5f80decf733b [3mroute[0m[2m=[0m"/sandboxes" [3mmethod[0m[2m=[0m"GET" [3mprincipal[0m[2m=[0m"scoped" [3mkey_id[0m[2m=[0m"9ba20d3039657e09" [3mallowed[0m[2m=[0mtrue [3mstatus[0m[2m=[0m200 [3melapsed_ms[0m[2m=[0m0.417884
[2m2026-10-04T02:42:00.978452Z[0m [32m INFO[0m [2mhv2_cluster::access[0m[2m:[0m control-plane access started [3mrequest_id[0m[2m=[0m117f12cf-4b7a-4c06-8fcd-4d9b77b9b907 [3mroute[0m[2m=[0m"/templates" [3mmethod[0m[2m=[0m"GET" [3mprincipal[0m[2m=[0m"scoped" [3mkey_id[0m[2m=[0m"9ba20d3039657e09"
[2m2026-10-04T02:42:00.978688Z[0m [32m INFO[0m [2mhv2_cluster::access[0m[2m:[0m control-plane access completed [3mrequest_id[0m[2m=[0m117f12cf-4b7a-4c06-8fcd-4d9b77b9b907 [3mroute[0m[2m=[0m"/templates" [3mmethod[0m[2m=[0m"GET" [3mprincipal[0m[2m=[0m"scoped" [3mkey_id[0m[2m=[0m"9ba20d3039657e09" [3mallowed[0m[2m=[0mtrue [3mstatus[0m[2m=[0m200 [3melapsed_ms[0m[2m=[0m0.251151
[2m2026-10-04T02:42:01.031185Z[0m [32m INFO[0m [2mhv2_cluster::access[0m[2m:[0m control-plane access started [3mrequest_id[0m[2m=[0mf90b44f6-edb4-4e69-87c5-77aa81582e58 [3mroute[0m[2m=[0m"/sandboxes" [3mmethod[0m[2m=[0m"GET" [3mprincipal[0m[2m=[0m"scoped" [3mkey_id[0m[2m=[0m"9ba20d3039657e09"
[2m2026-10-04T02:42:01.031559Z[0m [32m INFO[0m [2mhv2_cluster::access[0m[2m:[0m control-plane access completed [3mrequest_id[0m[2m=[0mf90b44f6-edb4-4e69-87c5-77aa81582e58 [3mroute[0m[2m=[0m"/sandboxes" [3mmethod[0m[2m=[0m"GET" [3mprincipal[0m[2m=[0m"scoped" [3mkey_id[0m[2m=[0m"9ba20d3039657e09" [3mallowed[0m[2m=[0mtrue [3mstatus[0m[2m=[0m200 [3melapsed_ms[0m[2m=[0m0.39347200000000004
[2m2026-10-04T02:42:01.033107Z[0m [32m INFO[0m [2mhv2_cluster::access[0m[2m:[0m control-plane access started [3mrequest_id[0m[2m=[0mdc976dee-b7ca-4498-ac5a-b2d4c67d634d [3mroute[0m[2m=[0m"/templates" [3mmethod[0m[2m=[0m"GET" [3mprincipal[0m[2m=[0m"scoped" [3mkey_id[0m[2m=[0m"9ba20d3039657e09"
[2m2026-10-04T02:42:01.033279Z[0m [32m INFO[0m [2mhv2_cluster::access[0m[2m:[0m control-plane access completed [3mrequest_id[0m[2m=[0mdc976dee-b7ca-4498-ac5a-b2d4c67d634d [3mroute[0m[2m=[0m"/templates" [3mmethod[0m[2m=[0m"GET" [3mprincipal[0m[2m=[0m"scoped" [3mkey_id[0m[2m=[0m"9ba20d3039657e09" [3mallowed[0m[2m=[0mtrue [3mstatus[0m[2m=[0m200 [3melapsed_ms[0m[2m=[0m0.182332
[2m2026-10-04T02:42:01.066198Z[0m [32m INFO[0m [2mhv2_core::vm[0m[2m:[0m VM 'template' paused
[2m2026-10-04T02:42:01.086443Z[0m [32m INFO[0m [2mhv2_cluster::access[0m[2m:[0m control-plane access started [3mrequest_id[0m[2m=[0m3a53f156-cd39-40c1-8e47-6b556c9185f8 [3mroute[0m[2m=[0m"/sandboxes" [3mmethod[0m[2m=[0m"GET" [3mprincipal[0m[2m=[0m"scoped" [3mkey_id[0m[2m=[0m"9ba20d3039657e09"
[2m2026-10-04T02:42:01.086842Z[0m [32m INFO[0m [2mhv2_cluster::access[0m[2m:[0m control-plane access completed [3mrequest_id[0m[2m=[0m3a53f156-cd39-40c1-8e47-6b556c9185f8 [3mroute[0m[2m=[0m"/sandboxes" [3mmethod[0m[2m=[0m"GET" [3mprincipal[0m[2m=[0m"scoped" [3mkey_id[0m[2m=[0m"9ba20d3039657e09" [3mallowed[0m[2m=[0mtrue [3mstatus[0m[2m=[0m200 [3melapsed_ms[0m[2m=[0m0.419703
[2m2026-10-04T02:42:01.089116Z[0m [32m INFO[0m [2mhv2_cluster::access[0m[2m:[0m control-plane access started [3mrequest_id[0m[2m=[0m5675e77e-69a8-4364-88ce-bf28a8413d5b [3mroute[0m[2m=[0m"/templates" [3mmethod[0m[2m=[0m"GET" [3mprincipal[0m[2m=[0m"scoped" [3mkey_id[0m[2m=[0m"9ba20d3039657e09"
[2m2026-10-04T02:42:01.089341Z[0m [32m INFO[0m [2mhv2_cluster::access[0m[2m:[0m control-plane access completed [3mrequest_id[0m[2m=[0m5675e77e-69a8-4364-88ce-bf28a8413d5b [3mroute[0m[2m=[0m"/templates" [3mmethod[0m[2m=[0m"GET" [3mprincipal[0m[2m=[0m"scoped" [3mkey_id[0m[2m=[0m"9ba20d3039657e09" [3mallowed[0m[2m=[0mtrue [3mstatus[0m[2m=[0m200 [3melapsed_ms[0m[2m=[0m0.23866800000000002
[2m2026-10-04T02:42:01.141758Z[0m [32m INFO[0m [2mhv2_cluster::access[0m[2m:[0m control-plane access started [3mrequest_id[0m[2m=[0m6f873c72-2284-44ec-a0b9-ac65a0f2998a [3mroute[0m[2m=[0m"/sandboxes" [3mmethod[0m[2m=[0m"GET" [3mprincipal[0m[2m=[0m"scoped" [3mkey_id[0m[2m=[0m"9ba20d3039657e09"
[2m2026-10-04T02:42:01.141992Z[0m [32m INFO[0m [2mhv2_cluster::access[0m[2m:[0m control-plane access completed [3mrequest_id[0m[2m=[0m6f873c72-2284-44ec-a0b9-ac65a0f2998a [3mroute[0m[2m=[0m"/sandboxes" [3mmethod[0m[2m=[0m"GET" [3mprincipal[0m[2m=[0m"scoped" [3mkey_id[0m[2m=[0m"9ba20d3039657e09" [3mallowed[0m[2m=[0mtrue [3mstatus[0m[2m=[0m200 [3melapsed_ms[0m[2m=[0m0.25064
[2m2026-10-04T02:42:01.143514Z[0m [32m INFO[0m [2mhv2_cluster::access[0m[2m:[0m control-plane access started [3mrequest_id[0m[2m=[0m5bcdb41e-27d5-4564-aeb0-a96262e50916 [3mroute[0m[2m=[0m"/templates" [3mmethod[0m[2m=[0m"GET" [3mprincipal[0m[2m=[0m"scoped" [3mkey_id[0m[2m=[0m"9ba20d3039657e09"
[2m2026-10-04T02:42:01.143678Z[0m [32m INFO[0m [2mhv2_cluster::access[0m[2m:[0m control-plane access completed [3mrequest_id[0m[2m=[0m5bcdb41e-27d5-4564-aeb0-a96262e50916 [3mroute[0m[2m=[0m"/templates" [3mmethod[0m[2m=[0m"GET" [3mprincipal[0m[2m=[0m"scoped" [3mkey_id[0m[2m=[0m"9ba20d3039657e09" [3mallowed[0m[2m=[0mtrue [3mstatus[0m[2m=[0m200 [3melapsed_ms[0m[2m=[0m0.17364600000000002
[2m2026-10-04T02:42:01.197043Z[0m [32m INFO[0m [2mhv2_cluster::access[0m[2m:[0m control-plane access started [3mrequest_id[0m[2m=[0m1f26c6d7-b07d-4793-9d56-79f8f46b2664 [3mroute[0m[2m=[0m"/sandboxes" [3mmethod[0m[2m=[0m"GET" [3mprincipal[0m[2m=[0m"scoped" [3mkey_id[0m[2m=[0m"9ba20d3039657e09"
[2m2026-10-04T02:42:01.197425Z[0m [32m INFO[0m [2mhv2_cluster::access[0m[2m:[0m control-plane access completed [3mrequest_id[0m[2m=[0m1f26c6d7-b07d-4793-9d56-79f8f46b2664 [3mroute[0m[2m=[0m"/sandboxes" [3mmethod[0m[2m=[0m"GET" [3mprincipal[0m[2m=[0m"scoped" [3mkey_id[0m[2m=[0m"9ba20d3039657e09" [3mallowed[0m[2m=[0mtrue [3mstatus[0m[2m=[0m200 [3melapsed_ms[0m[2m=[0m0.409742
[2m2026-10-04T02:42:01.199349Z[0m [32m INFO[0m [2mhv2_cluster::access[0m[2m:[0m control-plane access started [3mrequest_id[0m[2m=[0m9303efb4-cc57-44c1-b6f1-d4a133386190 [3mroute[0m[2m=[0m"/templates" [3mmethod[0m[2m=[0m"GET" [3mprincipal[0m[2m=[0m"scoped" [3mkey_id[0m[2m=[0m"9ba20d3039657e09"
[2m2026-10-04T02:42:01.199522Z[0m [32m INFO[0m [2mhv2_cluster::access[0m[2m:[0m control-plane access completed [3mrequest_id[0m[2m=[0m9303efb4-cc57-44c1-b6f1-d4a133386190 [3mroute[0m[2m=[0m"/templates" [3mmethod[0m[2m=[0m"GET" [3mprincipal[0m[2m=[0m"scoped" [3mkey_id[0m[2m=[0m"9ba20d3039657e09" [3mallowed[0m[2m=[0mtrue [3mstatus[0m[2m=[0m200 [3melapsed_ms[0m[2m=[0m0.184987
[2m2026-10-04T02:42:01.251715Z[0m [32m INFO[0m [2mhv2_cluster::access[0m[2m:[0m control-plane access started [3mrequest_id[0m[2m=[0mf0306371-7f96-467d-bef0-7402d0a78132 [3mroute[0m[2m=[0m"/sandboxes" [3mmethod[0m[2m=[0m"GET" [3mprincipal[0m[2m=[0m"scoped" [3mkey_id[0m[2m=[0m"9ba20d3039657e09"
[2m2026-10-04T02:42:01.251954Z[0m [32m INFO[0m [2mhv2_cluster::access[0m[2m:[0m control-plane access completed [3mrequest_id[0m[2m=[0mf0306371-7f96-467d-bef0-7402d0a78132 [3mroute[0m[2m=[0m"/sandboxes" [3mmethod[0m[2m=[0m"GET" [3mprincipal[0m[2m=[0m"scoped" [3mkey_id[0m[2m=[0m"9ba20d3039657e09" [3mallowed[0m[2m=[0mtrue [3mstatus[0m[2m=[0m200 [3melapsed_ms[0m[2m=[0m0.25588
[2m2026-10-04T02:42:01.253616Z[0m [32m INFO[0m [2mhv2_cluster::access[0m[2m:[0m control-plane access started [3mrequest_id[0m[2m=[0me7bd58d8-274d-43b4-a3c3-eb5b8a46c1e6 [3mroute[0m[2m=[0m"/templates" [3mmethod[0m[2m=[0m"GET" [3mprincipal[0m[2m=[0m"scoped" [3mkey_id[0m[2m=[0m"9ba20d3039657e09"
[2m2026-10-04T02:42:01.253821Z[0m [32m INFO[0m [2mhv2_cluster::access[0m[2m:[0m control-plane access completed [3mrequest_id[0m[2m=[0me7bd58d8-274d-43b4-a3c3-eb5b8a46c1e6 [3mroute[0m[2m=[0m"/templates" [3mmethod[0m[2m=[0m"GET" [3mprincipal[0m[2m=[0m"scoped" [3mkey_id[0m[2m=[0m"9ba20d3039657e09" [3mallowed[0m[2m=[0mtrue [3mstatus[0m[2m=[0m200 [3melapsed_ms[0m[2m=[0m0.218179
[2m2026-10-04T02:42:01.307136Z[0m [32m INFO[0m [2mhv2_cluster::access[0m[2m:[0m control-plane access started [3mrequest_id[0m[2m=[0m08645624-51f3-42d2-8aff-9972f87e1ef9 [3mroute[0m[2m=[0m"/sandboxes" [3mmethod[0m[2m=[0m"GET" [3mprincipal[0m[2m=[0m"scoped" [3mkey_id[0m[2m=[0m"9ba20d3039657e09"
[2m2026-10-04T02:42:01.307760Z[0m [32m INFO[0m [2mhv2_cluster::access[0m[2m:[0m control-plane access completed [3mrequest_id[0m[2m=[0m08645624-51f3-42d2-8aff-9972f87e1ef9 [3mroute[0m[2m=[0m"/sandboxes" [3mmethod[0m[2m=[0m"GET" [3mprincipal[0m[2m=[0m"scoped" [3mkey_id[0m[2m=[0m"9ba20d3039657e09" [3mallowed[0m[2m=[0mtrue [3mstatus[0m[2m=[0m200 [3melapsed_ms[0m[2m=[0m0.6562300000000001
[2m2026-10-04T02:42:01.310591Z[0m [32m INFO[0m [2mhv2_cluster::access[0m[2m:[0m control-plane access started [3mrequest_id[0m[2m=[0m8f8089dc-e39e-4adc-b576-933a3de0aa79 [3mroute[0m[2m=[0m"/templates" [3mmethod[0m[2m=[0m"GET" [3mprincipal[0m[2m=[0m"scoped" [3mkey_id[0m[2m=[0m"9ba20d3039657e09"
[2m2026-10-04T02:42:01.310828Z[0m [32m INFO[0m [2mhv2_cluster::access[0m[2m:[0m control-plane access completed [3mrequest_id[0m[2m=[0m8f8089dc-e39e-4adc-b576-933a3de0aa79 [3mroute[0m[2m=[0m"/templates" [3mmethod[0m[2m=[0m"GET" [3mprincipal[0m[2m=[0m"scoped" [3mkey_id[0m[2m=[0m"9ba20d3039657e09" [3mallowed[0m[2m=[0mtrue [3mstatus[0m[2m=[0m200 [3melapsed_ms[0m[2m=[0m0.25243
[2m2026-10-04T02:42:01.363697Z[0m [32m INFO[0m [2mhv2_cluster::access[0m[2m:[0m control-plane access started [3mrequest_id[0m[2m=[0m0a8430d9-3cae-4755-aa81-14b715f321fe [3mroute[0m[2m=[0m"/sandboxes" [3mmethod[0m[2m=[0m"GET" [3mprincipal[0m[2m=[0m"scoped" [3mkey_id[0m[2m=[0m"9ba20d3039657e09"
[2m2026-10-04T02:42:01.364065Z[0m [32m INFO[0m [2mhv2_cluster::access[0m[2m:[0m control-plane access completed [3mrequest_id[0m[2m=[0m0a8430d9-3cae-4755-aa81-14b715f321fe [3mroute[0m[2m=[0m"/sandboxes" [3mmethod[0m[2m=[0m"GET" [3mprincipal[0m[2m=[0m"scoped" [3mkey_id[0m[2m=[0m"9ba20d3039657e09" [3mallowed[0m[2m=[0mtrue [3mstatus[0m[2m=[0m200 [3melapsed_ms[0m[2m=[0m0.381925
[2m2026-10-04T02:42:01.365892Z[0m [32m INFO[0m [2mhv2_cluster::access[0m[2m:[0m control-plane access started [3mrequest_id[0m[2m=[0m025421c2-808c-4247-b922-210edf815ab3 [3mroute[0m[2m=[0m"/templates" [3mmethod[0m[2m=[0m"GET" [3mprincipal[0m[2m=[0m"scoped" [3mkey_id[0m[2m=[0m"9ba20d3039657e09"
[2m2026-10-04T02:42:01.366095Z[0m [32m INFO[0m [2mhv2_cluster::access[0m[2m:[0m control-plane access completed [3mrequest_id[0m[2m=[0m025421c2-808c-4247-b922-210edf815ab3 [3mroute[0m[2m=[0m"/templates" [3mmethod[0m[2m=[0m"GET" [3mprincipal[0m[2m=[0m"scoped" [3mkey_id[0m[2m=[0m"9ba20d3039657e09" [3mallowed[0m[2m=[0mtrue [3mstatus[0m[2m=[0m200 [3melapsed_ms[0m[2m=[0m0.219151
[2m2026-10-04T02:42:01.419004Z[0m [32m INFO[0m [2mhv2_cluster::access[0m[2m:[0m control-plane access started [3mrequest_id[0m[2m=[0m5a0aad18-e3c0-4e79-899c-04f4e2bb237c [3mroute[0m[2m=[0m"/sandboxes" [3mmethod[0m[2m=[0m"GET" [3mprincipal[0m[2m=[0m"scoped" [3mkey_id[0m[2m=[0m"9ba20d3039657e09"
[2m2026-10-04T02:42:01.419252Z[0m [32m INFO[0m [2mhv2_cluster::access[0m[2m:[0m control-plane access completed [3mrequest_id[0m[2m=[0m5a0aad18-e3c0-4e79-899c-04f4e2bb237c [3mroute[0m[2m=[0m"/sandboxes" [3mmethod[0m[2m=[0m"GET" [3mprincipal[0m[2m=[0m"scoped" [3mkey_id[0m[2m=[0m"9ba20d3039657e09" [3mallowed[0m[2m=[0mtrue [3mstatus[0m[2m=[0m200 [3melapsed_ms[0m[2m=[0m0.264556
[2m2026-10-04T02:42:01.421326Z[0m [32m INFO[0m [2mhv2_cluster::access[0m[2m:[0m control-plane access started [3mrequest_id[0m[2m=[0m03ad7602-d2ab-47dc-ae6d-3b8f0327fe97 [3mroute[0m[2m=[0m"/templates" [3mmethod[0m[2m=[0m"GET" [3mprincipal[0m[2m=[0m"scoped" [3mkey_id[0m[2m=[0m"9ba20d3039657e09"
[2m2026-10-04T02:42:01.421531Z[0m [32m INFO[0m [2mhv2_cluster::access[0m[2m:[0m control-plane access completed [3mrequest_id[0m[2m=[0m03ad7602-d2ab-47dc-ae6d-3b8f0327fe97 [3mroute[0m[2m=[0m"/templates" [3mmethod[0m[2m=[0m"GET" [3mprincipal[0m[2m=[0m"scoped" [3mkey_id[0m[2m=[0m"9ba20d3039657e09" [3mallowed[0m[2m=[0mtrue [3mstatus[0m[2m=[0m200 [3melapsed_ms[0m[2m=[0m0.21949
[2m2026-10-04T02:42:01.473604Z[0m [32m INFO[0m [2mhv2_cluster::access[0m[2m:[0m control-plane access started [3mrequest_id[0m[2m=[0m69a23791-829c-4e8a-82f4-4e92470417aa [3mroute[0m[2m=[0m"/sandboxes" [3mmethod[0m[2m=[0m"GET" [3mprincipal[0m[2m=[0m"scoped" [3mkey_id[0m[2m=[0m"9ba20d3039657e09"
[2m2026-10-04T02:42:01.473872Z[0m [32m INFO[0m [2mhv2_cluster::access[0m[2m:[0m control-plane access completed [3mrequest_id[0m[2m=[0m69a23791-829c-4e8a-82f4-4e92470417aa [3mroute[0m[2m=[0m"/sandboxes" [3mmethod[0m[2m=[0m"GET" [3mprincipal[0m[2m=[0m"scoped" [3mkey_id[0m[2m=[0m"9ba20d3039657e09" [3mallowed[0m[2m=[0mtrue [3mstatus[0m[2m=[0m200 [3melapsed_ms[0m[2m=[0m0.285235
[2m2026-10-04T02:42:01.475262Z[0m [32m INFO[0m [2mhv2_cluster::access[0m[2m:[0m control-plane access started [3mrequest_id[0m[2m=[0m93e057aa-6dbb-44d5-abcd-eb425eec8649 [3mroute[0m[2m=[0m"/templates" [3mmethod[0m[2m=[0m"GET" [3mprincipal[0m[2m=[0m"scoped" [3mkey_id[0m[2m=[0m"9ba20d3039657e09"
[2m2026-10-04T02:42:01.475462Z[0m [32m INFO[0m [2mhv2_cluster::access[0m[2m:[0m control-plane access completed [3mrequest_id[0m[2m=[0m93e057aa-6dbb-44d5-abcd-eb425eec8649 [3mroute[0m[2m=[0m"/templates" [3mmethod[0m[2m=[0m"GET" [3mprincipal[0m[2m=[0m"scoped" [3mkey_id[0m[2m=[0m"9ba20d3039657e09" [3mallowed[0m[2m=[0mtrue [3mstatus[0m[2m=[0m200 [3melapsed_ms[0m[2m=[0m0.210826
[2m2026-10-04T02:42:01.506335Z[0m [32m INFO[0m [2mhv2_core::vm[0m[2m:[0m VM 'template' snapshotted to /tmp/hm-udp-kvm-ql042ht2/snapshots/templates/.48454fd837dc52740c691aafc9cb1fdc.57adf8184cd34ed0940e244c5ebcca35/template.snap
[2m2026-10-04T02:42:01.506419Z[0m [32m INFO[0m [2mhv2_core::vm[0m[2m:[0m VM 'template' resumed
[2m2026-10-04T02:42:01.506459Z[0m [32m INFO[0m [2mhv2_core::vm[0m[2m:[0m vCPU 0 task exited (exits=2964)
[2m2026-10-04T02:42:01.506677Z[0m [32m INFO[0m [2mhv2_core::vm[0m[2m:[0m VM parallel execution completed for 'template'
[2m2026-10-04T02:42:01.506731Z[0m [32m INFO[0m [2mhv2_core::vm[0m[2m:[0m VM 'template' stopped
[2m2026-10-04T02:42:01.506742Z[0m [32m INFO[0m [2mhv2_sandboxd[0m[2m:[0m template ready in 896.421698ms at /tmp/hm-udp-kvm-ql042ht2/snapshots/templates/.48454fd837dc52740c691aafc9cb1fdc.57adf8184cd34ed0940e244c5ebcca35/template.snap; working set 0 pages in 0 ranges
[2m2026-10-04T02:42:01.527742Z[0m [32m INFO[0m [2mhv2_cluster::access[0m[2m:[0m control-plane access started [3mrequest_id[0m[2m=[0m138209d8-08f2-4572-9cf2-1d2dd48a2025 [3mroute[0m[2m=[0m"/sandboxes" [3mmethod[0m[2m=[0m"GET" [3mprincipal[0m[2m=[0m"scoped" [3mkey_id[0m[2m=[0m"9ba20d3039657e09"
[2m2026-10-04T02:42:01.528009Z[0m [32m INFO[0m [2mhv2_cluster::access[0m[2m:[0m control-plane access completed [3mrequest_id[0m[2m=[0m138209d8-08f2-4572-9cf2-1d2dd48a2025 [3mroute[0m[2m=[0m"/sandboxes" [3mmethod[0m[2m=[0m"GET" [3mprincipal[0m[2m=[0m"scoped" [3mkey_id[0m[2m=[0m"9ba20d3039657e09" [3mallowed[0m[2m=[0mtrue [3mstatus[0m[2m=[0m200 [3melapsed_ms[0m[2m=[0m0.285986
[2m2026-10-04T02:42:01.529386Z[0m [32m INFO[0m [2mhv2_cluster::access[0m[2m:[0m control-plane access started [3mrequest_id[0m[2m=[0meeb69481-8306-48ee-874d-9cfedcfea83b [3mroute[0m[2m=[0m"/templates" [3mmethod[0m[2m=[0m"GET" [3mprincipal[0m[2m=[0m"scoped" [3mkey_id[0m[2m=[0m"9ba20d3039657e09"
[2m2026-10-04T02:42:01.529537Z[0m [32m INFO[0m [2mhv2_cluster::access[0m[2m:[0m control-plane access completed [3mrequest_id[0m[2m=[0meeb69481-8306-48ee-874d-9cfedcfea83b [3mroute[0m[2m=[0m"/templates" [3mmethod[0m[2m=[0m"GET" [3mprincipal[0m[2m=[0m"scoped" [3mkey_id[0m[2m=[0m"9ba20d3039657e09" [3mallowed[0m[2m=[0mtrue [3mstatus[0m[2m=[0m200 [3melapsed_ms[0m[2m=[0m0.16048700000000002
[2m2026-10-04T02:42:01.559221Z[0m [32m INFO[0m [2mhv2_sandboxd[0m[2m:[0m published the shared template 48454fd837dc52740c691aafc9cb1fdc
[2m2026-10-04T02:42:01.560948Z[0m [32m INFO[0m [2mhv2_api::sandbox_proxy[0m[2m:[0m sandbox proxy listening on 0.0.0.0:34971 (TLS)
hv2-sandboxd: listening on 0.0.0.0:52035, capacity 16, cluster node owned-udp-node
  POST   /sandboxes                -- E2B-shaped (NewSandbox -> Sandbox), boots a real VM and its own process.Process gRPC listener (port in the response's processPort)
  POST   /sandboxes/{id}/exec     -- NOT E2B's envd protocol; a real exec_in_guest (simpler than grpcurl-ing processPort)
  POST   /sandboxes/{id}/connect  -- attach to an existing sandbox; what the E2B SDK's Sandbox.connect() calls
  DELETE /sandboxes/{id}          -- stop the VM and its process.Process listener
  PUT    /sandboxes/{id}/network  -- replace a running sandbox's egress rules
  POST   /sandboxes/{id}/pause    -- suspend to disk; connect or resume brings it back,          and with autoResume so does a request through the proxy
  POST   /sandboxes/{id}/fork     -- checkpoint in place, start `count` copies
  GET    /sandboxes/{id}/network/decisions -- NOT E2B's; the gateway's audit log
sandboxes get no network interface (--network to change that)
sandboxes are restored from template snapshots: base

sandbox proxy on 0.0.0.0:34971 -- HTTP/2 over TLS, routed by the authority a client asks for, as 49983-<sandboxID>.<anything>
  grpcurl -plaintext -authority 49983-$SBX.local -H "X-Access-Token: $TOKEN" -import-path crates/hv2-api/proto -proto process.proto \
      -d '{"process":{"cmd":"/bin/sh","args":["-c","echo hi"]}}' \
      localhost:34971 process.Process/Start
[2m2026-10-04T02:42:01.581523Z[0m [32m INFO[0m [2mhv2_cluster::access[0m[2m:[0m control-plane access started [3mrequest_id[0m[2m=[0m73c00bf2-2021-44f5-a195-70fe591b5a25 [3mroute[0m[2m=[0m"/sandboxes" [3mmethod[0m[2m=[0m"GET" [3mprincipal[0m[2m=[0m"scoped" [3mkey_id[0m[2m=[0m"9ba20d3039657e09"
[2m2026-10-04T02:42:01.581741Z[0m [32m INFO[0m [2mhv2_cluster::access[0m[2m:[0m control-plane access completed [3mrequest_id[0m[2m=[0m73c00bf2-2021-44f5-a195-70fe591b5a25 [3mroute[0m[2m=[0m"/sandboxes" [3mmethod[0m[2m=[0m"GET" [3mprincipal[0m[2m=[0m"scoped" [3mkey_id[0m[2m=[0m"9ba20d3039657e09" [3mallowed[0m[2m=[0mtrue [3mstatus[0m[2m=[0m200 [3melapsed_ms[0m[2m=[0m0.234019
[2m2026-10-04T02:42:01.583046Z[0m [32m INFO[0m [2mhv2_cluster::access[0m[2m:[0m control-plane access started [3mrequest_id[0m[2m=[0mf9530e75-4a48-4c52-9b0b-ae2548489963 [3mroute[0m[2m=[0m"/templates" [3mmethod[0m[2m=[0m"GET" [3mprincipal[0m[2m=[0m"scoped" [3mkey_id[0m[2m=[0m"9ba20d3039657e09"
[2m2026-10-04T02:42:01.583386Z[0m [32m INFO[0m [2mhv2_cluster::access[0m[2m:[0m control-plane access completed [3mrequest_id[0m[2m=[0mf9530e75-4a48-4c52-9b0b-ae2548489963 [3mroute[0m[2m=[0m"/templates" [3mmethod[0m[2m=[0m"GET" [3mprincipal[0m[2m=[0m"scoped" [3mkey_id[0m[2m=[0m"9ba20d3039657e09" [3mallowed[0m[2m=[0mtrue [3mstatus[0m[2m=[0m200 [3melapsed_ms[0m[2m=[0m0.345598
[2m2026-10-04T02:42:01.609259Z[0m [32m INFO[0m [2mhv2_cluster::access[0m[2m:[0m control-plane access started [3mrequest_id[0m[2m=[0m82e70b87-99ca-4427-810d-dc2d17957c6b [3mroute[0m[2m=[0m"/sandboxes" [3mmethod[0m[2m=[0m"POST" [3mprincipal[0m[2m=[0m"scoped" [3mkey_id[0m[2m=[0m"9ba20d3039657e09"
[2m2026-10-04T02:42:01.611100Z[0m [32m INFO[0m [2mhv2_core::hypervisor[0m[2m:[0m Detected hypervisor platform: Kvm
[2m2026-10-04T02:42:01.611544Z[0m [32m INFO[0m [2mhv2_core::vm[0m[2m:[0m VM 'sbx-80abf6206e404f71995c': vsock device attached at 0xd0000000 (guest CID 100, IRQ 5)
[2m2026-10-04T02:42:01.611556Z[0m [32m INFO[0m [2mhv2_core::devices::serial[0m[2m:[0m Initializing serial device 'COM1' at 0x3F8
[2m2026-10-04T02:42:01.612739Z[0m [32m INFO[0m [2mhv2_core::vm[0m[2m:[0m Provisioned VM 'sbx-80abf6206e404f71995c' on the Kvm backend (1 vCPUs, 1024 MiB)
[2m2026-10-04T02:42:01.613019Z[0m [32m INFO[0m [2mhv2_core::vm[0m[2m:[0m VM 'sbx-80abf6206e404f71995c' restored from /tmp/hm-udp-kvm-ql042ht2/snapshots/templates/48454fd837dc52740c691aafc9cb1fdc/template.snap
[2m2026-10-04T02:42:01.613030Z[0m [32m INFO[0m [2mhv2_core::vm[0m[2m:[0m Starting VM 'sbx-80abf6206e404f71995c' with 1 vCPUs and 1 GB memory (parallel=true)
[2m2026-10-04T02:42:01.613139Z[0m [32m INFO[0m [2mhv2_core::vm[0m[2m:[0m Starting VM execution for 'sbx-80abf6206e404f71995c' with 1 vCPUs
[2m2026-10-04T02:42:01.613145Z[0m [32m INFO[0m [2mhv2_core::vm[0m[2m:[0m Starting parallel execution with 1 vCPU tasks
[2m2026-10-04T02:42:01.613293Z[0m [32m INFO[0m [2mhv2_core::vm[0m[2m:[0m vCPU 0 task started
[2m2026-10-04T02:42:01.631321Z[0m [32m INFO[0m [2mhv2_cluster::access[0m[2m:[0m control-plane access completed [3mrequest_id[0m[2m=[0m82e70b87-99ca-4427-810d-dc2d17957c6b [3mroute[0m[2m=[0m"/sandboxes" [3mmethod[0m[2m=[0m"POST" [3mprincipal[0m[2m=[0m"scoped" [3mkey_id[0m[2m=[0m"9ba20d3039657e09" [3mallowed[0m[2m=[0mtrue [3mstatus[0m[2m=[0m201 [3melapsed_ms[0m[2m=[0m22.077181000000003
[2m2026-10-04T02:42:01.644404Z[0m [32m INFO[0m [2mhv2_cluster::access[0m[2m:[0m control-plane access started [3mrequest_id[0m[2m=[0m458671f7-2c94-4217-81f3-62ba2283c35d [3mroute[0m[2m=[0m"/sandboxes/{id}" [3mmethod[0m[2m=[0m"DELETE" [3mprincipal[0m[2m=[0m"scoped" [3mkey_id[0m[2m=[0m"9ba20d3039657e09"
[2m2026-10-04T02:42:01.645086Z[0m [32m INFO[0m [2mhv2_core::vm[0m[2m:[0m vCPU 0 task exited (exits=115)
[2m2026-10-04T02:42:01.645162Z[0m [32m INFO[0m [2mhv2_core::vm[0m[2m:[0m VM parallel execution completed for 'sbx-80abf6206e404f71995c'
[2m2026-10-04T02:42:01.645171Z[0m [32m INFO[0m [2mhv2_core::vm[0m[2m:[0m VM 'sbx-80abf6206e404f71995c' stopped
[2m2026-10-04T02:42:01.699826Z[0m [32m INFO[0m [2mhv2_cluster::access[0m[2m:[0m control-plane access completed [3mrequest_id[0m[2m=[0m458671f7-2c94-4217-81f3-62ba2283c35d [3mroute[0m[2m=[0m"/sandboxes/{id}" [3mmethod[0m[2m=[0m"DELETE" [3mprincipal[0m[2m=[0m"scoped" [3mkey_id[0m[2m=[0m"9ba20d3039657e09" [3mallowed[0m[2m=[0mtrue [3mstatus[0m[2m=[0m204 [3melapsed_ms[0m[2m=[0m55.433138
[2m2026-10-04T02:42:01.708114Z[0m [32m INFO[0m [2mhv2_cluster::access[0m[2m:[0m control-plane access started [3mrequest_id[0m[2m=[0m85b54ceb-903f-41bc-b55a-3155c5c9e10e [3mroute[0m[2m=[0m"/v2/sandboxes" [3mmethod[0m[2m=[0m"POST" [3mprincipal[0m[2m=[0m"scoped" [3mkey_id[0m[2m=[0m"9ba20d3039657e09"
[2m2026-10-04T02:42:01.708915Z[0m [32m INFO[0m [2mhv2_core::hypervisor[0m[2m:[0m Detected hypervisor platform: Kvm
[2m2026-10-04T02:42:01.709189Z[0m [32m INFO[0m [2mhv2_core::vm[0m[2m:[0m VM 'sbx-b3396cf224034e48a10c': vsock device attached at 0xd0000000 (guest CID 100, IRQ 5)
[2m2026-10-04T02:42:01.709198Z[0m [32m INFO[0m [2mhv2_core::devices::serial[0m[2m:[0m Initializing serial device 'COM1' at 0x3F8
[2m2026-10-04T02:42:01.710390Z[0m [32m INFO[0m [2mhv2_core::vm[0m[2m:[0m Provisioned VM 'sbx-b3396cf224034e48a10c' on the Kvm backend (1 vCPUs, 1024 MiB)
[2m2026-10-04T02:42:01.710759Z[0m [32m INFO[0m [2mhv2_core::vm[0m[2m:[0m VM 'sbx-b3396cf224034e48a10c' restored from /tmp/hm-udp-kvm-ql042ht2/snapshots/templates/48454fd837dc52740c691aafc9cb1fdc/template.snap
[2m2026-10-04T02:42:01.710784Z[0m [32m INFO[0m [2mhv2_core::vm[0m[2m:[0m Starting VM 'sbx-b3396cf224034e48a10c' with 1 vCPUs and 1 GB memory (parallel=true)
[2m2026-10-04T02:42:01.710942Z[0m [32m INFO[0m [2mhv2_core::vm[0m[2m:[0m Starting VM execution for 'sbx-b3396cf224034e48a10c' with 1 vCPUs
[2m2026-10-04T02:42:01.710954Z[0m [32m INFO[0m [2mhv2_core::vm[0m[2m:[0m Starting parallel execution with 1 vCPU tasks
[2m2026-10-04T02:42:01.711193Z[0m [32m INFO[0m [2mhv2_core::vm[0m[2m:[0m vCPU 0 task started
[2m2026-10-04T02:42:01.730632Z[0m [32m INFO[0m [2mhv2_cluster::access[0m[2m:[0m control-plane access completed [3mrequest_id[0m[2m=[0m85b54ceb-903f-41bc-b55a-3155c5c9e10e [3mroute[0m[2m=[0m"/v2/sandboxes" [3mmethod[0m[2m=[0m"POST" [3mprincipal[0m[2m=[0m"scoped" [3mkey_id[0m[2m=[0m"9ba20d3039657e09" [3mallowed[0m[2m=[0mtrue [3mstatus[0m[2m=[0m201 [3melapsed_ms[0m[2m=[0m22.523477
[2m2026-10-04T02:42:01.741100Z[0m [32m INFO[0m [2mhv2_cluster::access[0m[2m:[0m control-plane access started [3mrequest_id[0m[2m=[0m31643611-9b1b-4bec-9d60-bb003ac62791 [3mroute[0m[2m=[0m"/sandboxes" [3mmethod[0m[2m=[0m"GET" [3mprincipal[0m[2m=[0m"scoped" [3mkey_id[0m[2m=[0m"9ba20d3039657e09"
[2m2026-10-04T02:42:01.741495Z[0m [32m INFO[0m [2mhv2_cluster::access[0m[2m:[0m control-plane access completed [3mrequest_id[0m[2m=[0m31643611-9b1b-4bec-9d60-bb003ac62791 [3mroute[0m[2m=[0m"/sandboxes" [3mmethod[0m[2m=[0m"GET" [3mprincipal[0m[2m=[0m"scoped" [3mkey_id[0m[2m=[0m"9ba20d3039657e09" [3mallowed[0m[2m=[0mtrue [3mstatus[0m[2m=[0m200 [3melapsed_ms[0m[2m=[0m0.41042
[2m2026-10-04T02:42:01.743044Z[0m [32m INFO[0m [2mhv2_cluster::access[0m[2m:[0m control-plane access started [3mrequest_id[0m[2m=[0mea9ea608-4e24-44af-9c5d-c4636409c221 [3mroute[0m[2m=[0m"/sandboxes/{id}/exec" [3mmethod[0m[2m=[0m"POST" [3mprincipal[0m[2m=[0m"scoped" [3mkey_id[0m[2m=[0m"9ba20d3039657e09"
[2m2026-10-04T02:42:01.755182Z[0m [32m INFO[0m [2mhv2_cluster::access[0m[2m:[0m control-plane access completed [3mrequest_id[0m[2m=[0mea9ea608-4e24-44af-9c5d-c4636409c221 [3mroute[0m[2m=[0m"/sandboxes/{id}/exec" [3mmethod[0m[2m=[0m"POST" [3mprincipal[0m[2m=[0m"scoped" [3mkey_id[0m[2m=[0m"9ba20d3039657e09" [3mallowed[0m[2m=[0mtrue [3mstatus[0m[2m=[0m200 [3melapsed_ms[0m[2m=[0m12.144014
[2m2026-10-04T02:42:01.857769Z[0m [32m INFO[0m [2mhv2_cluster::access[0m[2m:[0m control-plane access completed [3mrequest_id[0m[2m=[0m45146fb8-a9d8-42ee-95a9-e2a2db8d80c0 [3mroute[0m[2m=[0m"/sandboxes/{id}/ports/{port}/udp" [3mmethod[0m[2m=[0m"GET" [3mprincipal[0m[2m=[0m"unauthenticated" [3mkey_id[0m[2m=[0m"none" [3mallowed[0m[2m=[0mfalse [3mstatus[0m[2m=[0m401 [3melapsed_ms[0m[2m=[0m0.025839
[2m2026-10-04T02:42:01.859414Z[0m [32m INFO[0m [2mhv2_cluster::access[0m[2m:[0m control-plane access started [3mrequest_id[0m[2m=[0m6e23c7b0-9888-4177-9e2a-0223bb868d78 [3mroute[0m[2m=[0m"/sandboxes/{id}/ports/{port}/udp" [3mmethod[0m[2m=[0m"GET" [3mprincipal[0m[2m=[0m"scoped" [3mkey_id[0m[2m=[0m"9ba20d3039657e09"
[2m2026-10-04T02:42:01.863770Z[0m [32m INFO[0m [2mhv2_cluster::access[0m[2m:[0m control-plane access completed [3mrequest_id[0m[2m=[0m6e23c7b0-9888-4177-9e2a-0223bb868d78 [3mroute[0m[2m=[0m"/sandboxes/{id}/ports/{port}/udp" [3mmethod[0m[2m=[0m"GET" [3mprincipal[0m[2m=[0m"scoped" [3mkey_id[0m[2m=[0m"9ba20d3039657e09" [3mallowed[0m[2m=[0mtrue [3mstatus[0m[2m=[0m101 [3melapsed_ms[0m[2m=[0m4.372573999999999
[2m2026-10-04T02:42:01.917821Z[0m [32m INFO[0m [2mhv2_cluster::access[0m[2m:[0m control-plane access started [3mrequest_id[0m[2m=[0m54e486e7-46bb-49d7-a562-b9fd62a5839f [3mroute[0m[2m=[0m"/sandboxes/{id}/ports/{port}/udp" [3mmethod[0m[2m=[0m"GET" [3mprincipal[0m[2m=[0m"scoped" [3mkey_id[0m[2m=[0m"9ba20d3039657e09"
[2m2026-10-04T02:42:01.922926Z[0m [32m INFO[0m [2mhv2_cluster::access[0m[2m:[0m control-plane access completed [3mrequest_id[0m[2m=[0m54e486e7-46bb-49d7-a562-b9fd62a5839f [3mroute[0m[2m=[0m"/sandboxes/{id}/ports/{port}/udp" [3mmethod[0m[2m=[0m"GET" [3mprincipal[0m[2m=[0m"scoped" [3mkey_id[0m[2m=[0m"9ba20d3039657e09" [3mallowed[0m[2m=[0mtrue [3mstatus[0m[2m=[0m101 [3melapsed_ms[0m[2m=[0m5.113469
[2m2026-10-04T02:42:01.926733Z[0m [32m INFO[0m [2mhv2_cluster::access[0m[2m:[0m control-plane access started [3mrequest_id[0m[2m=[0mf75f002c-d76d-4285-a805-7d30ec29686c [3mroute[0m[2m=[0m"/sandboxes/{id}/ports/{port}/udp" [3mmethod[0m[2m=[0m"GET" [3mprincipal[0m[2m=[0m"scoped" [3mkey_id[0m[2m=[0m"9ba20d3039657e09"
[2m2026-10-04T02:42:01.931052Z[0m [32m INFO[0m [2mhv2_cluster::access[0m[2m:[0m control-plane access completed [3mrequest_id[0m[2m=[0mf75f002c-d76d-4285-a805-7d30ec29686c [3mroute[0m[2m=[0m"/sandboxes/{id}/ports/{port}/udp" [3mmethod[0m[2m=[0m"GET" [3mprincipal[0m[2m=[0m"scoped" [3mkey_id[0m[2m=[0m"9ba20d3039657e09" [3mallowed[0m[2m=[0mtrue [3mstatus[0m[2m=[0m101 [3melapsed_ms[0m[2m=[0m4.334082
[2m2026-10-04T02:42:01.943653Z[0m [32m INFO[0m [2mhv2_cluster::access[0m[2m:[0m control-plane access started [3mrequest_id[0m[2m=[0mba73a162-0858-4861-a816-9e46dd721b93 [3mroute[0m[2m=[0m"/sandboxes/{id}/ports/{port}/udp" [3mmethod[0m[2m=[0m"GET" [3mprincipal[0m[2m=[0m"scoped" [3mkey_id[0m[2m=[0m"9ba20d3039657e09"
[2m2026-10-04T02:42:01.949080Z[0m [32m INFO[0m [2mhv2_cluster::access[0m[2m:[0m control-plane access completed [3mrequest_id[0m[2m=[0mba73a162-0858-4861-a816-9e46dd721b93 [3mroute[0m[2m=[0m"/sandboxes/{id}/ports/{port}/udp" [3mmethod[0m[2m=[0m"GET" [3mprincipal[0m[2m=[0m"scoped" [3mkey_id[0m[2m=[0m"9ba20d3039657e09" [3mallowed[0m[2m=[0mtrue [3mstatus[0m[2m=[0m101 [3melapsed_ms[0m[2m=[0m5.448046
[2m2026-10-04T02:42:01.952665Z[0m [32m INFO[0m [2mhv2_cluster::access[0m[2m:[0m control-plane access started [3mrequest_id[0m[2m=[0m1f7a6e56-0c09-4d65-bb97-15a0a618f463 [3mroute[0m[2m=[0m"/sandboxes/{id}/ports/{port}/udp" [3mmethod[0m[2m=[0m"GET" [3mprincipal[0m[2m=[0m"scoped" [3mkey_id[0m[2m=[0m"9ba20d3039657e09"
[2m2026-10-04T02:42:01.956920Z[0m [32m INFO[0m [2mhv2_cluster::access[0m[2m:[0m control-plane access completed [3mrequest_id[0m[2m=[0m1f7a6e56-0c09-4d65-bb97-15a0a618f463 [3mroute[0m[2m=[0m"/sandboxes/{id}/ports/{port}/udp" [3mmethod[0m[2m=[0m"GET" [3mprincipal[0m[2m=[0m"scoped" [3mkey_id[0m[2m=[0m"9ba20d3039657e09" [3mallowed[0m[2m=[0mtrue [3mstatus[0m[2m=[0m101 [3melapsed_ms[0m[2m=[0m4.269379
[2m2026-10-04T02:42:01.959304Z[0m [32m INFO[0m [2mhv2_cluster::access[0m[2m:[0m control-plane access started [3mrequest_id[0m[2m=[0mf52a631c-a7dd-40d6-82a2-be912e392340 [3mroute[0m[2m=[0m"/sandboxes/{id}/ports/{port}/udp" [3mmethod[0m[2m=[0m"GET" [3mprincipal[0m[2m=[0m"scoped" [3mkey_id[0m[2m=[0m"9ba20d3039657e09"
[2m2026-10-04T02:42:01.965296Z[0m [32m INFO[0m [2mhv2_cluster::access[0m[2m:[0m control-plane access completed [3mrequest_id[0m[2m=[0mf52a631c-a7dd-40d6-82a2-be912e392340 [3mroute[0m[2m=[0m"/sandboxes/{id}/ports/{port}/udp" [3mmethod[0m[2m=[0m"GET" [3mprincipal[0m[2m=[0m"scoped" [3mkey_id[0m[2m=[0m"9ba20d3039657e09" [3mallowed[0m[2m=[0mtrue [3mstatus[0m[2m=[0m101 [3melapsed_ms[0m[2m=[0m6.002931
[2m2026-10-04T02:42:01.967978Z[0m [32m INFO[0m [2mhv2_cluster::access[0m[2m:[0m control-plane access started [3mrequest_id[0m[2m=[0m2c69e52e-2824-48fc-b53e-4250e3534b16 [3mroute[0m[2m=[0m"/sandboxes/{id}/ports/{port}/udp" [3mmethod[0m[2m=[0m"GET" [3mprincipal[0m[2m=[0m"scoped" [3mkey_id[0m[2m=[0m"9ba20d3039657e09"
[2m2026-10-04T02:42:01.972816Z[0m [32m INFO[0m [2mhv2_cluster::access[0m[2m:[0m control-plane access completed [3mrequest_id[0m[2m=[0m2c69e52e-2824-48fc-b53e-4250e3534b16 [3mroute[0m[2m=[0m"/sandboxes/{id}/ports/{port}/udp" [3mmethod[0m[2m=[0m"GET" [3mprincipal[0m[2m=[0m"scoped" [3mkey_id[0m[2m=[0m"9ba20d3039657e09" [3mallowed[0m[2m=[0mtrue [3mstatus[0m[2m=[0m101 [3melapsed_ms[0m[2m=[0m4.871175
[2m2026-10-04T02:42:01.975764Z[0m [32m INFO[0m [2mhv2_cluster::access[0m[2m:[0m control-plane access started [3mrequest_id[0m[2m=[0m54f7f241-5645-4344-9303-45a56916057b [3mroute[0m[2m=[0m"/sandboxes/{id}/ports/{port}/udp" [3mmethod[0m[2m=[0m"GET" [3mprincipal[0m[2m=[0m"scoped" [3mkey_id[0m[2m=[0m"9ba20d3039657e09"
[2m2026-10-04T02:42:01.979504Z[0m [32m INFO[0m [2mhv2_cluster::access[0m[2m:[0m control-plane access completed [3mrequest_id[0m[2m=[0m54f7f241-5645-4344-9303-45a56916057b [3mroute[0m[2m=[0m"/sandboxes/{id}/ports/{port}/udp" [3mmethod[0m[2m=[0m"GET" [3mprincipal[0m[2m=[0m"scoped" [3mkey_id[0m[2m=[0m"9ba20d3039657e09" [3mallowed[0m[2m=[0mtrue [3mstatus[0m[2m=[0m101 [3melapsed_ms[0m[2m=[0m3.7515650000000003
[2m2026-10-04T02:42:01.981911Z[0m [32m INFO[0m [2mhv2_cluster::access[0m[2m:[0m control-plane access started [3mrequest_id[0m[2m=[0mff63b1f9-5201-48df-8cb9-2e137f509296 [3mroute[0m[2m=[0m"/sandboxes/{id}/ports/{port}/udp" [3mmethod[0m[2m=[0m"GET" [3mprincipal[0m[2m=[0m"scoped" [3mkey_id[0m[2m=[0m"9ba20d3039657e09"
[2m2026-10-04T02:42:01.986248Z[0m [32m INFO[0m [2mhv2_cluster::access[0m[2m:[0m control-plane access completed [3mrequest_id[0m[2m=[0mff63b1f9-5201-48df-8cb9-2e137f509296 [3mroute[0m[2m=[0m"/sandboxes/{id}/ports/{port}/udp" [3mmethod[0m[2m=[0m"GET" [3mprincipal[0m[2m=[0m"scoped" [3mkey_id[0m[2m=[0m"9ba20d3039657e09" [3mallowed[0m[2m=[0mtrue [3mstatus[0m[2m=[0m101 [3melapsed_ms[0m[2m=[0m4.341967
[2m2026-10-04T02:42:01.988948Z[0m [32m INFO[0m [2mhv2_cluster::access[0m[2m:[0m control-plane access started [3mrequest_id[0m[2m=[0mf539887b-5426-490f-bc04-a291e2e04e88 [3mroute[0m[2m=[0m"/sandboxes/{id}/ports/{port}/udp" [3mmethod[0m[2m=[0m"GET" [3mprincipal[0m[2m=[0m"scoped" [3mkey_id[0m[2m=[0m"9ba20d3039657e09"
[2m2026-10-04T02:42:01.992254Z[0m [32m INFO[0m [2mhv2_cluster::access[0m[2m:[0m control-plane access completed [3mrequest_id[0m[2m=[0mf539887b-5426-490f-bc04-a291e2e04e88 [3mroute[0m[2m=[0m"/sandboxes/{id}/ports/{port}/udp" [3mmethod[0m[2m=[0m"GET" [3mprincipal[0m[2m=[0m"scoped" [3mkey_id[0m[2m=[0m"9ba20d3039657e09" [3mallowed[0m[2m=[0mtrue [3mstatus[0m[2m=[0m101 [3melapsed_ms[0m[2m=[0m3.321326
[2m2026-10-04T02:42:01.994585Z[0m [32m INFO[0m [2mhv2_cluster::access[0m[2m:[0m control-plane access started [3mrequest_id[0m[2m=[0m007368aa-5e6a-4573-a06e-3a1ecdfd344b [3mroute[0m[2m=[0m"/sandboxes/{id}/ports/{port}/udp" [3mmethod[0m[2m=[0m"GET" [3mprincipal[0m[2m=[0m"scoped" [3mkey_id[0m[2m=[0m"9ba20d3039657e09"
[2m2026-10-04T02:42:01.997570Z[0m [32m INFO[0m [2mhv2_cluster::access[0m[2m:[0m control-plane access completed [3mrequest_id[0m[2m=[0m007368aa-5e6a-4573-a06e-3a1ecdfd344b [3mroute[0m[2m=[0m"/sandboxes/{id}/ports/{port}/udp" [3mmethod[0m[2m=[0m"GET" [3mprincipal[0m[2m=[0m"scoped" [3mkey_id[0m[2m=[0m"9ba20d3039657e09" [3mallowed[0m[2m=[0mtrue [3mstatus[0m[2m=[0m101 [3melapsed_ms[0m[2m=[0m2.995568
[2m2026-10-04T02:42:02.389289Z[0m [32m INFO[0m [2mhv2_cluster::access[0m[2m:[0m control-plane access started [3mrequest_id[0m[2m=[0mf920b052-a727-4541-b5da-c0ce8038d8e1 [3mroute[0m[2m=[0m"/sandboxes/{id}/exec" [3mmethod[0m[2m=[0m"POST" [3mprincipal[0m[2m=[0m"scoped" [3mkey_id[0m[2m=[0m"9ba20d3039657e09"
[2m2026-10-04T02:42:02.396129Z[0m [32m INFO[0m [2mhv2_cluster::access[0m[2m:[0m control-plane access completed [3mrequest_id[0m[2m=[0mf920b052-a727-4541-b5da-c0ce8038d8e1 [3mroute[0m[2m=[0m"/sandboxes/{id}/exec" [3mmethod[0m[2m=[0m"POST" [3mprincipal[0m[2m=[0m"scoped" [3mkey_id[0m[2m=[0m"9ba20d3039657e09" [3mallowed[0m[2m=[0mtrue [3mstatus[0m[2m=[0m200 [3melapsed_ms[0m[2m=[0m6.84668
[2m2026-10-04T02:42:02.404159Z[0m [32m INFO[0m [2mhv2_cluster::access[0m[2m:[0m control-plane access started [3mrequest_id[0m[2m=[0m4e679480-aa23-44c5-801e-3d0198c5d072 [3mroute[0m[2m=[0m"/sandboxes/{id}/public-ports/{port}" [3mmethod[0m[2m=[0m"PUT" [3mprincipal[0m[2m=[0m"scoped" [3mkey_id[0m[2m=[0m"c14f033bc43e842f"
[2m2026-10-04T02:42:02.404606Z[0m [32m INFO[0m [2mhv2_cluster::access[0m[2m:[0m control-plane access completed [3mrequest_id[0m[2m=[0m4e679480-aa23-44c5-801e-3d0198c5d072 [3mroute[0m[2m=[0m"/sandboxes/{id}/public-ports/{port}" [3mmethod[0m[2m=[0m"PUT" [3mprincipal[0m[2m=[0m"scoped" [3mkey_id[0m[2m=[0m"c14f033bc43e842f" [3mallowed[0m[2m=[0mtrue [3mstatus[0m[2m=[0m403 [3melapsed_ms[0m[2m=[0m0.461115
[2m2026-10-04T02:42:02.408691Z[0m [32m INFO[0m [2mhv2_cluster::access[0m[2m:[0m control-plane access started [3mrequest_id[0m[2m=[0m60604eda-bba8-4cec-98f0-c7214b59982a [3mroute[0m[2m=[0m"/sandboxes/{id}/public-ports/{port}" [3mmethod[0m[2m=[0m"PUT" [3mprincipal[0m[2m=[0m"scoped" [3mkey_id[0m[2m=[0m"c14f033bc43e842f"
[2m2026-10-04T02:42:02.409031Z[0m [32m INFO[0m [2mhv2_cluster::access[0m[2m:[0m control-plane access completed [3mrequest_id[0m[2m=[0m60604eda-bba8-4cec-98f0-c7214b59982a [3mroute[0m[2m=[0m"/sandboxes/{id}/public-ports/{port}" [3mmethod[0m[2m=[0m"PUT" [3mprincipal[0m[2m=[0m"scoped" [3mkey_id[0m[2m=[0m"c14f033bc43e842f" [3mallowed[0m[2m=[0mtrue [3mstatus[0m[2m=[0m403 [3melapsed_ms[0m[2m=[0m0.35496
[2m2026-10-04T02:42:02.417384Z[0m [32m INFO[0m [2mhv2_cluster::access[0m[2m:[0m control-plane access started [3mrequest_id[0m[2m=[0md32a11ba-9671-4808-bc61-b2e4004067f8 [3mroute[0m[2m=[0m"/sandboxes/{id}/public-ports" [3mmethod[0m[2m=[0m"GET" [3mprincipal[0m[2m=[0m"scoped" [3mkey_id[0m[2m=[0m"c14f033bc43e842f"
[2m2026-10-04T02:42:02.417832Z[0m [32m INFO[0m [2mhv2_cluster::access[0m[2m:[0m control-plane access completed [3mrequest_id[0m[2m=[0md32a11ba-9671-4808-bc61-b2e4004067f8 [3mroute[0m[2m=[0m"/sandboxes/{id}/public-ports" [3mmethod[0m[2m=[0m"GET" [3mprincipal[0m[2m=[0m"scoped" [3mkey_id[0m[2m=[0m"c14f033bc43e842f" [3mallowed[0m[2m=[0mtrue [3mstatus[0m[2m=[0m403 [3melapsed_ms[0m[2m=[0m0.46693599999999996
[2m2026-10-04T02:42:02.421656Z[0m [32m INFO[0m [2mhv2_cluster::access[0m[2m:[0m control-plane access started [3mrequest_id[0m[2m=[0m89ea6f9f-ebbe-4be3-aa06-a11c5786dd2f [3mroute[0m[2m=[0m"/sandboxes/{id}/public-ports" [3mmethod[0m[2m=[0m"GET" [3mprincipal[0m[2m=[0m"scoped" [3mkey_id[0m[2m=[0m"c14f033bc43e842f"
[2m2026-10-04T02:42:02.421997Z[0m [32m INFO[0m [2mhv2_cluster::access[0m[2m:[0m control-plane access completed [3mrequest_id[0m[2m=[0m89ea6f9f-ebbe-4be3-aa06-a11c5786dd2f [3mroute[0m[2m=[0m"/sandboxes/{id}/public-ports" [3mmethod[0m[2m=[0m"GET" [3mprincipal[0m[2m=[0m"scoped" [3mkey_id[0m[2m=[0m"c14f033bc43e842f" [3mallowed[0m[2m=[0mtrue [3mstatus[0m[2m=[0m403 [3melapsed_ms[0m[2m=[0m0.35498799999999997
[2m2026-10-04T02:42:02.429633Z[0m [32m INFO[0m [2mhv2_cluster::access[0m[2m:[0m control-plane access started [3mrequest_id[0m[2m=[0m552ce90b-a4d3-4fe5-908f-15fc81a1ecb4 [3mroute[0m[2m=[0m"/sandboxes/{id}/public-ports/{port}" [3mmethod[0m[2m=[0m"DELETE" [3mprincipal[0m[2m=[0m"scoped" [3mkey_id[0m[2m=[0m"c14f033bc43e842f"
[2m2026-10-04T02:42:02.429947Z[0m [32m INFO[0m [2mhv2_cluster::access[0m[2m:[0m control-plane access completed [3mrequest_id[0m[2m=[0m552ce90b-a4d3-4fe5-908f-15fc81a1ecb4 [3mroute[0m[2m=[0m"/sandboxes/{id}/public-ports/{port}" [3mmethod[0m[2m=[0m"DELETE" [3mprincipal[0m[2m=[0m"scoped" [3mkey_id[0m[2m=[0m"c14f033bc43e842f" [3mallowed[0m[2m=[0mtrue [3mstatus[0m[2m=[0m403 [3melapsed_ms[0m[2m=[0m0.326814
[2m2026-10-04T02:42:02.433419Z[0m [32m INFO[0m [2mhv2_cluster::access[0m[2m:[0m control-plane access started [3mrequest_id[0m[2m=[0m67a3b2e9-3233-4d77-ba8b-e6501ebcba05 [3mroute[0m[2m=[0m"/sandboxes/{id}/public-ports/{port}" [3mmethod[0m[2m=[0m"DELETE" [3mprincipal[0m[2m=[0m"scoped" [3mkey_id[0m[2m=[0m"c14f033bc43e842f"
[2m2026-10-04T02:42:02.433664Z[0m [32m INFO[0m [2mhv2_cluster::access[0m[2m:[0m control-plane access completed [3mrequest_id[0m[2m=[0m67a3b2e9-3233-4d77-ba8b-e6501ebcba05 [3mroute[0m[2m=[0m"/sandboxes/{id}/public-ports/{port}" [3mmethod[0m[2m=[0m"DELETE" [3mprincipal[0m[2m=[0m"scoped" [3mkey_id[0m[2m=[0m"c14f033bc43e842f" [3mallowed[0m[2m=[0mtrue [3mstatus[0m[2m=[0m403 [3melapsed_ms[0m[2m=[0m0.255308
[2m2026-10-04T02:42:02.441262Z[0m [32m INFO[0m [2mhv2_cluster::access[0m[2m:[0m control-plane access completed [3mrequest_id[0m[2m=[0mc5a87aaa-bb6d-4b29-ae1d-fe7a1dfba090 [3mroute[0m[2m=[0m"/sandboxes/{id}/public-ports/{port}" [3mmethod[0m[2m=[0m"PUT" [3mprincipal[0m[2m=[0m"scoped" [3mkey_id[0m[2m=[0m"cb597214df59ce20" [3mallowed[0m[2m=[0mfalse [3mstatus[0m[2m=[0m403 [3melapsed_ms[0m[2m=[0m0.020749
[2m2026-10-04T02:42:02.445730Z[0m [32m INFO[0m [2mhv2_cluster::access[0m[2m:[0m control-plane access completed [3mrequest_id[0m[2m=[0m3633bddb-aae1-4498-b44f-1f63da1318b2 [3mroute[0m[2m=[0m"/sandboxes/{id}/public-ports/{port}" [3mmethod[0m[2m=[0m"PUT" [3mprincipal[0m[2m=[0m"scoped" [3mkey_id[0m[2m=[0m"cb597214df59ce20" [3mallowed[0m[2m=[0mfalse [3mstatus[0m[2m=[0m403 [3melapsed_ms[0m[2m=[0m0.018885
[2m2026-10-04T02:42:02.453388Z[0m [32m INFO[0m [2mhv2_cluster::access[0m[2m:[0m control-plane access completed [3mrequest_id[0m[2m=[0mce898e41-a94c-4e31-8346-1532e1209a0e [3mroute[0m[2m=[0m"/sandboxes/{id}/public-ports" [3mmethod[0m[2m=[0m"GET" [3mprincipal[0m[2m=[0m"scoped" [3mkey_id[0m[2m=[0m"cb597214df59ce20" [3mallowed[0m[2m=[0mfalse [3mstatus[0m[2m=[0m403 [3melapsed_ms[0m[2m=[0m0.061425
[2m2026-10-04T02:42:02.459760Z[0m [32m INFO[0m [2mhv2_cluster::access[0m[2m:[0m control-plane access completed [3mrequest_id[0m[2m=[0m4d46527f-fabd-46af-ad6b-2200d27aa8c3 [3mroute[0m[2m=[0m"/sandboxes/{id}/public-ports" [3mmethod[0m[2m=[0m"GET" [3mprincipal[0m[2m=[0m"scoped" [3mkey_id[0m[2m=[0m"cb597214df59ce20" [3mallowed[0m[2m=[0mfalse [3mstatus[0m[2m=[0m403 [3melapsed_ms[0m[2m=[0m0.049643
[2m2026-10-04T02:42:02.467466Z[0m [32m INFO[0m [2mhv2_cluster::access[0m[2m:[0m control-plane access completed [3mrequest_id[0m[2m=[0mc0d5a437-1b2f-4cc7-b3ac-d825b33e4507 [3mroute[0m[2m=[0m"/sandboxes/{id}/public-ports/{port}" [3mmethod[0m[2m=[0m"DELETE" [3mprincipal[0m[2m=[0m"scoped" [3mkey_id[0m[2m=[0m"cb597214df59ce20" [3mallowed[0m[2m=[0mfalse [3mstatus[0m[2m=[0m403 [3melapsed_ms[0m[2m=[0m0.017403
[2m2026-10-04T02:42:02.471104Z[0m [32m INFO[0m [2mhv2_cluster::access[0m[2m:[0m control-plane access completed [3mrequest_id[0m[2m=[0m6a70cd8f-c9e3-45c0-bafd-126a009b5912 [3mroute[0m[2m=[0m"/sandboxes/{id}/public-ports/{port}" [3mmethod[0m[2m=[0m"DELETE" [3mprincipal[0m[2m=[0m"scoped" [3mkey_id[0m[2m=[0m"cb597214df59ce20" [3mallowed[0m[2m=[0mfalse [3mstatus[0m[2m=[0m403 [3melapsed_ms[0m[2m=[0m0.015709
[2m2026-10-04T02:42:02.479199Z[0m [32m INFO[0m [2mhv2_cluster::access[0m[2m:[0m control-plane access completed [3mrequest_id[0m[2m=[0ma3c32239-b1cd-466a-808a-b788b3fb4ada [3mroute[0m[2m=[0m"/sandboxes/{id}/public-ports/{port}" [3mmethod[0m[2m=[0m"PUT" [3mprincipal[0m[2m=[0m"scoped" [3mkey_id[0m[2m=[0m"c74cb7a524092467" [3mallowed[0m[2m=[0mfalse [3mstatus[0m[2m=[0m403 [3melapsed_ms[0m[2m=[0m0.018514
[2m2026-10-04T02:42:02.483330Z[0m [32m INFO[0m [2mhv2_cluster::access[0m[2m:[0m control-plane access completed [3mrequest_id[0m[2m=[0me148fc91-94a6-4a83-9f1d-fd61a2913bdb [3mroute[0m[2m=[0m"/sandboxes/{id}/public-ports/{port}" [3mmethod[0m[2m=[0m"PUT" [3mprincipal[0m[2m=[0m"scoped" [3mkey_id[0m[2m=[0m"c74cb7a524092467" [3mallowed[0m[2m=[0mfalse [3mstatus[0m[2m=[0m403 [3melapsed_ms[0m[2m=[0m0.018855
[2m2026-10-04T02:42:02.492226Z[0m [32m INFO[0m [2mhv2_cluster::access[0m[2m:[0m control-plane access completed [3mrequest_id[0m[2m=[0m01538b98-8496-4e18-84ce-7eb2c6c67fe4 [3mroute[0m[2m=[0m"/sandboxes/{id}/public-ports" [3mmethod[0m[2m=[0m"GET" [3mprincipal[0m[2m=[0m"scoped" [3mkey_id[0m[2m=[0m"c74cb7a524092467" [3mallowed[0m[2m=[0mfalse [3mstatus[0m[2m=[0m403 [3melapsed_ms[0m[2m=[0m0.019416
[2m2026-10-04T02:42:02.496092Z[0m [32m INFO[0m [2mhv2_cluster::access[0m[2m:[0m control-plane access completed [3mrequest_id[0m[2m=[0m8da93c8a-9b81-4c4b-bf7f-7a4f5d48513c [3mroute[0m[2m=[0m"/sandboxes/{id}/public-ports" [3mmethod[0m[2m=[0m"GET" [3mprincipal[0m[2m=[0m"scoped" [3mkey_id[0m[2m=[0m"c74cb7a524092467" [3mallowed[0m[2m=[0mfalse [3mstatus[0m[2m=[0m403 [3melapsed_ms[0m[2m=[0m0.024426
[2m2026-10-04T02:42:02.503033Z[0m [32m INFO[0m [2mhv2_cluster::access[0m[2m:[0m control-plane access completed [3mrequest_id[0m[2m=[0m4b5b8003-5103-47c1-8878-06e3cfa37c94 [3mroute[0m[2m=[0m"/sandboxes/{id}/public-ports/{port}" [3mmethod[0m[2m=[0m"DELETE" [3mprincipal[0m[2m=[0m"scoped" [3mkey_id[0m[2m=[0m"c74cb7a524092467" [3mallowed[0m[2m=[0mfalse [3mstatus[0m[2m=[0m403 [3melapsed_ms[0m[2m=[0m0.017352
[2m2026-10-04T02:42:02.507455Z[0m [32m INFO[0m [2mhv2_cluster::access[0m[2m:[0m control-plane access completed [3mrequest_id[0m[2m=[0mbb270dfb-8323-4a1b-b4fd-97d31e3710a2 [3mroute[0m[2m=[0m"/sandboxes/{id}/public-ports/{port}" [3mmethod[0m[2m=[0m"DELETE" [3mprincipal[0m[2m=[0m"scoped" [3mkey_id[0m[2m=[0m"c74cb7a524092467" [3mallowed[0m[2m=[0mfalse [3mstatus[0m[2m=[0m403 [3melapsed_ms[0m[2m=[0m0.014127
[2m2026-10-04T02:42:02.514359Z[0m [32m INFO[0m [2mhv2_cluster::access[0m[2m:[0m control-plane access started [3mrequest_id[0m[2m=[0m3c4de69d-b97e-472d-ab1d-83db339039bb [3mroute[0m[2m=[0m"/sandboxes/{id}/public-ports/{port}" [3mmethod[0m[2m=[0m"PUT" [3mprincipal[0m[2m=[0m"scoped" [3mkey_id[0m[2m=[0m"c5382f2ca9f945e0"
[2m2026-10-04T02:42:02.514431Z[0m [32m INFO[0m [2mhv2_cluster::access[0m[2m:[0m control-plane access completed [3mrequest_id[0m[2m=[0m3c4de69d-b97e-472d-ab1d-83db339039bb [3mroute[0m[2m=[0m"/sandboxes/{id}/public-ports/{port}" [3mmethod[0m[2m=[0m"PUT" [3mprincipal[0m[2m=[0m"scoped" [3mkey_id[0m[2m=[0m"c5382f2ca9f945e0" [3mallowed[0m[2m=[0mtrue [3mstatus[0m[2m=[0m403 [3melapsed_ms[0m[2m=[0m0.08795499999999999
[2m2026-10-04T02:42:02.517745Z[0m [32m INFO[0m [2mhv2_cluster::access[0m[2m:[0m control-plane access started [3mrequest_id[0m[2m=[0mcdb07c33-3738-4ac6-a512-d81fa7db546f [3mroute[0m[2m=[0m"/sandboxes/{id}/public-ports/{port}" [3mmethod[0m[2m=[0m"PUT" [3mprincipal[0m[2m=[0m"scoped" [3mkey_id[0m[2m=[0m"c5382f2ca9f945e0"
[2m2026-10-04T02:42:02.517796Z[0m [32m INFO[0m [2mhv2_cluster::access[0m[2m:[0m control-plane access completed [3mrequest_id[0m[2m=[0mcdb07c33-3738-4ac6-a512-d81fa7db546f [3mroute[0m[2m=[0m"/sandboxes/{id}/public-ports/{port}" [3mmethod[0m[2m=[0m"PUT" [3mprincipal[0m[2m=[0m"scoped" [3mkey_id[0m[2m=[0m"c5382f2ca9f945e0" [3mallowed[0m[2m=[0mtrue [3mstatus[0m[2m=[0m403 [3melapsed_ms[0m[2m=[0m0.06407
[2m2026-10-04T02:42:02.525526Z[0m [32m INFO[0m [2mhv2_cluster::access[0m[2m:[0m control-plane access started [3mrequest_id[0m[2m=[0m6460fd87-2580-4650-94f6-36d247c72d8b [3mroute[0m[2m=[0m"/sandboxes/{id}/public-ports" [3mmethod[0m[2m=[0m"GET" [3mprincipal[0m[2m=[0m"scoped" [3mkey_id[0m[2m=[0m"c5382f2ca9f945e0"
[2m2026-10-04T02:42:02.525565Z[0m [32m INFO[0m [2mhv2_cluster::access[0m[2m:[0m control-plane access completed [3mrequest_id[0m[2m=[0m6460fd87-2580-4650-94f6-36d247c72d8b [3mroute[0m[2m=[0m"/sandboxes/{id}/public-ports" [3mmethod[0m[2m=[0m"GET" [3mprincipal[0m[2m=[0m"scoped" [3mkey_id[0m[2m=[0m"c5382f2ca9f945e0" [3mallowed[0m[2m=[0mtrue [3mstatus[0m[2m=[0m403 [3melapsed_ms[0m[2m=[0m0.054553
[2m2026-10-04T02:42:02.528864Z[0m [32m INFO[0m [2mhv2_cluster::access[0m[2m:[0m control-plane access started [3mrequest_id[0m[2m=[0mb9553bda-1e4e-48e2-8ab2-d09978ed4f3d [3mroute[0m[2m=[0m"/sandboxes/{id}/public-ports" [3mmethod[0m[2m=[0m"GET" [3mprincipal[0m[2m=[0m"scoped" [3mkey_id[0m[2m=[0m"c5382f2ca9f945e0"
[2m2026-10-04T02:42:02.528903Z[0m [32m INFO[0m [2mhv2_cluster::access[0m[2m:[0m control-plane access completed [3mrequest_id[0m[2m=[0mb9553bda-1e4e-48e2-8ab2-d09978ed4f3d [3mroute[0m[2m=[0m"/sandboxes/{id}/public-ports" [3mmethod[0m[2m=[0m"GET" [3mprincipal[0m[2m=[0m"scoped" [3mkey_id[0m[2m=[0m"c5382f2ca9f945e0" [3mallowed[0m[2m=[0mtrue [3mstatus[0m[2m=[0m403 [3melapsed_ms[0m[2m=[0m0.055013000000000006
[2m2026-10-04T02:42:02.536355Z[0m [32m INFO[0m [2mhv2_cluster::access[0m[2m:[0m control-plane access started [3mrequest_id[0m[2m=[0mfcf25431-0409-4757-805a-6da827de1d51 [3mroute[0m[2m=[0m"/sandboxes/{id}/public-ports/{port}" [3mmethod[0m[2m=[0m"DELETE" [3mprincipal[0m[2m=[0m"scoped" [3mkey_id[0m[2m=[0m"c5382f2ca9f945e0"
[2m2026-10-04T02:42:02.536401Z[0m [32m INFO[0m [2mhv2_cluster::access[0m[2m:[0m control-plane access completed [3mrequest_id[0m[2m=[0mfcf25431-0409-4757-805a-6da827de1d51 [3mroute[0m[2m=[0m"/sandboxes/{id}/public-ports/{port}" [3mmethod[0m[2m=[0m"DELETE" [3mprincipal[0m[2m=[0m"scoped" [3mkey_id[0m[2m=[0m"c5382f2ca9f945e0" [3mallowed[0m[2m=[0mtrue [3mstatus[0m[2m=[0m403 [3melapsed_ms[0m[2m=[0m0.063639
[2m2026-10-04T02:42:02.540852Z[0m [32m INFO[0m [2mhv2_cluster::access[0m[2m:[0m control-plane access started [3mrequest_id[0m[2m=[0m0de860ec-2cde-4919-a14c-b8a827cb5c8a [3mroute[0m[2m=[0m"/sandboxes/{id}/public-ports/{port}" [3mmethod[0m[2m=[0m"DELETE" [3mprincipal[0m[2m=[0m"scoped" [3mkey_id[0m[2m=[0m"c5382f2ca9f945e0"
[2m2026-10-04T02:42:02.540916Z[0m [32m INFO[0m [2mhv2_cluster::access[0m[2m:[0m control-plane access completed [3mrequest_id[0m[2m=[0m0de860ec-2cde-4919-a14c-b8a827cb5c8a [3mroute[0m[2m=[0m"/sandboxes/{id}/public-ports/{port}" [3mmethod[0m[2m=[0m"DELETE" [3mprincipal[0m[2m=[0m"scoped" [3mkey_id[0m[2m=[0m"c5382f2ca9f945e0" [3mallowed[0m[2m=[0mtrue [3mstatus[0m[2m=[0m403 [3melapsed_ms[0m[2m=[0m0.09079000000000001
[2m2026-10-04T02:42:02.548408Z[0m [32m INFO[0m [2mhv2_cluster::access[0m[2m:[0m control-plane access started [3mrequest_id[0m[2m=[0m05c6e4db-5e35-4578-af89-c8e096015c79 [3mroute[0m[2m=[0m"/sandboxes/{id}/public-ports/{port}" [3mmethod[0m[2m=[0m"PUT" [3mprincipal[0m[2m=[0m"legacy_admin" [3mkey_id[0m[2m=[0m"91c5dea7e40ca581"
[2m2026-10-04T02:42:02.548485Z[0m [32m INFO[0m [2mhv2_cluster::access[0m[2m:[0m control-plane access completed [3mrequest_id[0m[2m=[0m05c6e4db-5e35-4578-af89-c8e096015c79 [3mroute[0m[2m=[0m"/sandboxes/{id}/public-ports/{port}" [3mmethod[0m[2m=[0m"PUT" [3mprincipal[0m[2m=[0m"legacy_admin" [3mkey_id[0m[2m=[0m"91c5dea7e40ca581" [3mallowed[0m[2m=[0mtrue [3mstatus[0m[2m=[0m403 [3melapsed_ms[0m[2m=[0m0.094979
[2m2026-10-04T02:42:02.552939Z[0m [32m INFO[0m [2mhv2_cluster::access[0m[2m:[0m control-plane access started [3mrequest_id[0m[2m=[0meaf89df1-b3b7-42ac-9e2f-4e2743fc6e15 [3mroute[0m[2m=[0m"/sandboxes/{id}/public-ports/{port}" [3mmethod[0m[2m=[0m"PUT" [3mprincipal[0m[2m=[0m"legacy_admin" [3mkey_id[0m[2m=[0m"91c5dea7e40ca581"
[2m2026-10-04T02:42:02.553038Z[0m [32m INFO[0m [2mhv2_cluster::access[0m[2m:[0m control-plane access completed [3mrequest_id[0m[2m=[0meaf89df1-b3b7-42ac-9e2f-4e2743fc6e15 [3mroute[0m[2m=[0m"/sandboxes/{id}/public-ports/{port}" [3mmethod[0m[2m=[0m"PUT" [3mprincipal[0m[2m=[0m"legacy_admin" [3mkey_id[0m[2m=[0m"91c5dea7e40ca581" [3mallowed[0m[2m=[0mtrue [3mstatus[0m[2m=[0m403 [3melapsed_ms[0m[2m=[0m0.125866
[2m2026-10-04T02:42:02.561552Z[0m [32m INFO[0m [2mhv2_cluster::access[0m[2m:[0m control-plane access started [3mrequest_id[0m[2m=[0mb257fce0-5d1a-42ed-8d6b-41c2e4902332 [3mroute[0m[2m=[0m"/sandboxes/{id}/public-ports" [3mmethod[0m[2m=[0m"GET" [3mprincipal[0m[2m=[0m"legacy_admin" [3mkey_id[0m[2m=[0m"91c5dea7e40ca581"
[2m2026-10-04T02:42:02.561607Z[0m [32m INFO[0m [2mhv2_cluster::access[0m[2m:[0m control-plane access completed [3mrequest_id[0m[2m=[0mb257fce0-5d1a-42ed-8d6b-41c2e4902332 [3mroute[0m[2m=[0m"/sandboxes/{id}/public-ports" [3mmethod[0m[2m=[0m"GET" [3mprincipal[0m[2m=[0m"legacy_admin" [3mkey_id[0m[2m=[0m"91c5dea7e40ca581" [3mallowed[0m[2m=[0mtrue [3mstatus[0m[2m=[0m403 [3melapsed_ms[0m[2m=[0m0.071133
[2m2026-10-04T02:42:02.565449Z[0m [32m INFO[0m [2mhv2_cluster::access[0m[2m:[0m control-plane access started [3mrequest_id[0m[2m=[0mb611f213-c857-43a6-98b3-ac7317b9ee04 [3mroute[0m[2m=[0m"/sandboxes/{id}/public-ports" [3mmethod[0m[2m=[0m"GET" [3mprincipal[0m[2m=[0m"legacy_admin" [3mkey_id[0m[2m=[0m"91c5dea7e40ca581"
[2m2026-10-04T02:42:02.565494Z[0m [32m INFO[0m [2mhv2_cluster::access[0m[2m:[0m control-plane access completed [3mrequest_id[0m[2m=[0mb611f213-c857-43a6-98b3-ac7317b9ee04 [3mroute[0m[2m=[0m"/sandboxes/{id}/public-ports" [3mmethod[0m[2m=[0m"GET" [3mprincipal[0m[2m=[0m"legacy_admin" [3mkey_id[0m[2m=[0m"91c5dea7e40ca581" [3mallowed[0m[2m=[0mtrue [3mstatus[0m[2m=[0m403 [3melapsed_ms[0m[2m=[0m0.062778
[2m2026-10-04T02:42:02.573403Z[0m [32m INFO[0m [2mhv2_cluster::access[0m[2m:[0m control-plane access started [3mrequest_id[0m[2m=[0mc9b1019c-3569-41a9-9829-23f375b5994b [3mroute[0m[2m=[0m"/sandboxes/{id}/public-ports/{port}" [3mmethod[0m[2m=[0m"DELETE" [3mprincipal[0m[2m=[0m"legacy_admin" [3mkey_id[0m[2m=[0m"91c5dea7e40ca581"
[2m2026-10-04T02:42:02.573457Z[0m [32m INFO[0m [2mhv2_cluster::access[0m[2m:[0m control-plane access completed [3mrequest_id[0m[2m=[0mc9b1019c-3569-41a9-9829-23f375b5994b [3mroute[0m[2m=[0m"/sandboxes/{id}/public-ports/{port}" [3mmethod[0m[2m=[0m"DELETE" [3mprincipal[0m[2m=[0m"legacy_admin" [3mkey_id[0m[2m=[0m"91c5dea7e40ca581" [3mallowed[0m[2m=[0mtrue [3mstatus[0m[2m=[0m403 [3melapsed_ms[0m[2m=[0m0.068809
[2m2026-10-04T02:42:02.577254Z[0m [32m INFO[0m [2mhv2_cluster::access[0m[2m:[0m control-plane access started [3mrequest_id[0m[2m=[0m141639a9-eb22-42aa-a052-49686c4fe381 [3mroute[0m[2m=[0m"/sandboxes/{id}/public-ports/{port}" [3mmethod[0m[2m=[0m"DELETE" [3mprincipal[0m[2m=[0m"legacy_admin" [3mkey_id[0m[2m=[0m"91c5dea7e40ca581"
[2m2026-10-04T02:42:02.577295Z[0m [32m INFO[0m [2mhv2_cluster::access[0m[2m:[0m control-plane access completed [3mrequest_id[0m[2m=[0m141639a9-eb22-42aa-a052-49686c4fe381 [3mroute[0m[2m=[0m"/sandboxes/{id}/public-ports/{port}" [3mmethod[0m[2m=[0m"DELETE" [3mprincipal[0m[2m=[0m"legacy_admin" [3mkey_id[0m[2m=[0m"91c5dea7e40ca581" [3mallowed[0m[2m=[0mtrue [3mstatus[0m[2m=[0m403 [3melapsed_ms[0m[2m=[0m0.053891
[2m2026-10-04T02:42:02.585069Z[0m [32m INFO[0m [2mhv2_cluster::access[0m[2m:[0m control-plane access started [3mrequest_id[0m[2m=[0ma508fe52-ef37-4a71-9c3e-4c06097f0797 [3mroute[0m[2m=[0m"/sandboxes" [3mmethod[0m[2m=[0m"POST" [3mprincipal[0m[2m=[0m"legacy_admin" [3mkey_id[0m[2m=[0m"91c5dea7e40ca581"
[2m2026-10-04T02:42:02.586405Z[0m [32m INFO[0m [2mhv2_core::hypervisor[0m[2m:[0m Detected hypervisor platform: Kvm
[2m2026-10-04T02:42:02.586897Z[0m [32m INFO[0m [2mhv2_core::vm[0m[2m:[0m VM 'sbx-2fb64bb965864d4ba999': vsock device attached at 0xd0000000 (guest CID 100, IRQ 5)
[2m2026-10-04T02:42:02.586912Z[0m [32m INFO[0m [2mhv2_core::devices::serial[0m[2m:[0m Initializing serial device 'COM1' at 0x3F8
[2m2026-10-04T02:42:02.588367Z[0m [32m INFO[0m [2mhv2_core::vm[0m[2m:[0m Provisioned VM 'sbx-2fb64bb965864d4ba999' on the Kvm backend (1 vCPUs, 1024 MiB)
[2m2026-10-04T02:42:02.588729Z[0m [32m INFO[0m [2mhv2_core::vm[0m[2m:[0m VM 'sbx-2fb64bb965864d4ba999' restored from /tmp/hm-udp-kvm-ql042ht2/snapshots/templates/48454fd837dc52740c691aafc9cb1fdc/template.snap
[2m2026-10-04T02:42:02.588742Z[0m [32m INFO[0m [2mhv2_core::vm[0m[2m:[0m Starting VM 'sbx-2fb64bb965864d4ba999' with 1 vCPUs and 1 GB memory (parallel=true)
[2m2026-10-04T02:42:02.588861Z[0m [32m INFO[0m [2mhv2_core::vm[0m[2m:[0m Starting VM execution for 'sbx-2fb64bb965864d4ba999' with 1 vCPUs
[2m2026-10-04T02:42:02.588919Z[0m [32m INFO[0m [2mhv2_core::vm[0m[2m:[0m Starting parallel execution with 1 vCPU tasks
[2m2026-10-04T02:42:02.589141Z[0m [32m INFO[0m [2mhv2_core::vm[0m[2m:[0m vCPU 0 task started
[2m2026-10-04T02:42:02.611430Z[0m [32m INFO[0m [2mhv2_cluster::access[0m[2m:[0m control-plane access completed [3mrequest_id[0m[2m=[0ma508fe52-ef37-4a71-9c3e-4c06097f0797 [3mroute[0m[2m=[0m"/sandboxes" [3mmethod[0m[2m=[0m"POST" [3mprincipal[0m[2m=[0m"legacy_admin" [3mkey_id[0m[2m=[0m"91c5dea7e40ca581" [3mallowed[0m[2m=[0mtrue [3mstatus[0m[2m=[0m201 [3melapsed_ms[0m[2m=[0m26.402822999999998
[2m2026-10-04T02:42:02.625507Z[0m [32m INFO[0m [2mhv2_cluster::access[0m[2m:[0m control-plane access started [3mrequest_id[0m[2m=[0me25a00fb-6a30-4767-a037-5c6ed96ef4ec [3mroute[0m[2m=[0m"/sandboxes/{id}/public-ports/{port}" [3mmethod[0m[2m=[0m"PUT" [3mprincipal[0m[2m=[0m"scoped" [3mkey_id[0m[2m=[0m"9ba20d3039657e09"
[2m2026-10-04T02:42:02.625912Z[0m [32m INFO[0m [2mhv2_cluster::access[0m[2m:[0m control-plane access completed [3mrequest_id[0m[2m=[0me25a00fb-6a30-4767-a037-5c6ed96ef4ec [3mroute[0m[2m=[0m"/sandboxes/{id}/public-ports/{port}" [3mmethod[0m[2m=[0m"PUT" [3mprincipal[0m[2m=[0m"scoped" [3mkey_id[0m[2m=[0m"9ba20d3039657e09" [3mallowed[0m[2m=[0mtrue [3mstatus[0m[2m=[0m403 [3melapsed_ms[0m[2m=[0m0.426549
[2m2026-10-04T02:42:02.629574Z[0m [32m INFO[0m [2mhv2_cluster::access[0m[2m:[0m control-plane access started [3mrequest_id[0m[2m=[0mb12ccab9-0383-4056-be59-227ac6277f83 [3mroute[0m[2m=[0m"/sandboxes/{id}/public-ports/{port}" [3mmethod[0m[2m=[0m"PUT" [3mprincipal[0m[2m=[0m"scoped" [3mkey_id[0m[2m=[0m"9ba20d3039657e09"
[2m2026-10-04T02:42:02.630160Z[0m [32m INFO[0m [2mhv2_cluster::access[0m[2m:[0m control-plane access completed [3mrequest_id[0m[2m=[0mb12ccab9-0383-4056-be59-227ac6277f83 [3mroute[0m[2m=[0m"/sandboxes/{id}/public-ports/{port}" [3mmethod[0m[2m=[0m"PUT" [3mprincipal[0m[2m=[0m"scoped" [3mkey_id[0m[2m=[0m"9ba20d3039657e09" [3mallowed[0m[2m=[0mtrue [3mstatus[0m[2m=[0m403 [3melapsed_ms[0m[2m=[0m0.593818
[2m2026-10-04T02:42:02.640194Z[0m [32m INFO[0m [2mhv2_cluster::access[0m[2m:[0m control-plane access started [3mrequest_id[0m[2m=[0m3d93cfb5-a8a5-405d-a4c3-1fe3e39abb1d [3mroute[0m[2m=[0m"/sandboxes/{id}/public-ports" [3mmethod[0m[2m=[0m"GET" [3mprincipal[0m[2m=[0m"scoped" [3mkey_id[0m[2m=[0m"9ba20d3039657e09"
[2m2026-10-04T02:42:02.640549Z[0m [32m INFO[0m [2mhv2_cluster::access[0m[2m:[0m control-plane access completed [3mrequest_id[0m[2m=[0m3d93cfb5-a8a5-405d-a4c3-1fe3e39abb1d [3mroute[0m[2m=[0m"/sandboxes/{id}/public-ports" [3mmethod[0m[2m=[0m"GET" [3mprincipal[0m[2m=[0m"scoped" [3mkey_id[0m[2m=[0m"9ba20d3039657e09" [3mallowed[0m[2m=[0mtrue [3mstatus[0m[2m=[0m403 [3melapsed_ms[0m[2m=[0m0.370785
[2m2026-10-04T02:42:02.644546Z[0m [32m INFO[0m [2mhv2_cluster::access[0m[2m:[0m control-plane access started [3mrequest_id[0m[2m=[0m3cda55b0-d3e4-451d-bb4b-4883bf9d3e83 [3mroute[0m[2m=[0m"/sandboxes/{id}/public-ports" [3mmethod[0m[2m=[0m"GET" [3mprincipal[0m[2m=[0m"scoped" [3mkey_id[0m[2m=[0m"9ba20d3039657e09"
[2m2026-10-04T02:42:02.644830Z[0m [32m INFO[0m [2mhv2_cluster::access[0m[2m:[0m control-plane access completed [3mrequest_id[0m[2m=[0m3cda55b0-d3e4-451d-bb4b-4883bf9d3e83 [3mroute[0m[2m=[0m"/sandboxes/{id}/public-ports" [3mmethod[0m[2m=[0m"GET" [3mprincipal[0m[2m=[0m"scoped" [3mkey_id[0m[2m=[0m"9ba20d3039657e09" [3mallowed[0m[2m=[0mtrue [3mstatus[0m[2m=[0m403 [3melapsed_ms[0m[2m=[0m0.299157
[2m2026-10-04T02:42:02.655492Z[0m [32m INFO[0m [2mhv2_cluster::access[0m[2m:[0m control-plane access started [3mrequest_id[0m[2m=[0ma23ec6da-525d-4c8a-833a-4fe396253aa8 [3mroute[0m[2m=[0m"/sandboxes/{id}/public-ports/{port}" [3mmethod[0m[2m=[0m"DELETE" [3mprincipal[0m[2m=[0m"scoped" [3mkey_id[0m[2m=[0m"9ba20d3039657e09"
[2m2026-10-04T02:42:02.655893Z[0m [32m INFO[0m [2mhv2_cluster::access[0m[2m:[0m control-plane access completed [3mrequest_id[0m[2m=[0ma23ec6da-525d-4c8a-833a-4fe396253aa8 [3mroute[0m[2m=[0m"/sandboxes/{id}/public-ports/{port}" [3mmethod[0m[2m=[0m"DELETE" [3mprincipal[0m[2m=[0m"scoped" [3mkey_id[0m[2m=[0m"9ba20d3039657e09" [3mallowed[0m[2m=[0mtrue [3mstatus[0m[2m=[0m403 [3melapsed_ms[0m[2m=[0m0.421099
[2m2026-10-04T02:42:02.660315Z[0m [32m INFO[0m [2mhv2_cluster::access[0m[2m:[0m control-plane access started [3mrequest_id[0m[2m=[0ma94d230b-6e52-4113-a6b4-30fb08f7be24 [3mroute[0m[2m=[0m"/sandboxes/{id}/public-ports/{port}" [3mmethod[0m[2m=[0m"DELETE" [3mprincipal[0m[2m=[0m"scoped" [3mkey_id[0m[2m=[0m"9ba20d3039657e09"
[2m2026-10-04T02:42:02.660630Z[0m [32m INFO[0m [2mhv2_cluster::access[0m[2m:[0m control-plane access completed [3mrequest_id[0m[2m=[0ma94d230b-6e52-4113-a6b4-30fb08f7be24 [3mroute[0m[2m=[0m"/sandboxes/{id}/public-ports/{port}" [3mmethod[0m[2m=[0m"DELETE" [3mprincipal[0m[2m=[0m"scoped" [3mkey_id[0m[2m=[0m"9ba20d3039657e09" [3mallowed[0m[2m=[0mtrue [3mstatus[0m[2m=[0m403 [3melapsed_ms[0m[2m=[0m0.32463400000000003
[2m2026-10-04T02:42:02.662979Z[0m [32m INFO[0m [2mhv2_cluster::access[0m[2m:[0m control-plane access started [3mrequest_id[0m[2m=[0m809db954-051c-4e6e-9a09-11d8bb54d983 [3mroute[0m[2m=[0m"/sandboxes/{id}" [3mmethod[0m[2m=[0m"DELETE" [3mprincipal[0m[2m=[0m"scoped" [3mkey_id[0m[2m=[0m"9ba20d3039657e09"
[2m2026-10-04T02:42:02.663958Z[0m [32m INFO[0m [2mhv2_core::vm[0m[2m:[0m vCPU 0 task exited (exits=115)
[2m2026-10-04T02:42:02.664099Z[0m [32m INFO[0m [2mhv2_core::vm[0m[2m:[0m VM parallel execution completed for 'sbx-2fb64bb965864d4ba999'
[2m2026-10-04T02:42:02.664119Z[0m [32m INFO[0m [2mhv2_core::vm[0m[2m:[0m VM 'sbx-2fb64bb965864d4ba999' stopped
[2m2026-10-04T02:42:02.719483Z[0m [32m INFO[0m [2mhv2_cluster::access[0m[2m:[0m control-plane access completed [3mrequest_id[0m[2m=[0m809db954-051c-4e6e-9a09-11d8bb54d983 [3mroute[0m[2m=[0m"/sandboxes/{id}" [3mmethod[0m[2m=[0m"DELETE" [3mprincipal[0m[2m=[0m"scoped" [3mkey_id[0m[2m=[0m"9ba20d3039657e09" [3mallowed[0m[2m=[0mtrue [3mstatus[0m[2m=[0m204 [3melapsed_ms[0m[2m=[0m56.515001000000005
[2m2026-10-04T02:42:02.729437Z[0m [32m INFO[0m [2mhv2_cluster::access[0m[2m:[0m control-plane access started [3mrequest_id[0m[2m=[0m8a29ffbc-3581-495a-9d39-01628d56c157 [3mroute[0m[2m=[0m"/sandboxes/{id}/public-ports/{port}" [3mmethod[0m[2m=[0m"PUT" [3mprincipal[0m[2m=[0m"scoped" [3mkey_id[0m[2m=[0m"9ba20d3039657e09"
[2m2026-10-04T02:42:02.730000Z[0m [32m INFO[0m [2mhv2_cluster::access[0m[2m:[0m control-plane access completed [3mrequest_id[0m[2m=[0m8a29ffbc-3581-495a-9d39-01628d56c157 [3mroute[0m[2m=[0m"/sandboxes/{id}/public-ports/{port}" [3mmethod[0m[2m=[0m"PUT" [3mprincipal[0m[2m=[0m"scoped" [3mkey_id[0m[2m=[0m"9ba20d3039657e09" [3mallowed[0m[2m=[0mtrue [3mstatus[0m[2m=[0m202 [3melapsed_ms[0m[2m=[0m0.57598
native gateway started
[2m2026-10-04T02:42:03.219380Z[0m [32m INFO[0m [2mhv2_cluster::access[0m[2m:[0m control-plane access started [3mrequest_id[0m[2m=[0m7a14391c-4f87-4ffc-bc79-0b3c57da5dab [3mroute[0m[2m=[0m"/sandboxes/{id}/ports/{port}/udp" [3mmethod[0m[2m=[0m"GET" [3mprincipal[0m[2m=[0m"scoped" [3mkey_id[0m[2m=[0m"9ba20d3039657e09"
[2m2026-10-04T02:42:03.219431Z[0m [32m INFO[0m [2mhv2_cluster::access[0m[2m:[0m control-plane access started [3mrequest_id[0m[2m=[0m397c1c91-bb33-4ad8-9718-c9440cde36e7 [3mroute[0m[2m=[0m"/sandboxes/{id}/ports/{port}/udp" [3mmethod[0m[2m=[0m"GET" [3mprincipal[0m[2m=[0m"scoped" [3mkey_id[0m[2m=[0m"9ba20d3039657e09"
[2m2026-10-04T02:42:03.219380Z[0m [32m INFO[0m [2mhv2_cluster::access[0m[2m:[0m control-plane access started [3mrequest_id[0m[2m=[0ma1c5fcf1-1880-460c-be5b-4beeb8d1bfbb [3mroute[0m[2m=[0m"/sandboxes/{id}/ports/{port}/udp" [3mmethod[0m[2m=[0m"GET" [3mprincipal[0m[2m=[0m"scoped" [3mkey_id[0m[2m=[0m"9ba20d3039657e09"
[2m2026-10-04T02:42:03.219582Z[0m [32m INFO[0m [2mhv2_cluster::access[0m[2m:[0m control-plane access started [3mrequest_id[0m[2m=[0md4c712f7-8ee9-4e6f-952b-3b00568290ff [3mroute[0m[2m=[0m"/sandboxes/{id}/ports/{port}/udp" [3mmethod[0m[2m=[0m"GET" [3mprincipal[0m[2m=[0m"scoped" [3mkey_id[0m[2m=[0m"9ba20d3039657e09"
[2m2026-10-04T02:42:03.220049Z[0m [32m INFO[0m [2mhv2_cluster::access[0m[2m:[0m control-plane access started [3mrequest_id[0m[2m=[0mccac6a0f-6b5e-49e3-a0e6-c42d996c2c9b [3mroute[0m[2m=[0m"/sandboxes/{id}/ports/{port}/udp" [3mmethod[0m[2m=[0m"GET" [3mprincipal[0m[2m=[0m"scoped" [3mkey_id[0m[2m=[0m"9ba20d3039657e09"
[2m2026-10-04T02:42:03.220422Z[0m [32m INFO[0m [2mhv2_cluster::access[0m[2m:[0m control-plane access started [3mrequest_id[0m[2m=[0m2c0224b0-9369-4716-9c10-7d122dbe32ef [3mroute[0m[2m=[0m"/sandboxes/{id}/ports/{port}/udp" [3mmethod[0m[2m=[0m"GET" [3mprincipal[0m[2m=[0m"scoped" [3mkey_id[0m[2m=[0m"9ba20d3039657e09"
[2m2026-10-04T02:42:03.220829Z[0m [32m INFO[0m [2mhv2_cluster::access[0m[2m:[0m control-plane access started [3mrequest_id[0m[2m=[0m9f04e855-2097-4245-9f87-fc6dee0bcc13 [3mroute[0m[2m=[0m"/sandboxes/{id}/ports/{port}/udp" [3mmethod[0m[2m=[0m"GET" [3mprincipal[0m[2m=[0m"scoped" [3mkey_id[0m[2m=[0m"9ba20d3039657e09"
[2m2026-10-04T02:42:03.221356Z[0m [32m INFO[0m [2mhv2_cluster::access[0m[2m:[0m control-plane access started [3mrequest_id[0m[2m=[0mcbe4030c-5a2e-49a2-9a3f-2f63279efe74 [3mroute[0m[2m=[0m"/sandboxes/{id}/ports/{port}/udp" [3mmethod[0m[2m=[0m"GET" [3mprincipal[0m[2m=[0m"scoped" [3mkey_id[0m[2m=[0m"9ba20d3039657e09"
[2m2026-10-04T02:42:03.261564Z[0m [32m INFO[0m [2mhv2_cluster::access[0m[2m:[0m control-plane access completed [3mrequest_id[0m[2m=[0ma1c5fcf1-1880-460c-be5b-4beeb8d1bfbb [3mroute[0m[2m=[0m"/sandboxes/{id}/ports/{port}/udp" [3mmethod[0m[2m=[0m"GET" [3mprincipal[0m[2m=[0m"scoped" [3mkey_id[0m[2m=[0m"9ba20d3039657e09" [3mallowed[0m[2m=[0mtrue [3mstatus[0m[2m=[0m101 [3melapsed_ms[0m[2m=[0m42.205392
[2m2026-10-04T02:42:03.265666Z[0m [32m INFO[0m [2mhv2_cluster::access[0m[2m:[0m control-plane access completed [3mrequest_id[0m[2m=[0m397c1c91-bb33-4ad8-9718-c9440cde36e7 [3mroute[0m[2m=[0m"/sandboxes/{id}/ports/{port}/udp" [3mmethod[0m[2m=[0m"GET" [3mprincipal[0m[2m=[0m"scoped" [3mkey_id[0m[2m=[0m"9ba20d3039657e09" [3mallowed[0m[2m=[0mtrue [3mstatus[0m[2m=[0m101 [3melapsed_ms[0m[2m=[0m46.302131
[2m2026-10-04T02:42:03.268557Z[0m [32m INFO[0m [2mhv2_cluster::access[0m[2m:[0m control-plane access completed [3mrequest_id[0m[2m=[0mcbe4030c-5a2e-49a2-9a3f-2f63279efe74 [3mroute[0m[2m=[0m"/sandboxes/{id}/ports/{port}/udp" [3mmethod[0m[2m=[0m"GET" [3mprincipal[0m[2m=[0m"scoped" [3mkey_id[0m[2m=[0m"9ba20d3039657e09" [3mallowed[0m[2m=[0mtrue [3mstatus[0m[2m=[0m101 [3melapsed_ms[0m[2m=[0m47.204797
[2m2026-10-04T02:42:03.271505Z[0m [32m INFO[0m [2mhv2_cluster::access[0m[2m:[0m control-plane access completed [3mrequest_id[0m[2m=[0m7a14391c-4f87-4ffc-bc79-0b3c57da5dab [3mroute[0m[2m=[0m"/sandboxes/{id}/ports/{port}/udp" [3mmethod[0m[2m=[0m"GET" [3mprincipal[0m[2m=[0m"scoped" [3mkey_id[0m[2m=[0m"9ba20d3039657e09" [3mallowed[0m[2m=[0mtrue [3mstatus[0m[2m=[0m101 [3melapsed_ms[0m[2m=[0m52.147234
[2m2026-10-04T02:42:03.273843Z[0m [32m INFO[0m [2mhv2_cluster::access[0m[2m:[0m control-plane access completed [3mrequest_id[0m[2m=[0md4c712f7-8ee9-4e6f-952b-3b00568290ff [3mroute[0m[2m=[0m"/sandboxes/{id}/ports/{port}/udp" [3mmethod[0m[2m=[0m"GET" [3mprincipal[0m[2m=[0m"scoped" [3mkey_id[0m[2m=[0m"9ba20d3039657e09" [3mallowed[0m[2m=[0mtrue [3mstatus[0m[2m=[0m101 [3melapsed_ms[0m[2m=[0m54.267922000000006
[2m2026-10-04T02:42:03.276766Z[0m [32m INFO[0m [2mhv2_cluster::access[0m[2m:[0m control-plane access completed [3mrequest_id[0m[2m=[0mccac6a0f-6b5e-49e3-a0e6-c42d996c2c9b [3mroute[0m[2m=[0m"/sandboxes/{id}/ports/{port}/udp" [3mmethod[0m[2m=[0m"GET" [3mprincipal[0m[2m=[0m"scoped" [3mkey_id[0m[2m=[0m"9ba20d3039657e09" [3mallowed[0m[2m=[0mtrue [3mstatus[0m[2m=[0m101 [3melapsed_ms[0m[2m=[0m56.719354
[2m2026-10-04T02:42:03.279730Z[0m [32m INFO[0m [2mhv2_cluster::access[0m[2m:[0m control-plane access completed [3mrequest_id[0m[2m=[0m2c0224b0-9369-4716-9c10-7d122dbe32ef [3mroute[0m[2m=[0m"/sandboxes/{id}/ports/{port}/udp" [3mmethod[0m[2m=[0m"GET" [3mprincipal[0m[2m=[0m"scoped" [3mkey_id[0m[2m=[0m"9ba20d3039657e09" [3mallowed[0m[2m=[0mtrue [3mstatus[0m[2m=[0m101 [3melapsed_ms[0m[2m=[0m59.311186
[2m2026-10-04T02:42:03.282875Z[0m [32m INFO[0m [2mhv2_cluster::access[0m[2m:[0m control-plane access completed [3mrequest_id[0m[2m=[0m9f04e855-2097-4245-9f87-fc6dee0bcc13 [3mroute[0m[2m=[0m"/sandboxes/{id}/ports/{port}/udp" [3mmethod[0m[2m=[0m"GET" [3mprincipal[0m[2m=[0m"scoped" [3mkey_id[0m[2m=[0m"9ba20d3039657e09" [3mallowed[0m[2m=[0mtrue [3mstatus[0m[2m=[0m101 [3melapsed_ms[0m[2m=[0m62.055847
[2m2026-10-04T02:42:17.426246Z[0m [32m INFO[0m [2mhv2_cluster::access[0m[2m:[0m control-plane access started [3mrequest_id[0m[2m=[0m73ff2c97-2801-4c0b-a09a-1dbf6af19b8d [3mroute[0m[2m=[0m"/sandboxes/{id}/fork" [3mmethod[0m[2m=[0m"POST" [3mprincipal[0m[2m=[0m"scoped" [3mkey_id[0m[2m=[0m"9ba20d3039657e09"
[2m2026-10-04T02:42:17.427162Z[0m [32m INFO[0m [2mhv2_core::vm[0m[2m:[0m VM 'sbx-b3396cf224034e48a10c' paused
[2m2026-10-04T02:42:17.435118Z[0m [32m INFO[0m [2mhv2_core::vm[0m[2m:[0m VM 'sbx-b3396cf224034e48a10c' snapshotted to /tmp/hm-udp-kvm-ql042ht2/snapshots/paused/sbx-b3396cf224034e48a10c-fork-7e22325f5dbe46b99cb91056d11bc3cb.snap
[2m2026-10-04T02:42:17.435185Z[0m [32m INFO[0m [2mhv2_core::vm[0m[2m:[0m VM 'sbx-b3396cf224034e48a10c' resumed
[2m2026-10-04T02:42:17.435269Z[0m [32m INFO[0m [2mhv2_core::hypervisor[0m[2m:[0m Detected hypervisor platform: Kvm
[2m2026-10-04T02:42:17.435305Z[0m [32m INFO[0m [2mhv2_core::hypervisor[0m[2m:[0m Detected hypervisor platform: Kvm
[2m2026-10-04T02:42:17.435658Z[0m [32m INFO[0m [2mhv2_core::vm[0m[2m:[0m VM 'sbx-4cbba6aced034dd9b289': vsock device attached at 0xd0000000 (guest CID 100, IRQ 5)
[2m2026-10-04T02:42:17.435666Z[0m [32m INFO[0m [2mhv2_core::devices::serial[0m[2m:[0m Initializing serial device 'COM1' at 0x3F8
[2m2026-10-04T02:42:17.435683Z[0m [32m INFO[0m [2mhv2_core::vm[0m[2m:[0m VM 'sbx-e17307bc70614093a15d': vsock device attached at 0xd0000000 (guest CID 100, IRQ 5)
[2m2026-10-04T02:42:17.435691Z[0m [32m INFO[0m [2mhv2_core::devices::serial[0m[2m:[0m Initializing serial device 'COM1' at 0x3F8
[2m2026-10-04T02:42:17.437112Z[0m [32m INFO[0m [2mhv2_core::vm[0m[2m:[0m Provisioned VM 'sbx-4cbba6aced034dd9b289' on the Kvm backend (1 vCPUs, 1024 MiB)
[2m2026-10-04T02:42:17.437116Z[0m [32m INFO[0m [2mhv2_core::vm[0m[2m:[0m Provisioned VM 'sbx-e17307bc70614093a15d' on the Kvm backend (1 vCPUs, 1024 MiB)
[2m2026-10-04T02:42:17.449649Z[0m [32m INFO[0m [2mhv2_core::vm[0m[2m:[0m VM 'sbx-4cbba6aced034dd9b289' restored from /tmp/hm-udp-kvm-ql042ht2/snapshots/paused/sbx-b3396cf224034e48a10c-fork-7e22325f5dbe46b99cb91056d11bc3cb.snap
[2m2026-10-04T02:42:17.449726Z[0m [32m INFO[0m [2mhv2_core::vm[0m[2m:[0m Starting VM 'sbx-4cbba6aced034dd9b289' with 1 vCPUs and 1 GB memory (parallel=true)
[2m2026-10-04T02:42:17.449649Z[0m [32m INFO[0m [2mhv2_core::vm[0m[2m:[0m VM 'sbx-e17307bc70614093a15d' restored from /tmp/hm-udp-kvm-ql042ht2/snapshots/paused/sbx-b3396cf224034e48a10c-fork-7e22325f5dbe46b99cb91056d11bc3cb.snap
[2m2026-10-04T02:42:17.449749Z[0m [32m INFO[0m [2mhv2_core::vm[0m[2m:[0m Starting VM 'sbx-e17307bc70614093a15d' with 1 vCPUs and 1 GB memory (parallel=true)
[2m2026-10-04T02:42:17.449888Z[0m [32m INFO[0m [2mhv2_core::vm[0m[2m:[0m Starting VM execution for 'sbx-e17307bc70614093a15d' with 1 vCPUs
[2m2026-10-04T02:42:17.449895Z[0m [32m INFO[0m [2mhv2_core::vm[0m[2m:[0m Starting parallel execution with 1 vCPU tasks
[2m2026-10-04T02:42:17.450003Z[0m [32m INFO[0m [2mhv2_core::vm[0m[2m:[0m Starting VM execution for 'sbx-4cbba6aced034dd9b289' with 1 vCPUs
[2m2026-10-04T02:42:17.450014Z[0m [32m INFO[0m [2mhv2_core::vm[0m[2m:[0m Starting parallel execution with 1 vCPU tasks
[2m2026-10-04T02:42:17.450108Z[0m [32m INFO[0m [2mhv2_core::vm[0m[2m:[0m vCPU 0 task started
[2m2026-10-04T02:42:17.450255Z[0m [32m INFO[0m [2mhv2_core::vm[0m[2m:[0m vCPU 0 task started
[2m2026-10-04T02:42:17.461775Z[0m [32m INFO[0m [2mhv2_cluster::access[0m[2m:[0m control-plane access completed [3mrequest_id[0m[2m=[0m73ff2c97-2801-4c0b-a09a-1dbf6af19b8d [3mroute[0m[2m=[0m"/sandboxes/{id}/fork" [3mmethod[0m[2m=[0m"POST" [3mprincipal[0m[2m=[0m"scoped" [3mkey_id[0m[2m=[0m"9ba20d3039657e09" [3mallowed[0m[2m=[0mtrue [3mstatus[0m[2m=[0m201 [3melapsed_ms[0m[2m=[0m35.53794
[2m2026-10-04T02:42:17.472135Z[0m [32m INFO[0m [2mhv2_cluster::access[0m[2m:[0m control-plane access started [3mrequest_id[0m[2m=[0m5d5da6fb-9849-484d-80bb-9206e327b174 [3mroute[0m[2m=[0m"/sandboxes/{id}" [3mmethod[0m[2m=[0m"DELETE" [3mprincipal[0m[2m=[0m"scoped" [3mkey_id[0m[2m=[0m"9ba20d3039657e09"
[2m2026-10-04T02:42:17.473043Z[0m [32m INFO[0m [2mhv2_core::vm[0m[2m:[0m vCPU 0 task exited (exits=18)
[2m2026-10-04T02:42:17.473122Z[0m [32m INFO[0m [2mhv2_core::vm[0m[2m:[0m VM parallel execution completed for 'sbx-e17307bc70614093a15d'
[2m2026-10-04T02:42:17.473132Z[0m [32m INFO[0m [2mhv2_core::vm[0m[2m:[0m VM 'sbx-e17307bc70614093a15d' stopped
[2m2026-10-04T02:42:17.515103Z[0m [32m INFO[0m [2mhv2_cluster::access[0m[2m:[0m control-plane access completed [3mrequest_id[0m[2m=[0m5d5da6fb-9849-484d-80bb-9206e327b174 [3mroute[0m[2m=[0m"/sandboxes/{id}" [3mmethod[0m[2m=[0m"DELETE" [3mprincipal[0m[2m=[0m"scoped" [3mkey_id[0m[2m=[0m"9ba20d3039657e09" [3mallowed[0m[2m=[0mtrue [3mstatus[0m[2m=[0m204 [3melapsed_ms[0m[2m=[0m42.979571
[2m2026-10-04T02:42:17.526037Z[0m [32m INFO[0m [2mhv2_cluster::access[0m[2m:[0m control-plane access started [3mrequest_id[0m[2m=[0m22e9cc5f-7547-42b8-9a22-c4a924801dc6 [3mroute[0m[2m=[0m"/sandboxes/{id}" [3mmethod[0m[2m=[0m"DELETE" [3mprincipal[0m[2m=[0m"scoped" [3mkey_id[0m[2m=[0m"9ba20d3039657e09"
[2m2026-10-04T02:42:17.526759Z[0m [32m INFO[0m [2mhv2_core::vm[0m[2m:[0m vCPU 0 task exited (exits=50)
[2m2026-10-04T02:42:17.526847Z[0m [32m INFO[0m [2mhv2_core::vm[0m[2m:[0m VM parallel execution completed for 'sbx-4cbba6aced034dd9b289'
[2m2026-10-04T02:42:17.526858Z[0m [32m INFO[0m [2mhv2_core::vm[0m[2m:[0m VM 'sbx-4cbba6aced034dd9b289' stopped
[2m2026-10-04T02:42:17.575194Z[0m [32m INFO[0m [2mhv2_cluster::access[0m[2m:[0m control-plane access completed [3mrequest_id[0m[2m=[0m22e9cc5f-7547-42b8-9a22-c4a924801dc6 [3mroute[0m[2m=[0m"/sandboxes/{id}" [3mmethod[0m[2m=[0m"DELETE" [3mprincipal[0m[2m=[0m"scoped" [3mkey_id[0m[2m=[0m"9ba20d3039657e09" [3mallowed[0m[2m=[0mtrue [3mstatus[0m[2m=[0m204 [3melapsed_ms[0m[2m=[0m49.174507999999996
[2m2026-10-04T02:42:17.593623Z[0m [32m INFO[0m [2mhv2_cluster::access[0m[2m:[0m control-plane access started [3mrequest_id[0m[2m=[0m6cb1626c-3d12-4a47-aadb-bfe4cbd99e0c [3mroute[0m[2m=[0m"/sandboxes/{id}/public-ports/{port}" [3mmethod[0m[2m=[0m"PUT" [3mprincipal[0m[2m=[0m"scoped" [3mkey_id[0m[2m=[0m"9ba20d3039657e09"
[2m2026-10-04T02:42:17.593983Z[0m [32m INFO[0m [2mhv2_cluster::access[0m[2m:[0m control-plane access completed [3mrequest_id[0m[2m=[0m6cb1626c-3d12-4a47-aadb-bfe4cbd99e0c [3mroute[0m[2m=[0m"/sandboxes/{id}/public-ports/{port}" [3mmethod[0m[2m=[0m"PUT" [3mprincipal[0m[2m=[0m"scoped" [3mkey_id[0m[2m=[0m"9ba20d3039657e09" [3mallowed[0m[2m=[0mtrue [3mstatus[0m[2m=[0m202 [3melapsed_ms[0m[2m=[0m0.374478
[2m2026-10-04T02:42:22.617078Z[0m [32m INFO[0m [2mhv2_cluster::access[0m[2m:[0m control-plane access started [3mrequest_id[0m[2m=[0m7c25d812-c111-4527-9a0b-ba1bb4c3e837 [3mroute[0m[2m=[0m"/sandboxes/{id}/public-ports/{port}" [3mmethod[0m[2m=[0m"PUT" [3mprincipal[0m[2m=[0m"scoped" [3mkey_id[0m[2m=[0m"9ba20d3039657e09"
[2m2026-10-04T02:42:22.617460Z[0m [32m INFO[0m [2mhv2_cluster::access[0m[2m:[0m control-plane access completed [3mrequest_id[0m[2m=[0m7c25d812-c111-4527-9a0b-ba1bb4c3e837 [3mroute[0m[2m=[0m"/sandboxes/{id}/public-ports/{port}" [3mmethod[0m[2m=[0m"PUT" [3mprincipal[0m[2m=[0m"scoped" [3mkey_id[0m[2m=[0m"9ba20d3039657e09" [3mallowed[0m[2m=[0mtrue [3mstatus[0m[2m=[0m202 [3melapsed_ms[0m[2m=[0m0.396884
[2m2026-10-04T02:42:22.652510Z[0m [32m INFO[0m [2mhv2_cluster::access[0m[2m:[0m control-plane access started [3mrequest_id[0m[2m=[0m47920513-47cc-4859-9a5d-ff59dfe745b4 [3mroute[0m[2m=[0m"/sandboxes/{id}/public-ports" [3mmethod[0m[2m=[0m"GET" [3mprincipal[0m[2m=[0m"scoped" [3mkey_id[0m[2m=[0m"9ba20d3039657e09"
[2m2026-10-04T02:42:22.652875Z[0m [32m INFO[0m [2mhv2_cluster::access[0m[2m:[0m control-plane access completed [3mrequest_id[0m[2m=[0m47920513-47cc-4859-9a5d-ff59dfe745b4 [3mroute[0m[2m=[0m"/sandboxes/{id}/public-ports" [3mmethod[0m[2m=[0m"GET" [3mprincipal[0m[2m=[0m"scoped" [3mkey_id[0m[2m=[0m"9ba20d3039657e09" [3mallowed[0m[2m=[0mtrue [3mstatus[0m[2m=[0m200 [3melapsed_ms[0m[2m=[0m0.378265
[2m2026-10-04T02:42:22.656119Z[0m [32m INFO[0m [2mhv2_cluster::access[0m[2m:[0m control-plane access started [3mrequest_id[0m[2m=[0me29de1c9-dd14-4ea2-a3f7-92b6a22a1183 [3mroute[0m[2m=[0m"/sandboxes/{id}/public-ports/{port}" [3mmethod[0m[2m=[0m"PUT" [3mprincipal[0m[2m=[0m"scoped" [3mkey_id[0m[2m=[0m"9ba20d3039657e09"
[2m2026-10-04T02:42:22.656531Z[0m [32m INFO[0m [2mhv2_cluster::access[0m[2m:[0m control-plane access completed [3mrequest_id[0m[2m=[0me29de1c9-dd14-4ea2-a3f7-92b6a22a1183 [3mroute[0m[2m=[0m"/sandboxes/{id}/public-ports/{port}" [3mmethod[0m[2m=[0m"PUT" [3mprincipal[0m[2m=[0m"scoped" [3mkey_id[0m[2m=[0m"9ba20d3039657e09" [3mallowed[0m[2m=[0mtrue [3mstatus[0m[2m=[0m503 [3melapsed_ms[0m[2m=[0m0.422282
[2m2026-10-04T02:42:22.658208Z[0m [32m INFO[0m [2mhv2_cluster::access[0m[2m:[0m control-plane access started [3mrequest_id[0m[2m=[0m3a3b1ff7-cd23-415e-8bf0-3e43591ea8bd [3mroute[0m[2m=[0m"/sandboxes/{id}/public-ports/{port}" [3mmethod[0m[2m=[0m"PUT" [3mprincipal[0m[2m=[0m"scoped" [3mkey_id[0m[2m=[0m"9ba20d3039657e09"
[2m2026-10-04T02:42:22.658255Z[0m [32m INFO[0m [2mhv2_cluster::access[0m[2m:[0m control-plane access completed [3mrequest_id[0m[2m=[0m3a3b1ff7-cd23-415e-8bf0-3e43591ea8bd [3mroute[0m[2m=[0m"/sandboxes/{id}/public-ports/{port}" [3mmethod[0m[2m=[0m"PUT" [3mprincipal[0m[2m=[0m"scoped" [3mkey_id[0m[2m=[0m"9ba20d3039657e09" [3mallowed[0m[2m=[0mtrue [3mstatus[0m[2m=[0m400 [3melapsed_ms[0m[2m=[0m0.062065999999999996
hv2-control-plane: API key policies reloaded
[2m2026-10-04T02:42:22.660319Z[0m [32m INFO[0m [2mhv2_cluster::access[0m[2m:[0m control-plane access started [3mrequest_id[0m[2m=[0md14c50dc-91a5-4b25-8857-d9d1f04c5598 [3mroute[0m[2m=[0m"/sandboxes/{id}/public-ports" [3mmethod[0m[2m=[0m"GET" [3mprincipal[0m[2m=[0m"scoped" [3mkey_id[0m[2m=[0m"b7ec8fa602ecc72c"
[2m2026-10-04T02:42:22.660585Z[0m [32m INFO[0m [2mhv2_cluster::access[0m[2m:[0m control-plane access completed [3mrequest_id[0m[2m=[0md14c50dc-91a5-4b25-8857-d9d1f04c5598 [3mroute[0m[2m=[0m"/sandboxes/{id}/public-ports" [3mmethod[0m[2m=[0m"GET" [3mprincipal[0m[2m=[0m"scoped" [3mkey_id[0m[2m=[0m"b7ec8fa602ecc72c" [3mallowed[0m[2m=[0mtrue [3mstatus[0m[2m=[0m200 [3melapsed_ms[0m[2m=[0m0.27604799999999996
[2m2026-10-04T02:42:22.661830Z[0m [32m INFO[0m [2mhv2_cluster::access[0m[2m:[0m control-plane access completed [3mrequest_id[0m[2m=[0m9653ef11-1285-44e2-a5be-aeccd4541b2e [3mroute[0m[2m=[0m"/sandboxes/{id}/public-ports" [3mmethod[0m[2m=[0m"GET" [3mprincipal[0m[2m=[0m"unauthenticated" [3mkey_id[0m[2m=[0m"none" [3mallowed[0m[2m=[0mfalse [3mstatus[0m[2m=[0m401 [3melapsed_ms[0m[2m=[0m0.009226999999999999
[2m2026-10-04T02:42:22.669038Z[0m [32m INFO[0m [2mhv2_cluster::access[0m[2m:[0m control-plane access completed [3mrequest_id[0m[2m=[0mee9508d3-b65d-483a-817e-b4d5922a4af6 [3mroute[0m[2m=[0m"/sandboxes/{id}/public-ports" [3mmethod[0m[2m=[0m"GET" [3mprincipal[0m[2m=[0m"unauthenticated" [3mkey_id[0m[2m=[0m"none" [3mallowed[0m[2m=[0mfalse [3mstatus[0m[2m=[0m401 [3melapsed_ms[0m[2m=[0m0.013425
[2m2026-10-04T02:42:22.678266Z[0m [32m INFO[0m [2mhv2_cluster::access[0m[2m:[0m control-plane access started [3mrequest_id[0m[2m=[0m5996e6d1-4d07-459b-be94-cf47a0201555 [3mroute[0m[2m=[0m"/sandboxes/{id}/public-ports" [3mmethod[0m[2m=[0m"GET" [3mprincipal[0m[2m=[0m"scoped" [3mkey_id[0m[2m=[0m"b7ec8fa602ecc72c"
[2m2026-10-04T02:42:22.678608Z[0m [32m INFO[0m [2mhv2_cluster::access[0m[2m:[0m control-plane access completed [3mrequest_id[0m[2m=[0m5996e6d1-4d07-459b-be94-cf47a0201555 [3mroute[0m[2m=[0m"/sandboxes/{id}/public-ports" [3mmethod[0m[2m=[0m"GET" [3mprincipal[0m[2m=[0m"scoped" [3mkey_id[0m[2m=[0m"b7ec8fa602ecc72c" [3mallowed[0m[2m=[0mtrue [3mstatus[0m[2m=[0m200 [3melapsed_ms[0m[2m=[0m0.35710000000000003
[2m2026-10-04T02:42:22.697131Z[0m [32m INFO[0m [2mhv2_cluster::access[0m[2m:[0m control-plane access started [3mrequest_id[0m[2m=[0mb53c6244-f810-4596-bc78-0793e130f332 [3mroute[0m[2m=[0m"/sandboxes/{id}/public-ports/{port}" [3mmethod[0m[2m=[0m"DELETE" [3mprincipal[0m[2m=[0m"scoped" [3mkey_id[0m[2m=[0m"b7ec8fa602ecc72c"
[2m2026-10-04T02:42:22.697516Z[0m [32m INFO[0m [2mhv2_cluster::access[0m[2m:[0m control-plane access completed [3mrequest_id[0m[2m=[0mb53c6244-f810-4596-bc78-0793e130f332 [3mroute[0m[2m=[0m"/sandboxes/{id}/public-ports/{port}" [3mmethod[0m[2m=[0m"DELETE" [3mprincipal[0m[2m=[0m"scoped" [3mkey_id[0m[2m=[0m"b7ec8fa602ecc72c" [3mallowed[0m[2m=[0mtrue [3mstatus[0m[2m=[0m204 [3melapsed_ms[0m[2m=[0m0.394435
[2m2026-10-04T02:42:22.700780Z[0m [32m INFO[0m [2mhv2_cluster::access[0m[2m:[0m control-plane access started [3mrequest_id[0m[2m=[0mcfd60a17-f1ea-441b-9090-37145f180d9b [3mroute[0m[2m=[0m"/sandboxes/{id}/public-ports" [3mmethod[0m[2m=[0m"GET" [3mprincipal[0m[2m=[0m"scoped" [3mkey_id[0m[2m=[0m"b7ec8fa602ecc72c"
[2m2026-10-04T02:42:22.701027Z[0m [32m INFO[0m [2mhv2_cluster::access[0m[2m:[0m control-plane access completed [3mrequest_id[0m[2m=[0mcfd60a17-f1ea-441b-9090-37145f180d9b [3mroute[0m[2m=[0m"/sandboxes/{id}/public-ports" [3mmethod[0m[2m=[0m"GET" [3mprincipal[0m[2m=[0m"scoped" [3mkey_id[0m[2m=[0m"b7ec8fa602ecc72c" [3mallowed[0m[2m=[0mtrue [3mstatus[0m[2m=[0m200 [3melapsed_ms[0m[2m=[0m0.25668199999999997
[2m2026-10-04T02:42:22.708077Z[0m [32m INFO[0m [2mhv2_cluster::access[0m[2m:[0m control-plane access started [3mrequest_id[0m[2m=[0m9ce3fdfc-7cbf-4042-9e54-fff0dbda8381 [3mroute[0m[2m=[0m"/sandboxes/{id}/public-ports" [3mmethod[0m[2m=[0m"GET" [3mprincipal[0m[2m=[0m"scoped" [3mkey_id[0m[2m=[0m"b7ec8fa602ecc72c"
[2m2026-10-04T02:42:22.708398Z[0m [32m INFO[0m [2mhv2_cluster::access[0m[2m:[0m control-plane access completed [3mrequest_id[0m[2m=[0m9ce3fdfc-7cbf-4042-9e54-fff0dbda8381 [3mroute[0m[2m=[0m"/sandboxes/{id}/public-ports" [3mmethod[0m[2m=[0m"GET" [3mprincipal[0m[2m=[0m"scoped" [3mkey_id[0m[2m=[0m"b7ec8fa602ecc72c" [3mallowed[0m[2m=[0mtrue [3mstatus[0m[2m=[0m200 [3melapsed_ms[0m[2m=[0m0.336922
[2m2026-10-04T02:42:22.716093Z[0m [32m INFO[0m [2mhv2_cluster::access[0m[2m:[0m control-plane access started [3mrequest_id[0m[2m=[0ma451902d-cd0b-46bb-b937-ca57ffb4d6a7 [3mroute[0m[2m=[0m"/sandboxes/{id}/public-ports/{port}" [3mmethod[0m[2m=[0m"DELETE" [3mprincipal[0m[2m=[0m"scoped" [3mkey_id[0m[2m=[0m"b7ec8fa602ecc72c"
[2m2026-10-04T02:42:22.716338Z[0m [32m INFO[0m [2mhv2_cluster::access[0m[2m:[0m control-plane access completed [3mrequest_id[0m[2m=[0ma451902d-cd0b-46bb-b937-ca57ffb4d6a7 [3mroute[0m[2m=[0m"/sandboxes/{id}/public-ports/{port}" [3mmethod[0m[2m=[0m"DELETE" [3mprincipal[0m[2m=[0m"scoped" [3mkey_id[0m[2m=[0m"b7ec8fa602ecc72c" [3mallowed[0m[2m=[0mtrue [3mstatus[0m[2m=[0m404 [3melapsed_ms[0m[2m=[0m0.258755
[2m2026-10-04T02:42:22.725163Z[0m [32m INFO[0m [2mhv2_cluster::access[0m[2m:[0m control-plane access started [3mrequest_id[0m[2m=[0m49d23c10-8ff7-4ca7-9cde-0f31bdd42ebb [3mroute[0m[2m=[0m"/sandboxes/{id}/public-ports/{port}" [3mmethod[0m[2m=[0m"PUT" [3mprincipal[0m[2m=[0m"scoped" [3mkey_id[0m[2m=[0m"b7ec8fa602ecc72c"
[2m2026-10-04T02:42:22.725536Z[0m [32m INFO[0m [2mhv2_cluster::access[0m[2m:[0m control-plane access completed [3mrequest_id[0m[2m=[0m49d23c10-8ff7-4ca7-9cde-0f31bdd42ebb [3mroute[0m[2m=[0m"/sandboxes/{id}/public-ports/{port}" [3mmethod[0m[2m=[0m"PUT" [3mprincipal[0m[2m=[0m"scoped" [3mkey_id[0m[2m=[0m"b7ec8fa602ecc72c" [3mallowed[0m[2m=[0mtrue [3mstatus[0m[2m=[0m202 [3melapsed_ms[0m[2m=[0m0.38644999999999996
[2m2026-10-04T02:42:22.759513Z[0m [32m INFO[0m [2mhv2_cluster::access[0m[2m:[0m control-plane access started [3mrequest_id[0m[2m=[0m6578547b-557b-4159-81eb-262ba1d7db57 [3mroute[0m[2m=[0m"/sandboxes/{id}/public-ports/{port}" [3mmethod[0m[2m=[0m"PUT" [3mprincipal[0m[2m=[0m"scoped" [3mkey_id[0m[2m=[0m"b7ec8fa602ecc72c"
[2m2026-10-04T02:42:22.759839Z[0m [32m INFO[0m [2mhv2_cluster::access[0m[2m:[0m control-plane access completed [3mrequest_id[0m[2m=[0m6578547b-557b-4159-81eb-262ba1d7db57 [3mroute[0m[2m=[0m"/sandboxes/{id}/public-ports/{port}" [3mmethod[0m[2m=[0m"PUT" [3mprincipal[0m[2m=[0m"scoped" [3mkey_id[0m[2m=[0m"b7ec8fa602ecc72c" [3mallowed[0m[2m=[0mtrue [3mstatus[0m[2m=[0m202 [3melapsed_ms[0m[2m=[0m0.34024800000000005
[2m2026-10-04T02:42:22.791755Z[0m [32m INFO[0m [2mhv2_cluster::access[0m[2m:[0m control-plane access started [3mrequest_id[0m[2m=[0m586ea8df-990d-4292-a860-08c09572cfab [3mroute[0m[2m=[0m"/sandboxes/{id}/ports/{port}/udp" [3mmethod[0m[2m=[0m"GET" [3mprincipal[0m[2m=[0m"scoped" [3mkey_id[0m[2m=[0m"b7ec8fa602ecc72c"
[2m2026-10-04T02:42:22.794259Z[0m [32m INFO[0m [2mhv2_cluster::access[0m[2m:[0m control-plane access completed [3mrequest_id[0m[2m=[0m586ea8df-990d-4292-a860-08c09572cfab [3mroute[0m[2m=[0m"/sandboxes/{id}/ports/{port}/udp" [3mmethod[0m[2m=[0m"GET" [3mprincipal[0m[2m=[0m"scoped" [3mkey_id[0m[2m=[0m"b7ec8fa602ecc72c" [3mallowed[0m[2m=[0mtrue [3mstatus[0m[2m=[0m101 [3melapsed_ms[0m[2m=[0m2.517446
[2m2026-10-04T02:42:22.797110Z[0m [32m INFO[0m [2mhv2_cluster::access[0m[2m:[0m control-plane access started [3mrequest_id[0m[2m=[0m3c119027-e730-4e35-96fb-8dbf0ba773b5 [3mroute[0m[2m=[0m"/sandboxes/{id}/pause" [3mmethod[0m[2m=[0m"POST" [3mprincipal[0m[2m=[0m"scoped" [3mkey_id[0m[2m=[0m"b7ec8fa602ecc72c"
[2m2026-10-04T02:42:22.798397Z[0m [32m INFO[0m [2mhv2_core::vm[0m[2m:[0m VM 'sbx-b3396cf224034e48a10c' paused
[2m2026-10-04T02:42:22.808040Z[0m [32m INFO[0m [2mhv2_core::vm[0m[2m:[0m VM 'sbx-b3396cf224034e48a10c' snapshotted to /tmp/hm-udp-kvm-ql042ht2/snapshots/paused/sbx-b3396cf224034e48a10c.snap
[2m2026-10-04T02:42:22.808154Z[0m [32m INFO[0m [2mhv2_core::vm[0m[2m:[0m vCPU 0 task exited (exits=117102)
[2m2026-10-04T02:42:22.808259Z[0m [32m INFO[0m [2mhv2_core::vm[0m[2m:[0m VM parallel execution completed for 'sbx-b3396cf224034e48a10c'
[2m2026-10-04T02:42:22.808270Z[0m [32m INFO[0m [2mhv2_core::vm[0m[2m:[0m VM 'sbx-b3396cf224034e48a10c' stopped
[2m2026-10-04T02:42:22.839367Z[0m [32m INFO[0m [2mhv2_cluster::access[0m[2m:[0m control-plane access completed [3mrequest_id[0m[2m=[0m3c119027-e730-4e35-96fb-8dbf0ba773b5 [3mroute[0m[2m=[0m"/sandboxes/{id}/pause" [3mmethod[0m[2m=[0m"POST" [3mprincipal[0m[2m=[0m"scoped" [3mkey_id[0m[2m=[0m"b7ec8fa602ecc72c" [3mallowed[0m[2m=[0mtrue [3mstatus[0m[2m=[0m204 [3melapsed_ms[0m[2m=[0m42.267301
[2m2026-10-04T02:42:23.810938Z[0m [32m INFO[0m [2mhv2_cluster::access[0m[2m:[0m control-plane access started [3mrequest_id[0m[2m=[0m200be902-bee4-4351-9d3d-90a882591025 [3mroute[0m[2m=[0m"/sandboxes/{id}/resume" [3mmethod[0m[2m=[0m"POST" [3mprincipal[0m[2m=[0m"scoped" [3mkey_id[0m[2m=[0m"b7ec8fa602ecc72c"
[2m2026-10-04T02:42:23.812428Z[0m [32m INFO[0m [2mhv2_core::hypervisor[0m[2m:[0m Detected hypervisor platform: Kvm
[2m2026-10-04T02:42:23.813058Z[0m [32m INFO[0m [2mhv2_core::vm[0m[2m:[0m VM 'sbx-b3396cf224034e48a10c': vsock device attached at 0xd0000000 (guest CID 100, IRQ 5)
[2m2026-10-04T02:42:23.813075Z[0m [32m INFO[0m [2mhv2_core::devices::serial[0m[2m:[0m Initializing serial device 'COM1' at 0x3F8
[2m2026-10-04T02:42:23.815615Z[0m [32m INFO[0m [2mhv2_core::vm[0m[2m:[0m Provisioned VM 'sbx-b3396cf224034e48a10c' on the Kvm backend (1 vCPUs, 1024 MiB)
[2m2026-10-04T02:42:23.824881Z[0m [32m INFO[0m [2mhv2_core::vm[0m[2m:[0m VM 'sbx-b3396cf224034e48a10c' restored from /tmp/hm-udp-kvm-ql042ht2/snapshots/paused/sbx-b3396cf224034e48a10c.snap
[2m2026-10-04T02:42:23.824921Z[0m [32m INFO[0m [2mhv2_core::vm[0m[2m:[0m Starting VM 'sbx-b3396cf224034e48a10c' with 1 vCPUs and 1 GB memory (parallel=true)
[2m2026-10-04T02:42:23.825081Z[0m [32m INFO[0m [2mhv2_core::vm[0m[2m:[0m Starting VM execution for 'sbx-b3396cf224034e48a10c' with 1 vCPUs
[2m2026-10-04T02:42:23.825089Z[0m [32m INFO[0m [2mhv2_core::vm[0m[2m:[0m Starting parallel execution with 1 vCPU tasks
[2m2026-10-04T02:42:23.825350Z[0m [32m INFO[0m [2mhv2_core::vm[0m[2m:[0m vCPU 0 task started
[2m2026-10-04T02:42:23.839594Z[0m [32m INFO[0m [2mhv2_cluster::access[0m[2m:[0m control-plane access completed [3mrequest_id[0m[2m=[0m200be902-bee4-4351-9d3d-90a882591025 [3mroute[0m[2m=[0m"/sandboxes/{id}/resume" [3mmethod[0m[2m=[0m"POST" [3mprincipal[0m[2m=[0m"scoped" [3mkey_id[0m[2m=[0m"b7ec8fa602ecc72c" [3mallowed[0m[2m=[0mtrue [3mstatus[0m[2m=[0m201 [3melapsed_ms[0m[2m=[0m28.676626
[2m2026-10-04T02:42:23.841772Z[0m [32m INFO[0m [2mhv2_cluster::access[0m[2m:[0m control-plane access started [3mrequest_id[0m[2m=[0m5661c4fe-7f16-4115-a8b5-eb7020cab150 [3mroute[0m[2m=[0m"/sandboxes/{id}/ports/{port}/udp" [3mmethod[0m[2m=[0m"GET" [3mprincipal[0m[2m=[0m"scoped" [3mkey_id[0m[2m=[0m"b7ec8fa602ecc72c"
[2m2026-10-04T02:42:23.845089Z[0m [32m INFO[0m [2mhv2_cluster::access[0m[2m:[0m control-plane access completed [3mrequest_id[0m[2m=[0m5661c4fe-7f16-4115-a8b5-eb7020cab150 [3mroute[0m[2m=[0m"/sandboxes/{id}/ports/{port}/udp" [3mmethod[0m[2m=[0m"GET" [3mprincipal[0m[2m=[0m"scoped" [3mkey_id[0m[2m=[0m"b7ec8fa602ecc72c" [3mallowed[0m[2m=[0mtrue [3mstatus[0m[2m=[0m101 [3melapsed_ms[0m[2m=[0m3.338105
[2m2026-10-04T02:42:23.888048Z[0m [32m INFO[0m [2mhv2_cluster::access[0m[2m:[0m control-plane access started [3mrequest_id[0m[2m=[0mdedf4d3f-9066-4343-990a-5c8e182323aa [3mroute[0m[2m=[0m"/sandboxes/{id}" [3mmethod[0m[2m=[0m"DELETE" [3mprincipal[0m[2m=[0m"scoped" [3mkey_id[0m[2m=[0m"b7ec8fa602ecc72c"
[2m2026-10-04T02:42:23.888804Z[0m [32m INFO[0m [2mhv2_core::vm[0m[2m:[0m vCPU 0 task exited (exits=96)
[2m2026-10-04T02:42:23.888889Z[0m [32m INFO[0m [2mhv2_core::vm[0m[2m:[0m VM parallel execution completed for 'sbx-b3396cf224034e48a10c'
[2m2026-10-04T02:42:23.888904Z[0m [32m INFO[0m [2mhv2_core::vm[0m[2m:[0m VM 'sbx-b3396cf224034e48a10c' stopped
[2m2026-10-04T02:42:23.931981Z[0m [32m INFO[0m [2mhv2_cluster::access[0m[2m:[0m control-plane access completed [3mrequest_id[0m[2m=[0mdedf4d3f-9066-4343-990a-5c8e182323aa [3mroute[0m[2m=[0m"/sandboxes/{id}" [3mmethod[0m[2m=[0m"DELETE" [3mprincipal[0m[2m=[0m"scoped" [3mkey_id[0m[2m=[0m"b7ec8fa602ecc72c" [3mallowed[0m[2m=[0mtrue [3mstatus[0m[2m=[0m204 [3melapsed_ms[0m[2m=[0m43.946397999999995
[2m2026-10-04T02:42:24.888268Z[0m [32m INFO[0m [2mhv2_cluster::access[0m[2m:[0m control-plane access started [3mrequest_id[0m[2m=[0ma384ed54-7f24-4da6-99de-7d727213570b [3mroute[0m[2m=[0m"/sandboxes" [3mmethod[0m[2m=[0m"GET" [3mprincipal[0m[2m=[0m"scoped" [3mkey_id[0m[2m=[0m"b7ec8fa602ecc72c"
[2m2026-10-04T02:42:24.888504Z[0m [32m INFO[0m [2mhv2_cluster::access[0m[2m:[0m control-plane access completed [3mrequest_id[0m[2m=[0ma384ed54-7f24-4da6-99de-7d727213570b [3mroute[0m[2m=[0m"/sandboxes" [3mmethod[0m[2m=[0m"GET" [3mprincipal[0m[2m=[0m"scoped" [3mkey_id[0m[2m=[0m"b7ec8fa602ecc72c" [3mallowed[0m[2m=[0mtrue [3mstatus[0m[2m=[0m200 [3melapsed_ms[0m[2m=[0m0.254938
[2m2026-10-04T02:42:24.898037Z[0m [32m INFO[0m [2mhv2_api::tls[0m[2m:[0m TLS server shutting down
7686:signal-handler (1791081744) Received SIGTERM scheduling shutdown...
7686:M 03 Oct 2026 19:42:24.960 * User requested shutdown...
7686:M 03 Oct 2026 19:42:24.960 # Redis is now ready to exit, bye bye...
