5201:C 03 Oct 2026 19:41:18.633 # WARNING Memory overcommit must be enabled! Without it, a background save or replication may fail under low memory condition. Being disabled, it can also cause failures without low memory condition, see https://github.com/jemalloc/jemalloc/issues/1328. To fix this issue add 'vm.overcommit_memory = 1' to /etc/sysctl.conf and then reboot or run the command 'sysctl vm.overcommit_memory=1' for this to take effect.
5201:C 03 Oct 2026 19:41:18.633 * oO0OoO0OoO0Oo Redis is starting oO0OoO0OoO0Oo
5201:C 03 Oct 2026 19:41:18.633 * Redis version=8.0.2, bits=64, commit=00000000, modified=0, pid=5201, just started
5201:C 03 Oct 2026 19:41:18.633 * Configuration loaded
5201:M 03 Oct 2026 19:41:18.634 * monotonic clock: POSIX clock_gettime
5201:M 03 Oct 2026 19:41:18.634 * Running mode=standalone, port=35029.
5201:M 03 Oct 2026 19:41:18.635 * Server initialized
5201:M 03 Oct 2026 19:41:18.635 * Ready to accept connections tcp
[2m2026-10-04T02:41:18.658724Z[0m [32m INFO[0m [2mhv2_api::sandbox_proxy[0m[2m:[0m sandbox proxy listening on 0.0.0.0:57915
hv2-control-plane: E2B API on 0.0.0.0:36923, envd proxy on 0.0.0.0:57915, store redis://127.0.0.1:35029
[2m2026-10-04T02:41:18.671936Z[0m [32m INFO[0m [2mhv2_core::hypervisor[0m[2m:[0m Detected hypervisor platform: Kvm
[2m2026-10-04T02:41:18.672347Z[0m [32m INFO[0m [2mhv2_core::vm[0m[2m:[0m VM 'template': vsock device attached at 0xd0000000 (guest CID 100, IRQ 5)
[2m2026-10-04T02:41:18.672359Z[0m [32m INFO[0m [2mhv2_core::devices::serial[0m[2m:[0m Initializing serial device 'COM1' at 0x3F8
[2m2026-10-04T02:41:18.687185Z[0m [32m INFO[0m [2mhv2_core::vm[0m[2m:[0m Provisioned VM 'template' on the Kvm backend (1 vCPUs, 1024 MiB)
[2m2026-10-04T02:41:18.697265Z[0m [32m INFO[0m [2mhv2_core::backends::kvm[0m[2m:[0m KVM: Linux kernel loaded at 0x100000, boot_params at 0x90000
[2m2026-10-04T02:41:18.697311Z[0m [32m INFO[0m [2mhv2_core::vm[0m[2m:[0m VM 'template': loaded linux boot image (15501289 bytes), entry 0x100000
[2m2026-10-04T02:41:18.697318Z[0m [32m INFO[0m [2mhv2_core::vm[0m[2m:[0m Starting VM 'template' with 1 vCPUs and 1 GB memory (parallel=true)
[2m2026-10-04T02:41:18.697621Z[0m [32m INFO[0m [2mhv2_core::vm[0m[2m:[0m Starting VM execution for 'template' with 1 vCPUs
[2m2026-10-04T02:41:18.697632Z[0m [32m INFO[0m [2mhv2_core::vm[0m[2m:[0m Starting parallel execution with 1 vCPU tasks
[2m2026-10-04T02:41:18.697861Z[0m [32m INFO[0m [2mhv2_core::vm[0m[2m:[0m vCPU 0 task started
[2m2026-10-04T02:41:18.707268Z[0m [32m INFO[0m [2mhv2_cluster::access[0m[2m:[0m control-plane access started [3mrequest_id[0m[2m=[0m426d0fc6-8945-44de-b154-b596a732aa57 [3mroute[0m[2m=[0m"/sandboxes" [3mmethod[0m[2m=[0m"GET" [3mprincipal[0m[2m=[0m"scoped" [3mkey_id[0m[2m=[0m"eef3fe3d9447e5eb"
[2m2026-10-04T02:41:18.707601Z[0m [32m INFO[0m [2mhv2_cluster::access[0m[2m:[0m control-plane access completed [3mrequest_id[0m[2m=[0m426d0fc6-8945-44de-b154-b596a732aa57 [3mroute[0m[2m=[0m"/sandboxes" [3mmethod[0m[2m=[0m"GET" [3mprincipal[0m[2m=[0m"scoped" [3mkey_id[0m[2m=[0m"eef3fe3d9447e5eb" [3mallowed[0m[2m=[0mtrue [3mstatus[0m[2m=[0m200 [3melapsed_ms[0m[2m=[0m0.36947199999999997
[2m2026-10-04T02:41:18.709432Z[0m [32m INFO[0m [2mhv2_cluster::access[0m[2m:[0m control-plane access started [3mrequest_id[0m[2m=[0m65431b1f-e74b-488b-b9bc-d7566527d75d [3mroute[0m[2m=[0m"/templates" [3mmethod[0m[2m=[0m"GET" [3mprincipal[0m[2m=[0m"scoped" [3mkey_id[0m[2m=[0m"eef3fe3d9447e5eb"
[2m2026-10-04T02:41:18.709646Z[0m [32m INFO[0m [2mhv2_cluster::access[0m[2m:[0m control-plane access completed [3mrequest_id[0m[2m=[0m65431b1f-e74b-488b-b9bc-d7566527d75d [3mroute[0m[2m=[0m"/templates" [3mmethod[0m[2m=[0m"GET" [3mprincipal[0m[2m=[0m"scoped" [3mkey_id[0m[2m=[0m"eef3fe3d9447e5eb" [3mallowed[0m[2m=[0mtrue [3mstatus[0m[2m=[0m200 [3melapsed_ms[0m[2m=[0m0.228268
[2m2026-10-04T02:41:18.762243Z[0m [32m INFO[0m [2mhv2_cluster::access[0m[2m:[0m control-plane access started [3mrequest_id[0m[2m=[0m4e884161-961b-4fc3-8ef5-63e4e791420c [3mroute[0m[2m=[0m"/sandboxes" [3mmethod[0m[2m=[0m"GET" [3mprincipal[0m[2m=[0m"scoped" [3mkey_id[0m[2m=[0m"eef3fe3d9447e5eb"
[2m2026-10-04T02:41:18.762857Z[0m [32m INFO[0m [2mhv2_cluster::access[0m[2m:[0m control-plane access completed [3mrequest_id[0m[2m=[0m4e884161-961b-4fc3-8ef5-63e4e791420c [3mroute[0m[2m=[0m"/sandboxes" [3mmethod[0m[2m=[0m"GET" [3mprincipal[0m[2m=[0m"scoped" [3mkey_id[0m[2m=[0m"eef3fe3d9447e5eb" [3mallowed[0m[2m=[0mtrue [3mstatus[0m[2m=[0m200 [3melapsed_ms[0m[2m=[0m0.651502
[2m2026-10-04T02:41:18.765470Z[0m [32m INFO[0m [2mhv2_cluster::access[0m[2m:[0m control-plane access started [3mrequest_id[0m[2m=[0m0fac26bf-d173-419c-ab63-02d37d5a9b21 [3mroute[0m[2m=[0m"/templates" [3mmethod[0m[2m=[0m"GET" [3mprincipal[0m[2m=[0m"scoped" [3mkey_id[0m[2m=[0m"eef3fe3d9447e5eb"
[2m2026-10-04T02:41:18.765698Z[0m [32m INFO[0m [2mhv2_cluster::access[0m[2m:[0m control-plane access completed [3mrequest_id[0m[2m=[0m0fac26bf-d173-419c-ab63-02d37d5a9b21 [3mroute[0m[2m=[0m"/templates" [3mmethod[0m[2m=[0m"GET" [3mprincipal[0m[2m=[0m"scoped" [3mkey_id[0m[2m=[0m"eef3fe3d9447e5eb" [3mallowed[0m[2m=[0mtrue [3mstatus[0m[2m=[0m200 [3melapsed_ms[0m[2m=[0m0.251091
[2m2026-10-04T02:41:18.818073Z[0m [32m INFO[0m [2mhv2_cluster::access[0m[2m:[0m control-plane access started [3mrequest_id[0m[2m=[0m796c924f-1d7c-409c-8640-f669c6dc8f92 [3mroute[0m[2m=[0m"/sandboxes" [3mmethod[0m[2m=[0m"GET" [3mprincipal[0m[2m=[0m"scoped" [3mkey_id[0m[2m=[0m"eef3fe3d9447e5eb"
[2m2026-10-04T02:41:18.818479Z[0m [32m INFO[0m [2mhv2_cluster::access[0m[2m:[0m control-plane access completed [3mrequest_id[0m[2m=[0m796c924f-1d7c-409c-8640-f669c6dc8f92 [3mroute[0m[2m=[0m"/sandboxes" [3mmethod[0m[2m=[0m"GET" [3mprincipal[0m[2m=[0m"scoped" [3mkey_id[0m[2m=[0m"eef3fe3d9447e5eb" [3mallowed[0m[2m=[0mtrue [3mstatus[0m[2m=[0m200 [3melapsed_ms[0m[2m=[0m0.42720600000000003
[2m2026-10-04T02:41:18.820094Z[0m [32m INFO[0m [2mhv2_cluster::access[0m[2m:[0m control-plane access started [3mrequest_id[0m[2m=[0me6dcdcec-0e34-449c-9ec3-3f4be49d89e2 [3mroute[0m[2m=[0m"/templates" [3mmethod[0m[2m=[0m"GET" [3mprincipal[0m[2m=[0m"scoped" [3mkey_id[0m[2m=[0m"eef3fe3d9447e5eb"
[2m2026-10-04T02:41:18.820299Z[0m [32m INFO[0m [2mhv2_cluster::access[0m[2m:[0m control-plane access completed [3mrequest_id[0m[2m=[0me6dcdcec-0e34-449c-9ec3-3f4be49d89e2 [3mroute[0m[2m=[0m"/templates" [3mmethod[0m[2m=[0m"GET" [3mprincipal[0m[2m=[0m"scoped" [3mkey_id[0m[2m=[0m"eef3fe3d9447e5eb" [3mallowed[0m[2m=[0mtrue [3mstatus[0m[2m=[0m200 [3melapsed_ms[0m[2m=[0m0.221772
[2m2026-10-04T02:41:18.872656Z[0m [32m INFO[0m [2mhv2_cluster::access[0m[2m:[0m control-plane access started [3mrequest_id[0m[2m=[0m8dbdcf17-42c8-4e40-8071-a4413353d549 [3mroute[0m[2m=[0m"/sandboxes" [3mmethod[0m[2m=[0m"GET" [3mprincipal[0m[2m=[0m"scoped" [3mkey_id[0m[2m=[0m"eef3fe3d9447e5eb"
[2m2026-10-04T02:41:18.873234Z[0m [32m INFO[0m [2mhv2_cluster::access[0m[2m:[0m control-plane access completed [3mrequest_id[0m[2m=[0m8dbdcf17-42c8-4e40-8071-a4413353d549 [3mroute[0m[2m=[0m"/sandboxes" [3mmethod[0m[2m=[0m"GET" [3mprincipal[0m[2m=[0m"scoped" [3mkey_id[0m[2m=[0m"eef3fe3d9447e5eb" [3mallowed[0m[2m=[0mtrue [3mstatus[0m[2m=[0m200 [3melapsed_ms[0m[2m=[0m0.632417
[2m2026-10-04T02:41:18.876107Z[0m [32m INFO[0m [2mhv2_cluster::access[0m[2m:[0m control-plane access started [3mrequest_id[0m[2m=[0m3b7c91fc-e6d1-49b5-99ae-967a7bd44eb6 [3mroute[0m[2m=[0m"/templates" [3mmethod[0m[2m=[0m"GET" [3mprincipal[0m[2m=[0m"scoped" [3mkey_id[0m[2m=[0m"eef3fe3d9447e5eb"
[2m2026-10-04T02:41:18.876443Z[0m [32m INFO[0m [2mhv2_cluster::access[0m[2m:[0m control-plane access completed [3mrequest_id[0m[2m=[0m3b7c91fc-e6d1-49b5-99ae-967a7bd44eb6 [3mroute[0m[2m=[0m"/templates" [3mmethod[0m[2m=[0m"GET" [3mprincipal[0m[2m=[0m"scoped" [3mkey_id[0m[2m=[0m"eef3fe3d9447e5eb" [3mallowed[0m[2m=[0mtrue [3mstatus[0m[2m=[0m200 [3melapsed_ms[0m[2m=[0m0.37095599999999995
[2m2026-10-04T02:41:18.928851Z[0m [32m INFO[0m [2mhv2_cluster::access[0m[2m:[0m control-plane access started [3mrequest_id[0m[2m=[0md96b5f9a-ddb4-4851-8ea5-a103fa1a9b99 [3mroute[0m[2m=[0m"/sandboxes" [3mmethod[0m[2m=[0m"GET" [3mprincipal[0m[2m=[0m"scoped" [3mkey_id[0m[2m=[0m"eef3fe3d9447e5eb"
[2m2026-10-04T02:41:18.929120Z[0m [32m INFO[0m [2mhv2_cluster::access[0m[2m:[0m control-plane access completed [3mrequest_id[0m[2m=[0md96b5f9a-ddb4-4851-8ea5-a103fa1a9b99 [3mroute[0m[2m=[0m"/sandboxes" [3mmethod[0m[2m=[0m"GET" [3mprincipal[0m[2m=[0m"scoped" [3mkey_id[0m[2m=[0m"eef3fe3d9447e5eb" [3mallowed[0m[2m=[0mtrue [3mstatus[0m[2m=[0m200 [3melapsed_ms[0m[2m=[0m0.288411
[2m2026-10-04T02:41:18.930681Z[0m [32m INFO[0m [2mhv2_cluster::access[0m[2m:[0m control-plane access started [3mrequest_id[0m[2m=[0m81fdff5b-2a94-4c34-8c41-6b944ced57ac [3mroute[0m[2m=[0m"/templates" [3mmethod[0m[2m=[0m"GET" [3mprincipal[0m[2m=[0m"scoped" [3mkey_id[0m[2m=[0m"eef3fe3d9447e5eb"
[2m2026-10-04T02:41:18.930864Z[0m [32m INFO[0m [2mhv2_cluster::access[0m[2m:[0m control-plane access completed [3mrequest_id[0m[2m=[0m81fdff5b-2a94-4c34-8c41-6b944ced57ac [3mroute[0m[2m=[0m"/templates" [3mmethod[0m[2m=[0m"GET" [3mprincipal[0m[2m=[0m"scoped" [3mkey_id[0m[2m=[0m"eef3fe3d9447e5eb" [3mallowed[0m[2m=[0mtrue [3mstatus[0m[2m=[0m200 [3melapsed_ms[0m[2m=[0m0.193824
[2m2026-10-04T02:41:18.983024Z[0m [32m INFO[0m [2mhv2_cluster::access[0m[2m:[0m control-plane access started [3mrequest_id[0m[2m=[0mc0a95c2b-e1a2-4a42-9c2a-2dde66111b87 [3mroute[0m[2m=[0m"/sandboxes" [3mmethod[0m[2m=[0m"GET" [3mprincipal[0m[2m=[0m"scoped" [3mkey_id[0m[2m=[0m"eef3fe3d9447e5eb"
[2m2026-10-04T02:41:18.983249Z[0m [32m INFO[0m [2mhv2_cluster::access[0m[2m:[0m control-plane access completed [3mrequest_id[0m[2m=[0mc0a95c2b-e1a2-4a42-9c2a-2dde66111b87 [3mroute[0m[2m=[0m"/sandboxes" [3mmethod[0m[2m=[0m"GET" [3mprincipal[0m[2m=[0m"scoped" [3mkey_id[0m[2m=[0m"eef3fe3d9447e5eb" [3mallowed[0m[2m=[0mtrue [3mstatus[0m[2m=[0m200 [3melapsed_ms[0m[2m=[0m0.23959
[2m2026-10-04T02:41:18.985023Z[0m [32m INFO[0m [2mhv2_cluster::access[0m[2m:[0m control-plane access started [3mrequest_id[0m[2m=[0m3a8ba06c-9413-492a-91ea-1b0896b2e7d5 [3mroute[0m[2m=[0m"/templates" [3mmethod[0m[2m=[0m"GET" [3mprincipal[0m[2m=[0m"scoped" [3mkey_id[0m[2m=[0m"eef3fe3d9447e5eb"
[2m2026-10-04T02:41:18.985247Z[0m [32m INFO[0m [2mhv2_cluster::access[0m[2m:[0m control-plane access completed [3mrequest_id[0m[2m=[0m3a8ba06c-9413-492a-91ea-1b0896b2e7d5 [3mroute[0m[2m=[0m"/templates" [3mmethod[0m[2m=[0m"GET" [3mprincipal[0m[2m=[0m"scoped" [3mkey_id[0m[2m=[0m"eef3fe3d9447e5eb" [3mallowed[0m[2m=[0mtrue [3mstatus[0m[2m=[0m200 [3melapsed_ms[0m[2m=[0m0.240341
[2m2026-10-04T02:41:19.037584Z[0m [32m INFO[0m [2mhv2_cluster::access[0m[2m:[0m control-plane access started [3mrequest_id[0m[2m=[0m10e29413-cf41-47c1-8541-6fb9a5cdd8c6 [3mroute[0m[2m=[0m"/sandboxes" [3mmethod[0m[2m=[0m"GET" [3mprincipal[0m[2m=[0m"scoped" [3mkey_id[0m[2m=[0m"eef3fe3d9447e5eb"
[2m2026-10-04T02:41:19.037823Z[0m [32m INFO[0m [2mhv2_cluster::access[0m[2m:[0m control-plane access completed [3mrequest_id[0m[2m=[0m10e29413-cf41-47c1-8541-6fb9a5cdd8c6 [3mroute[0m[2m=[0m"/sandboxes" [3mmethod[0m[2m=[0m"GET" [3mprincipal[0m[2m=[0m"scoped" [3mkey_id[0m[2m=[0m"eef3fe3d9447e5eb" [3mallowed[0m[2m=[0mtrue [3mstatus[0m[2m=[0m200 [3melapsed_ms[0m[2m=[0m0.254848
[2m2026-10-04T02:41:19.039329Z[0m [32m INFO[0m [2mhv2_cluster::access[0m[2m:[0m control-plane access started [3mrequest_id[0m[2m=[0m786def12-7a7a-4d2c-ada9-84611824adad [3mroute[0m[2m=[0m"/templates" [3mmethod[0m[2m=[0m"GET" [3mprincipal[0m[2m=[0m"scoped" [3mkey_id[0m[2m=[0m"eef3fe3d9447e5eb"
[2m2026-10-04T02:41:19.039509Z[0m [32m INFO[0m [2mhv2_cluster::access[0m[2m:[0m control-plane access completed [3mrequest_id[0m[2m=[0m786def12-7a7a-4d2c-ada9-84611824adad [3mroute[0m[2m=[0m"/templates" [3mmethod[0m[2m=[0m"GET" [3mprincipal[0m[2m=[0m"scoped" [3mkey_id[0m[2m=[0m"eef3fe3d9447e5eb" [3mallowed[0m[2m=[0mtrue [3mstatus[0m[2m=[0m200 [3melapsed_ms[0m[2m=[0m0.187922
[2m2026-10-04T02:41:19.085702Z[0m [32m INFO[0m [2mhv2_core::vm[0m[2m:[0m VM 'template' paused
[2m2026-10-04T02:41:19.092131Z[0m [32m INFO[0m [2mhv2_cluster::access[0m[2m:[0m control-plane access started [3mrequest_id[0m[2m=[0m2634ca07-28df-4603-a4d8-326d2fb31398 [3mroute[0m[2m=[0m"/sandboxes" [3mmethod[0m[2m=[0m"GET" [3mprincipal[0m[2m=[0m"scoped" [3mkey_id[0m[2m=[0m"eef3fe3d9447e5eb"
[2m2026-10-04T02:41:19.092436Z[0m [32m INFO[0m [2mhv2_cluster::access[0m[2m:[0m control-plane access completed [3mrequest_id[0m[2m=[0m2634ca07-28df-4603-a4d8-326d2fb31398 [3mroute[0m[2m=[0m"/sandboxes" [3mmethod[0m[2m=[0m"GET" [3mprincipal[0m[2m=[0m"scoped" [3mkey_id[0m[2m=[0m"eef3fe3d9447e5eb" [3mallowed[0m[2m=[0mtrue [3mstatus[0m[2m=[0m200 [3melapsed_ms[0m[2m=[0m0.32508899999999996
[2m2026-10-04T02:41:19.093855Z[0m [32m INFO[0m [2mhv2_cluster::access[0m[2m:[0m control-plane access started [3mrequest_id[0m[2m=[0m8e8d2d71-cc75-414d-9862-10a7d2b40786 [3mroute[0m[2m=[0m"/templates" [3mmethod[0m[2m=[0m"GET" [3mprincipal[0m[2m=[0m"scoped" [3mkey_id[0m[2m=[0m"eef3fe3d9447e5eb"
[2m2026-10-04T02:41:19.093986Z[0m [32m INFO[0m [2mhv2_cluster::access[0m[2m:[0m control-plane access completed [3mrequest_id[0m[2m=[0m8e8d2d71-cc75-414d-9862-10a7d2b40786 [3mroute[0m[2m=[0m"/templates" [3mmethod[0m[2m=[0m"GET" [3mprincipal[0m[2m=[0m"scoped" [3mkey_id[0m[2m=[0m"eef3fe3d9447e5eb" [3mallowed[0m[2m=[0mtrue [3mstatus[0m[2m=[0m200 [3melapsed_ms[0m[2m=[0m0.13817500000000002
[2m2026-10-04T02:41:19.146318Z[0m [32m INFO[0m [2mhv2_cluster::access[0m[2m:[0m control-plane access started [3mrequest_id[0m[2m=[0m4ba6871b-c91b-4f70-bfd2-f31c42a146c9 [3mroute[0m[2m=[0m"/sandboxes" [3mmethod[0m[2m=[0m"GET" [3mprincipal[0m[2m=[0m"scoped" [3mkey_id[0m[2m=[0m"eef3fe3d9447e5eb"
[2m2026-10-04T02:41:19.146609Z[0m [32m INFO[0m [2mhv2_cluster::access[0m[2m:[0m control-plane access completed [3mrequest_id[0m[2m=[0m4ba6871b-c91b-4f70-bfd2-f31c42a146c9 [3mroute[0m[2m=[0m"/sandboxes" [3mmethod[0m[2m=[0m"GET" [3mprincipal[0m[2m=[0m"scoped" [3mkey_id[0m[2m=[0m"eef3fe3d9447e5eb" [3mallowed[0m[2m=[0mtrue [3mstatus[0m[2m=[0m200 [3melapsed_ms[0m[2m=[0m0.307827
[2m2026-10-04T02:41:19.147875Z[0m [32m INFO[0m [2mhv2_cluster::access[0m[2m:[0m control-plane access started [3mrequest_id[0m[2m=[0me49e55e5-d032-41cc-81c4-c56b62106331 [3mroute[0m[2m=[0m"/templates" [3mmethod[0m[2m=[0m"GET" [3mprincipal[0m[2m=[0m"scoped" [3mkey_id[0m[2m=[0m"eef3fe3d9447e5eb"
[2m2026-10-04T02:41:19.148022Z[0m [32m INFO[0m [2mhv2_cluster::access[0m[2m:[0m control-plane access completed [3mrequest_id[0m[2m=[0me49e55e5-d032-41cc-81c4-c56b62106331 [3mroute[0m[2m=[0m"/templates" [3mmethod[0m[2m=[0m"GET" [3mprincipal[0m[2m=[0m"scoped" [3mkey_id[0m[2m=[0m"eef3fe3d9447e5eb" [3mallowed[0m[2m=[0mtrue [3mstatus[0m[2m=[0m200 [3melapsed_ms[0m[2m=[0m0.155973
[2m2026-10-04T02:41:19.200350Z[0m [32m INFO[0m [2mhv2_cluster::access[0m[2m:[0m control-plane access started [3mrequest_id[0m[2m=[0m3c9f3a26-48be-4a00-8ded-0bd47db6342f [3mroute[0m[2m=[0m"/sandboxes" [3mmethod[0m[2m=[0m"GET" [3mprincipal[0m[2m=[0m"scoped" [3mkey_id[0m[2m=[0m"eef3fe3d9447e5eb"
[2m2026-10-04T02:41:19.200589Z[0m [32m INFO[0m [2mhv2_cluster::access[0m[2m:[0m control-plane access completed [3mrequest_id[0m[2m=[0m3c9f3a26-48be-4a00-8ded-0bd47db6342f [3mroute[0m[2m=[0m"/sandboxes" [3mmethod[0m[2m=[0m"GET" [3mprincipal[0m[2m=[0m"scoped" [3mkey_id[0m[2m=[0m"eef3fe3d9447e5eb" [3mallowed[0m[2m=[0mtrue [3mstatus[0m[2m=[0m200 [3melapsed_ms[0m[2m=[0m0.25776299999999996
[2m2026-10-04T02:41:19.202320Z[0m [32m INFO[0m [2mhv2_cluster::access[0m[2m:[0m control-plane access started [3mrequest_id[0m[2m=[0m9f13643e-e4e8-4ce2-8975-decadc59f654 [3mroute[0m[2m=[0m"/templates" [3mmethod[0m[2m=[0m"GET" [3mprincipal[0m[2m=[0m"scoped" [3mkey_id[0m[2m=[0m"eef3fe3d9447e5eb"
[2m2026-10-04T02:41:19.202509Z[0m [32m INFO[0m [2mhv2_cluster::access[0m[2m:[0m control-plane access completed [3mrequest_id[0m[2m=[0m9f13643e-e4e8-4ce2-8975-decadc59f654 [3mroute[0m[2m=[0m"/templates" [3mmethod[0m[2m=[0m"GET" [3mprincipal[0m[2m=[0m"scoped" [3mkey_id[0m[2m=[0m"eef3fe3d9447e5eb" [3mallowed[0m[2m=[0mtrue [3mstatus[0m[2m=[0m200 [3melapsed_ms[0m[2m=[0m0.19920300000000002
[2m2026-10-04T02:41:19.255834Z[0m [32m INFO[0m [2mhv2_cluster::access[0m[2m:[0m control-plane access started [3mrequest_id[0m[2m=[0m9fd8b6c7-d8d4-462a-a40b-e7fe24328698 [3mroute[0m[2m=[0m"/sandboxes" [3mmethod[0m[2m=[0m"GET" [3mprincipal[0m[2m=[0m"scoped" [3mkey_id[0m[2m=[0m"eef3fe3d9447e5eb"
[2m2026-10-04T02:41:19.256240Z[0m [32m INFO[0m [2mhv2_cluster::access[0m[2m:[0m control-plane access completed [3mrequest_id[0m[2m=[0m9fd8b6c7-d8d4-462a-a40b-e7fe24328698 [3mroute[0m[2m=[0m"/sandboxes" [3mmethod[0m[2m=[0m"GET" [3mprincipal[0m[2m=[0m"scoped" [3mkey_id[0m[2m=[0m"eef3fe3d9447e5eb" [3mallowed[0m[2m=[0mtrue [3mstatus[0m[2m=[0m200 [3melapsed_ms[0m[2m=[0m0.42739900000000003
[2m2026-10-04T02:41:19.257961Z[0m [32m INFO[0m [2mhv2_cluster::access[0m[2m:[0m control-plane access started [3mrequest_id[0m[2m=[0m24b359b0-c03a-4991-b1fe-866d599c9099 [3mroute[0m[2m=[0m"/templates" [3mmethod[0m[2m=[0m"GET" [3mprincipal[0m[2m=[0m"scoped" [3mkey_id[0m[2m=[0m"eef3fe3d9447e5eb"
[2m2026-10-04T02:41:19.258155Z[0m [32m INFO[0m [2mhv2_cluster::access[0m[2m:[0m control-plane access completed [3mrequest_id[0m[2m=[0m24b359b0-c03a-4991-b1fe-866d599c9099 [3mroute[0m[2m=[0m"/templates" [3mmethod[0m[2m=[0m"GET" [3mprincipal[0m[2m=[0m"scoped" [3mkey_id[0m[2m=[0m"eef3fe3d9447e5eb" [3mallowed[0m[2m=[0mtrue [3mstatus[0m[2m=[0m200 [3melapsed_ms[0m[2m=[0m0.206066
[2m2026-10-04T02:41:19.310334Z[0m [32m INFO[0m [2mhv2_cluster::access[0m[2m:[0m control-plane access started [3mrequest_id[0m[2m=[0m750cc681-290c-42c9-82ee-284b052a88f9 [3mroute[0m[2m=[0m"/sandboxes" [3mmethod[0m[2m=[0m"GET" [3mprincipal[0m[2m=[0m"scoped" [3mkey_id[0m[2m=[0m"eef3fe3d9447e5eb"
[2m2026-10-04T02:41:19.310563Z[0m [32m INFO[0m [2mhv2_cluster::access[0m[2m:[0m control-plane access completed [3mrequest_id[0m[2m=[0m750cc681-290c-42c9-82ee-284b052a88f9 [3mroute[0m[2m=[0m"/sandboxes" [3mmethod[0m[2m=[0m"GET" [3mprincipal[0m[2m=[0m"scoped" [3mkey_id[0m[2m=[0m"eef3fe3d9447e5eb" [3mallowed[0m[2m=[0mtrue [3mstatus[0m[2m=[0m200 [3melapsed_ms[0m[2m=[0m0.24563
[2m2026-10-04T02:41:19.311809Z[0m [32m INFO[0m [2mhv2_cluster::access[0m[2m:[0m control-plane access started [3mrequest_id[0m[2m=[0m911842de-9fd5-4239-bfae-d7d8254a1c22 [3mroute[0m[2m=[0m"/templates" [3mmethod[0m[2m=[0m"GET" [3mprincipal[0m[2m=[0m"scoped" [3mkey_id[0m[2m=[0m"eef3fe3d9447e5eb"
[2m2026-10-04T02:41:19.311937Z[0m [32m INFO[0m [2mhv2_cluster::access[0m[2m:[0m control-plane access completed [3mrequest_id[0m[2m=[0m911842de-9fd5-4239-bfae-d7d8254a1c22 [3mroute[0m[2m=[0m"/templates" [3mmethod[0m[2m=[0m"GET" [3mprincipal[0m[2m=[0m"scoped" [3mkey_id[0m[2m=[0m"eef3fe3d9447e5eb" [3mallowed[0m[2m=[0mtrue [3mstatus[0m[2m=[0m200 [3melapsed_ms[0m[2m=[0m0.135785
[2m2026-10-04T02:41:19.364217Z[0m [32m INFO[0m [2mhv2_cluster::access[0m[2m:[0m control-plane access started [3mrequest_id[0m[2m=[0mac4b34b4-8f20-45d2-bfd2-46736ffbf6d4 [3mroute[0m[2m=[0m"/sandboxes" [3mmethod[0m[2m=[0m"GET" [3mprincipal[0m[2m=[0m"scoped" [3mkey_id[0m[2m=[0m"eef3fe3d9447e5eb"
[2m2026-10-04T02:41:19.364505Z[0m [32m INFO[0m [2mhv2_cluster::access[0m[2m:[0m control-plane access completed [3mrequest_id[0m[2m=[0mac4b34b4-8f20-45d2-bfd2-46736ffbf6d4 [3mroute[0m[2m=[0m"/sandboxes" [3mmethod[0m[2m=[0m"GET" [3mprincipal[0m[2m=[0m"scoped" [3mkey_id[0m[2m=[0m"eef3fe3d9447e5eb" [3mallowed[0m[2m=[0mtrue [3mstatus[0m[2m=[0m200 [3melapsed_ms[0m[2m=[0m0.302823
[2m2026-10-04T02:41:19.366082Z[0m [32m INFO[0m [2mhv2_cluster::access[0m[2m:[0m control-plane access started [3mrequest_id[0m[2m=[0m36c41286-2d64-4205-ab0b-cc9042dbaf96 [3mroute[0m[2m=[0m"/templates" [3mmethod[0m[2m=[0m"GET" [3mprincipal[0m[2m=[0m"scoped" [3mkey_id[0m[2m=[0m"eef3fe3d9447e5eb"
[2m2026-10-04T02:41:19.366332Z[0m [32m INFO[0m [2mhv2_cluster::access[0m[2m:[0m control-plane access completed [3mrequest_id[0m[2m=[0m36c41286-2d64-4205-ab0b-cc9042dbaf96 [3mroute[0m[2m=[0m"/templates" [3mmethod[0m[2m=[0m"GET" [3mprincipal[0m[2m=[0m"scoped" [3mkey_id[0m[2m=[0m"eef3fe3d9447e5eb" [3mallowed[0m[2m=[0mtrue [3mstatus[0m[2m=[0m200 [3melapsed_ms[0m[2m=[0m0.26144
[2m2026-10-04T02:41:19.418778Z[0m [32m INFO[0m [2mhv2_cluster::access[0m[2m:[0m control-plane access started [3mrequest_id[0m[2m=[0m96c512bb-8ed3-4105-b561-cd221a66de00 [3mroute[0m[2m=[0m"/sandboxes" [3mmethod[0m[2m=[0m"GET" [3mprincipal[0m[2m=[0m"scoped" [3mkey_id[0m[2m=[0m"eef3fe3d9447e5eb"
[2m2026-10-04T02:41:19.419120Z[0m [32m INFO[0m [2mhv2_cluster::access[0m[2m:[0m control-plane access completed [3mrequest_id[0m[2m=[0m96c512bb-8ed3-4105-b561-cd221a66de00 [3mroute[0m[2m=[0m"/sandboxes" [3mmethod[0m[2m=[0m"GET" [3mprincipal[0m[2m=[0m"scoped" [3mkey_id[0m[2m=[0m"eef3fe3d9447e5eb" [3mallowed[0m[2m=[0mtrue [3mstatus[0m[2m=[0m200 [3melapsed_ms[0m[2m=[0m0.361017
[2m2026-10-04T02:41:19.420790Z[0m [32m INFO[0m [2mhv2_cluster::access[0m[2m:[0m control-plane access started [3mrequest_id[0m[2m=[0m8038f523-bc33-4c33-be8d-c0a965c1e529 [3mroute[0m[2m=[0m"/templates" [3mmethod[0m[2m=[0m"GET" [3mprincipal[0m[2m=[0m"scoped" [3mkey_id[0m[2m=[0m"eef3fe3d9447e5eb"
[2m2026-10-04T02:41:19.420974Z[0m [32m INFO[0m [2mhv2_cluster::access[0m[2m:[0m control-plane access completed [3mrequest_id[0m[2m=[0m8038f523-bc33-4c33-be8d-c0a965c1e529 [3mroute[0m[2m=[0m"/templates" [3mmethod[0m[2m=[0m"GET" [3mprincipal[0m[2m=[0m"scoped" [3mkey_id[0m[2m=[0m"eef3fe3d9447e5eb" [3mallowed[0m[2m=[0mtrue [3mstatus[0m[2m=[0m200 [3melapsed_ms[0m[2m=[0m0.197631
[2m2026-10-04T02:41:19.467673Z[0m [32m INFO[0m [2mhv2_core::vm[0m[2m:[0m VM 'template' snapshotted to /tmp/hm-udp-kvm-w9to_ow2/snapshots/templates/.48454fd837dc52740c691aafc9cb1fdc.de1653de70e942e888218289113b70f7/template.snap
[2m2026-10-04T02:41:19.467813Z[0m [32m INFO[0m [2mhv2_core::vm[0m[2m:[0m VM 'template' resumed
[2m2026-10-04T02:41:19.467883Z[0m [32m INFO[0m [2mhv2_core::vm[0m[2m:[0m vCPU 0 task exited (exits=2782)
[2m2026-10-04T02:41:19.468214Z[0m [32m INFO[0m [2mhv2_core::vm[0m[2m:[0m VM parallel execution completed for 'template'
[2m2026-10-04T02:41:19.468272Z[0m [32m INFO[0m [2mhv2_core::vm[0m[2m:[0m VM 'template' stopped
[2m2026-10-04T02:41:19.468283Z[0m [32m INFO[0m [2mhv2_sandboxd[0m[2m:[0m template ready in 796.395163ms at /tmp/hm-udp-kvm-w9to_ow2/snapshots/templates/.48454fd837dc52740c691aafc9cb1fdc.de1653de70e942e888218289113b70f7/template.snap; working set 0 pages in 0 ranges
[2m2026-10-04T02:41:19.473738Z[0m [32m INFO[0m [2mhv2_cluster::access[0m[2m:[0m control-plane access started [3mrequest_id[0m[2m=[0m040bd3e7-5e3f-434a-bcb1-f248b05f2028 [3mroute[0m[2m=[0m"/sandboxes" [3mmethod[0m[2m=[0m"GET" [3mprincipal[0m[2m=[0m"scoped" [3mkey_id[0m[2m=[0m"eef3fe3d9447e5eb"
[2m2026-10-04T02:41:19.474028Z[0m [32m INFO[0m [2mhv2_cluster::access[0m[2m:[0m control-plane access completed [3mrequest_id[0m[2m=[0m040bd3e7-5e3f-434a-bcb1-f248b05f2028 [3mroute[0m[2m=[0m"/sandboxes" [3mmethod[0m[2m=[0m"GET" [3mprincipal[0m[2m=[0m"scoped" [3mkey_id[0m[2m=[0m"eef3fe3d9447e5eb" [3mallowed[0m[2m=[0mtrue [3mstatus[0m[2m=[0m200 [3melapsed_ms[0m[2m=[0m0.327414
[2m2026-10-04T02:41:19.476884Z[0m [32m INFO[0m [2mhv2_cluster::access[0m[2m:[0m control-plane access started [3mrequest_id[0m[2m=[0m84b4c5d7-a44d-4eb1-9a8a-d1a20674aba6 [3mroute[0m[2m=[0m"/templates" [3mmethod[0m[2m=[0m"GET" [3mprincipal[0m[2m=[0m"scoped" [3mkey_id[0m[2m=[0m"eef3fe3d9447e5eb"
[2m2026-10-04T02:41:19.477052Z[0m [32m INFO[0m [2mhv2_cluster::access[0m[2m:[0m control-plane access completed [3mrequest_id[0m[2m=[0m84b4c5d7-a44d-4eb1-9a8a-d1a20674aba6 [3mroute[0m[2m=[0m"/templates" [3mmethod[0m[2m=[0m"GET" [3mprincipal[0m[2m=[0m"scoped" [3mkey_id[0m[2m=[0m"eef3fe3d9447e5eb" [3mallowed[0m[2m=[0mtrue [3mstatus[0m[2m=[0m200 [3melapsed_ms[0m[2m=[0m0.177057
[2m2026-10-04T02:41:19.515251Z[0m [32m INFO[0m [2mhv2_sandboxd[0m[2m:[0m published the shared template 48454fd837dc52740c691aafc9cb1fdc
[2m2026-10-04T02:41:19.517080Z[0m [32m INFO[0m [2mhv2_api::sandbox_proxy[0m[2m:[0m sandbox proxy listening on 0.0.0.0:60981 (TLS)
hv2-sandboxd: listening on 0.0.0.0:47911, capacity 16, cluster node owned-udp-node
  POST   /sandboxes                -- E2B-shaped (NewSandbox -> Sandbox), boots a real VM and its own process.Process gRPC listener (port in the response's processPort)
  POST   /sandboxes/{id}/exec     -- NOT E2B's envd protocol; a real exec_in_guest (simpler than grpcurl-ing processPort)
  POST   /sandboxes/{id}/connect  -- attach to an existing sandbox; what the E2B SDK's Sandbox.connect() calls
  DELETE /sandboxes/{id}          -- stop the VM and its process.Process listener
  PUT    /sandboxes/{id}/network  -- replace a running sandbox's egress rules
  POST   /sandboxes/{id}/pause    -- suspend to disk; connect or resume brings it back,          and with autoResume so does a request through the proxy
  POST   /sandboxes/{id}/fork     -- checkpoint in place, start `count` copies
  GET    /sandboxes/{id}/network/decisions -- NOT E2B's; the gateway's audit log
sandboxes get no network interface (--network to change that)
sandboxes are restored from template snapshots: base

sandbox proxy on 0.0.0.0:60981 -- HTTP/2 over TLS, routed by the authority a client asks for, as 49983-<sandboxID>.<anything>
  grpcurl -plaintext -authority 49983-$SBX.local -H "X-Access-Token: $TOKEN" -import-path crates/hv2-api/proto -proto process.proto \
      -d '{"process":{"cmd":"/bin/sh","args":["-c","echo hi"]}}' \
      localhost:60981 process.Process/Start
[2m2026-10-04T02:41:19.529315Z[0m [32m INFO[0m [2mhv2_cluster::access[0m[2m:[0m control-plane access started [3mrequest_id[0m[2m=[0mec6cfaaa-0e55-489e-bb24-68058820dac8 [3mroute[0m[2m=[0m"/sandboxes" [3mmethod[0m[2m=[0m"GET" [3mprincipal[0m[2m=[0m"scoped" [3mkey_id[0m[2m=[0m"eef3fe3d9447e5eb"
[2m2026-10-04T02:41:19.529571Z[0m [32m INFO[0m [2mhv2_cluster::access[0m[2m:[0m control-plane access completed [3mrequest_id[0m[2m=[0mec6cfaaa-0e55-489e-bb24-68058820dac8 [3mroute[0m[2m=[0m"/sandboxes" [3mmethod[0m[2m=[0m"GET" [3mprincipal[0m[2m=[0m"scoped" [3mkey_id[0m[2m=[0m"eef3fe3d9447e5eb" [3mallowed[0m[2m=[0mtrue [3mstatus[0m[2m=[0m200 [3melapsed_ms[0m[2m=[0m0.276023
[2m2026-10-04T02:41:19.530994Z[0m [32m INFO[0m [2mhv2_cluster::access[0m[2m:[0m control-plane access started [3mrequest_id[0m[2m=[0m996661b6-7dae-4f8b-b4fe-98f3c31d1374 [3mroute[0m[2m=[0m"/templates" [3mmethod[0m[2m=[0m"GET" [3mprincipal[0m[2m=[0m"scoped" [3mkey_id[0m[2m=[0m"eef3fe3d9447e5eb"
[2m2026-10-04T02:41:19.531312Z[0m [32m INFO[0m [2mhv2_cluster::access[0m[2m:[0m control-plane access completed [3mrequest_id[0m[2m=[0m996661b6-7dae-4f8b-b4fe-98f3c31d1374 [3mroute[0m[2m=[0m"/templates" [3mmethod[0m[2m=[0m"GET" [3mprincipal[0m[2m=[0m"scoped" [3mkey_id[0m[2m=[0m"eef3fe3d9447e5eb" [3mallowed[0m[2m=[0mtrue [3mstatus[0m[2m=[0m200 [3melapsed_ms[0m[2m=[0m0.32518
[2m2026-10-04T02:41:19.556197Z[0m [32m INFO[0m [2mhv2_cluster::access[0m[2m:[0m control-plane access started [3mrequest_id[0m[2m=[0m5972826a-728d-4ad7-af94-14f40c851c0b [3mroute[0m[2m=[0m"/sandboxes" [3mmethod[0m[2m=[0m"POST" [3mprincipal[0m[2m=[0m"scoped" [3mkey_id[0m[2m=[0m"eef3fe3d9447e5eb"
[2m2026-10-04T02:41:19.557953Z[0m [32m INFO[0m [2mhv2_core::hypervisor[0m[2m:[0m Detected hypervisor platform: Kvm
[2m2026-10-04T02:41:19.558451Z[0m [32m INFO[0m [2mhv2_core::vm[0m[2m:[0m VM 'sbx-dbe2a4decc7b4c56ab4f': vsock device attached at 0xd0000000 (guest CID 100, IRQ 5)
[2m2026-10-04T02:41:19.558470Z[0m [32m INFO[0m [2mhv2_core::devices::serial[0m[2m:[0m Initializing serial device 'COM1' at 0x3F8
[2m2026-10-04T02:41:19.559778Z[0m [32m INFO[0m [2mhv2_core::vm[0m[2m:[0m Provisioned VM 'sbx-dbe2a4decc7b4c56ab4f' on the Kvm backend (1 vCPUs, 1024 MiB)
[2m2026-10-04T02:41:19.560121Z[0m [32m INFO[0m [2mhv2_core::vm[0m[2m:[0m VM 'sbx-dbe2a4decc7b4c56ab4f' restored from /tmp/hm-udp-kvm-w9to_ow2/snapshots/templates/48454fd837dc52740c691aafc9cb1fdc/template.snap
[2m2026-10-04T02:41:19.560141Z[0m [32m INFO[0m [2mhv2_core::vm[0m[2m:[0m Starting VM 'sbx-dbe2a4decc7b4c56ab4f' with 1 vCPUs and 1 GB memory (parallel=true)
[2m2026-10-04T02:41:19.560273Z[0m [32m INFO[0m [2mhv2_core::vm[0m[2m:[0m Starting VM execution for 'sbx-dbe2a4decc7b4c56ab4f' with 1 vCPUs
[2m2026-10-04T02:41:19.560280Z[0m [32m INFO[0m [2mhv2_core::vm[0m[2m:[0m Starting parallel execution with 1 vCPU tasks
[2m2026-10-04T02:41:19.560456Z[0m [32m INFO[0m [2mhv2_core::vm[0m[2m:[0m vCPU 0 task started
[2m2026-10-04T02:41:19.588115Z[0m [32m INFO[0m [2mhv2_cluster::access[0m[2m:[0m control-plane access completed [3mrequest_id[0m[2m=[0m5972826a-728d-4ad7-af94-14f40c851c0b [3mroute[0m[2m=[0m"/sandboxes" [3mmethod[0m[2m=[0m"POST" [3mprincipal[0m[2m=[0m"scoped" [3mkey_id[0m[2m=[0m"eef3fe3d9447e5eb" [3mallowed[0m[2m=[0mtrue [3mstatus[0m[2m=[0m201 [3melapsed_ms[0m[2m=[0m31.929516
[2m2026-10-04T02:41:19.604034Z[0m [32m INFO[0m [2mhv2_cluster::access[0m[2m:[0m control-plane access started [3mrequest_id[0m[2m=[0m8540088b-f562-4758-be04-13bff5a54a23 [3mroute[0m[2m=[0m"/sandboxes/{id}" [3mmethod[0m[2m=[0m"DELETE" [3mprincipal[0m[2m=[0m"scoped" [3mkey_id[0m[2m=[0m"eef3fe3d9447e5eb"
[2m2026-10-04T02:41:19.604800Z[0m [32m INFO[0m [2mhv2_core::vm[0m[2m:[0m vCPU 0 task exited (exits=289)
[2m2026-10-04T02:41:19.604884Z[0m [32m INFO[0m [2mhv2_core::vm[0m[2m:[0m VM parallel execution completed for 'sbx-dbe2a4decc7b4c56ab4f'
[2m2026-10-04T02:41:19.604894Z[0m [32m INFO[0m [2mhv2_core::vm[0m[2m:[0m VM 'sbx-dbe2a4decc7b4c56ab4f' stopped
[2m2026-10-04T02:41:19.651963Z[0m [32m INFO[0m [2mhv2_cluster::access[0m[2m:[0m control-plane access completed [3mrequest_id[0m[2m=[0m8540088b-f562-4758-be04-13bff5a54a23 [3mroute[0m[2m=[0m"/sandboxes/{id}" [3mmethod[0m[2m=[0m"DELETE" [3mprincipal[0m[2m=[0m"scoped" [3mkey_id[0m[2m=[0m"eef3fe3d9447e5eb" [3mallowed[0m[2m=[0mtrue [3mstatus[0m[2m=[0m204 [3melapsed_ms[0m[2m=[0m47.93687
[2m2026-10-04T02:41:19.660720Z[0m [32m INFO[0m [2mhv2_cluster::access[0m[2m:[0m control-plane access started [3mrequest_id[0m[2m=[0m8debb862-b53a-4746-9729-e965ca35708d [3mroute[0m[2m=[0m"/v2/sandboxes" [3mmethod[0m[2m=[0m"POST" [3mprincipal[0m[2m=[0m"scoped" [3mkey_id[0m[2m=[0m"eef3fe3d9447e5eb"
[2m2026-10-04T02:41:19.661956Z[0m [32m INFO[0m [2mhv2_core::hypervisor[0m[2m:[0m Detected hypervisor platform: Kvm
[2m2026-10-04T02:41:19.662555Z[0m [32m INFO[0m [2mhv2_core::vm[0m[2m:[0m VM 'sbx-697b3136c6dc4854b8e1': vsock device attached at 0xd0000000 (guest CID 100, IRQ 5)
[2m2026-10-04T02:41:19.662603Z[0m [32m INFO[0m [2mhv2_core::devices::serial[0m[2m:[0m Initializing serial device 'COM1' at 0x3F8
[2m2026-10-04T02:41:19.664810Z[0m [32m INFO[0m [2mhv2_core::vm[0m[2m:[0m Provisioned VM 'sbx-697b3136c6dc4854b8e1' on the Kvm backend (1 vCPUs, 1024 MiB)
[2m2026-10-04T02:41:19.665257Z[0m [32m INFO[0m [2mhv2_core::vm[0m[2m:[0m VM 'sbx-697b3136c6dc4854b8e1' restored from /tmp/hm-udp-kvm-w9to_ow2/snapshots/templates/48454fd837dc52740c691aafc9cb1fdc/template.snap
[2m2026-10-04T02:41:19.665289Z[0m [32m INFO[0m [2mhv2_core::vm[0m[2m:[0m Starting VM 'sbx-697b3136c6dc4854b8e1' with 1 vCPUs and 1 GB memory (parallel=true)
[2m2026-10-04T02:41:19.665467Z[0m [32m INFO[0m [2mhv2_core::vm[0m[2m:[0m Starting VM execution for 'sbx-697b3136c6dc4854b8e1' with 1 vCPUs
[2m2026-10-04T02:41:19.665475Z[0m [32m INFO[0m [2mhv2_core::vm[0m[2m:[0m Starting parallel execution with 1 vCPU tasks
[2m2026-10-04T02:41:19.665664Z[0m [32m INFO[0m [2mhv2_core::vm[0m[2m:[0m vCPU 0 task started
[2m2026-10-04T02:41:19.695477Z[0m [32m INFO[0m [2mhv2_cluster::access[0m[2m:[0m control-plane access completed [3mrequest_id[0m[2m=[0m8debb862-b53a-4746-9729-e965ca35708d [3mroute[0m[2m=[0m"/v2/sandboxes" [3mmethod[0m[2m=[0m"POST" [3mprincipal[0m[2m=[0m"scoped" [3mkey_id[0m[2m=[0m"eef3fe3d9447e5eb" [3mallowed[0m[2m=[0mtrue [3mstatus[0m[2m=[0m201 [3melapsed_ms[0m[2m=[0m34.766675
[2m2026-10-04T02:41:19.705421Z[0m [32m INFO[0m [2mhv2_cluster::access[0m[2m:[0m control-plane access started [3mrequest_id[0m[2m=[0m6b8d9eb5-570f-45a5-bbce-3f56fe28956e [3mroute[0m[2m=[0m"/sandboxes" [3mmethod[0m[2m=[0m"GET" [3mprincipal[0m[2m=[0m"scoped" [3mkey_id[0m[2m=[0m"eef3fe3d9447e5eb"
[2m2026-10-04T02:41:19.705796Z[0m [32m INFO[0m [2mhv2_cluster::access[0m[2m:[0m control-plane access completed [3mrequest_id[0m[2m=[0m6b8d9eb5-570f-45a5-bbce-3f56fe28956e [3mroute[0m[2m=[0m"/sandboxes" [3mmethod[0m[2m=[0m"GET" [3mprincipal[0m[2m=[0m"scoped" [3mkey_id[0m[2m=[0m"eef3fe3d9447e5eb" [3mallowed[0m[2m=[0mtrue [3mstatus[0m[2m=[0m200 [3melapsed_ms[0m[2m=[0m0.392851
[2m2026-10-04T02:41:19.707853Z[0m [32m INFO[0m [2mhv2_cluster::access[0m[2m:[0m control-plane access started [3mrequest_id[0m[2m=[0m198b8388-0500-43bf-b1c4-1590e22ef2b2 [3mroute[0m[2m=[0m"/sandboxes/{id}/exec" [3mmethod[0m[2m=[0m"POST" [3mprincipal[0m[2m=[0m"scoped" [3mkey_id[0m[2m=[0m"eef3fe3d9447e5eb"
[2m2026-10-04T02:41:19.718728Z[0m [32m INFO[0m [2mhv2_cluster::access[0m[2m:[0m control-plane access completed [3mrequest_id[0m[2m=[0m198b8388-0500-43bf-b1c4-1590e22ef2b2 [3mroute[0m[2m=[0m"/sandboxes/{id}/exec" [3mmethod[0m[2m=[0m"POST" [3mprincipal[0m[2m=[0m"scoped" [3mkey_id[0m[2m=[0m"eef3fe3d9447e5eb" [3mallowed[0m[2m=[0mtrue [3mstatus[0m[2m=[0m200 [3melapsed_ms[0m[2m=[0m10.882938
[2m2026-10-04T02:41:19.821486Z[0m [32m INFO[0m [2mhv2_cluster::access[0m[2m:[0m control-plane access completed [3mrequest_id[0m[2m=[0m83f6ad05-3aa5-4236-ac13-4cb828dc3b3e [3mroute[0m[2m=[0m"/sandboxes/{id}/ports/{port}/udp" [3mmethod[0m[2m=[0m"GET" [3mprincipal[0m[2m=[0m"unauthenticated" [3mkey_id[0m[2m=[0m"none" [3mallowed[0m[2m=[0mfalse [3mstatus[0m[2m=[0m401 [3melapsed_ms[0m[2m=[0m0.0156
[2m2026-10-04T02:41:19.822689Z[0m [32m INFO[0m [2mhv2_cluster::access[0m[2m:[0m control-plane access started [3mrequest_id[0m[2m=[0m1777f0b4-f5b5-4d6e-9afd-d2c9a73bf791 [3mroute[0m[2m=[0m"/sandboxes/{id}/ports/{port}/udp" [3mmethod[0m[2m=[0m"GET" [3mprincipal[0m[2m=[0m"scoped" [3mkey_id[0m[2m=[0m"eef3fe3d9447e5eb"
[2m2026-10-04T02:41:19.826570Z[0m [32m INFO[0m [2mhv2_cluster::access[0m[2m:[0m control-plane access completed [3mrequest_id[0m[2m=[0m1777f0b4-f5b5-4d6e-9afd-d2c9a73bf791 [3mroute[0m[2m=[0m"/sandboxes/{id}/ports/{port}/udp" [3mmethod[0m[2m=[0m"GET" [3mprincipal[0m[2m=[0m"scoped" [3mkey_id[0m[2m=[0m"eef3fe3d9447e5eb" [3mallowed[0m[2m=[0mtrue [3mstatus[0m[2m=[0m101 [3melapsed_ms[0m[2m=[0m3.887836
[2m2026-10-04T02:41:19.879199Z[0m [32m INFO[0m [2mhv2_cluster::access[0m[2m:[0m control-plane access started [3mrequest_id[0m[2m=[0mdc9f9e80-8799-4025-b501-6387749b2f37 [3mroute[0m[2m=[0m"/sandboxes/{id}/ports/{port}/udp" [3mmethod[0m[2m=[0m"GET" [3mprincipal[0m[2m=[0m"scoped" [3mkey_id[0m[2m=[0m"eef3fe3d9447e5eb"
[2m2026-10-04T02:41:19.883047Z[0m [32m INFO[0m [2mhv2_cluster::access[0m[2m:[0m control-plane access completed [3mrequest_id[0m[2m=[0mdc9f9e80-8799-4025-b501-6387749b2f37 [3mroute[0m[2m=[0m"/sandboxes/{id}/ports/{port}/udp" [3mmethod[0m[2m=[0m"GET" [3mprincipal[0m[2m=[0m"scoped" [3mkey_id[0m[2m=[0m"eef3fe3d9447e5eb" [3mallowed[0m[2m=[0mtrue [3mstatus[0m[2m=[0m101 [3melapsed_ms[0m[2m=[0m3.861922
[2m2026-10-04T02:41:19.885989Z[0m [32m INFO[0m [2mhv2_cluster::access[0m[2m:[0m control-plane access started [3mrequest_id[0m[2m=[0m02a717a8-9191-40a3-a064-f27948168298 [3mroute[0m[2m=[0m"/sandboxes/{id}/ports/{port}/udp" [3mmethod[0m[2m=[0m"GET" [3mprincipal[0m[2m=[0m"scoped" [3mkey_id[0m[2m=[0m"eef3fe3d9447e5eb"
[2m2026-10-04T02:41:19.889659Z[0m [32m INFO[0m [2mhv2_cluster::access[0m[2m:[0m control-plane access completed [3mrequest_id[0m[2m=[0m02a717a8-9191-40a3-a064-f27948168298 [3mroute[0m[2m=[0m"/sandboxes/{id}/ports/{port}/udp" [3mmethod[0m[2m=[0m"GET" [3mprincipal[0m[2m=[0m"scoped" [3mkey_id[0m[2m=[0m"eef3fe3d9447e5eb" [3mallowed[0m[2m=[0mtrue [3mstatus[0m[2m=[0m101 [3melapsed_ms[0m[2m=[0m3.680227
[2m2026-10-04T02:41:19.898886Z[0m [32m INFO[0m [2mhv2_cluster::access[0m[2m:[0m control-plane access started [3mrequest_id[0m[2m=[0m28755ed9-3a6d-4118-afe6-97e7aa9b6b25 [3mroute[0m[2m=[0m"/sandboxes/{id}/ports/{port}/udp" [3mmethod[0m[2m=[0m"GET" [3mprincipal[0m[2m=[0m"scoped" [3mkey_id[0m[2m=[0m"eef3fe3d9447e5eb"
[2m2026-10-04T02:41:19.903921Z[0m [32m INFO[0m [2mhv2_cluster::access[0m[2m:[0m control-plane access completed [3mrequest_id[0m[2m=[0m28755ed9-3a6d-4118-afe6-97e7aa9b6b25 [3mroute[0m[2m=[0m"/sandboxes/{id}/ports/{port}/udp" [3mmethod[0m[2m=[0m"GET" [3mprincipal[0m[2m=[0m"scoped" [3mkey_id[0m[2m=[0m"eef3fe3d9447e5eb" [3mallowed[0m[2m=[0mtrue [3mstatus[0m[2m=[0m101 [3melapsed_ms[0m[2m=[0m5.062805
[2m2026-10-04T02:41:19.907026Z[0m [32m INFO[0m [2mhv2_cluster::access[0m[2m:[0m control-plane access started [3mrequest_id[0m[2m=[0mc2b0d414-a63e-4e02-b2a6-bb60d513a911 [3mroute[0m[2m=[0m"/sandboxes/{id}/ports/{port}/udp" [3mmethod[0m[2m=[0m"GET" [3mprincipal[0m[2m=[0m"scoped" [3mkey_id[0m[2m=[0m"eef3fe3d9447e5eb"
[2m2026-10-04T02:41:19.911441Z[0m [32m INFO[0m [2mhv2_cluster::access[0m[2m:[0m control-plane access completed [3mrequest_id[0m[2m=[0mc2b0d414-a63e-4e02-b2a6-bb60d513a911 [3mroute[0m[2m=[0m"/sandboxes/{id}/ports/{port}/udp" [3mmethod[0m[2m=[0m"GET" [3mprincipal[0m[2m=[0m"scoped" [3mkey_id[0m[2m=[0m"eef3fe3d9447e5eb" [3mallowed[0m[2m=[0mtrue [3mstatus[0m[2m=[0m101 [3melapsed_ms[0m[2m=[0m4.428251
[2m2026-10-04T02:41:19.913656Z[0m [32m INFO[0m [2mhv2_cluster::access[0m[2m:[0m control-plane access started [3mrequest_id[0m[2m=[0m27ad2815-20fd-488d-a51a-d68106826cb6 [3mroute[0m[2m=[0m"/sandboxes/{id}/ports/{port}/udp" [3mmethod[0m[2m=[0m"GET" [3mprincipal[0m[2m=[0m"scoped" [3mkey_id[0m[2m=[0m"eef3fe3d9447e5eb"
[2m2026-10-04T02:41:19.919019Z[0m [32m INFO[0m [2mhv2_cluster::access[0m[2m:[0m control-plane access completed [3mrequest_id[0m[2m=[0m27ad2815-20fd-488d-a51a-d68106826cb6 [3mroute[0m[2m=[0m"/sandboxes/{id}/ports/{port}/udp" [3mmethod[0m[2m=[0m"GET" [3mprincipal[0m[2m=[0m"scoped" [3mkey_id[0m[2m=[0m"eef3fe3d9447e5eb" [3mallowed[0m[2m=[0mtrue [3mstatus[0m[2m=[0m101 [3melapsed_ms[0m[2m=[0m5.368709
[2m2026-10-04T02:41:19.921688Z[0m [32m INFO[0m [2mhv2_cluster::access[0m[2m:[0m control-plane access started [3mrequest_id[0m[2m=[0mccf80106-3926-43f8-91c6-48ef3926ccfa [3mroute[0m[2m=[0m"/sandboxes/{id}/ports/{port}/udp" [3mmethod[0m[2m=[0m"GET" [3mprincipal[0m[2m=[0m"scoped" [3mkey_id[0m[2m=[0m"eef3fe3d9447e5eb"
[2m2026-10-04T02:41:19.925572Z[0m [32m INFO[0m [2mhv2_cluster::access[0m[2m:[0m control-plane access completed [3mrequest_id[0m[2m=[0mccf80106-3926-43f8-91c6-48ef3926ccfa [3mroute[0m[2m=[0m"/sandboxes/{id}/ports/{port}/udp" [3mmethod[0m[2m=[0m"GET" [3mprincipal[0m[2m=[0m"scoped" [3mkey_id[0m[2m=[0m"eef3fe3d9447e5eb" [3mallowed[0m[2m=[0mtrue [3mstatus[0m[2m=[0m101 [3melapsed_ms[0m[2m=[0m3.895686
[2m2026-10-04T02:41:19.928111Z[0m [32m INFO[0m [2mhv2_cluster::access[0m[2m:[0m control-plane access started [3mrequest_id[0m[2m=[0m2ace7f54-3066-48ca-a81a-e9a7518c30ab [3mroute[0m[2m=[0m"/sandboxes/{id}/ports/{port}/udp" [3mmethod[0m[2m=[0m"GET" [3mprincipal[0m[2m=[0m"scoped" [3mkey_id[0m[2m=[0m"eef3fe3d9447e5eb"
[2m2026-10-04T02:41:19.933540Z[0m [32m INFO[0m [2mhv2_cluster::access[0m[2m:[0m control-plane access completed [3mrequest_id[0m[2m=[0m2ace7f54-3066-48ca-a81a-e9a7518c30ab [3mroute[0m[2m=[0m"/sandboxes/{id}/ports/{port}/udp" [3mmethod[0m[2m=[0m"GET" [3mprincipal[0m[2m=[0m"scoped" [3mkey_id[0m[2m=[0m"eef3fe3d9447e5eb" [3mallowed[0m[2m=[0mtrue [3mstatus[0m[2m=[0m101 [3melapsed_ms[0m[2m=[0m5.430634
[2m2026-10-04T02:41:19.936102Z[0m [32m INFO[0m [2mhv2_cluster::access[0m[2m:[0m control-plane access started [3mrequest_id[0m[2m=[0m12f1db4a-ebbc-4225-a669-4e3964363154 [3mroute[0m[2m=[0m"/sandboxes/{id}/ports/{port}/udp" [3mmethod[0m[2m=[0m"GET" [3mprincipal[0m[2m=[0m"scoped" [3mkey_id[0m[2m=[0m"eef3fe3d9447e5eb"
[2m2026-10-04T02:41:19.940259Z[0m [32m INFO[0m [2mhv2_cluster::access[0m[2m:[0m control-plane access completed [3mrequest_id[0m[2m=[0m12f1db4a-ebbc-4225-a669-4e3964363154 [3mroute[0m[2m=[0m"/sandboxes/{id}/ports/{port}/udp" [3mmethod[0m[2m=[0m"GET" [3mprincipal[0m[2m=[0m"scoped" [3mkey_id[0m[2m=[0m"eef3fe3d9447e5eb" [3mallowed[0m[2m=[0mtrue [3mstatus[0m[2m=[0m101 [3melapsed_ms[0m[2m=[0m4.166509
[2m2026-10-04T02:41:19.942867Z[0m [32m INFO[0m [2mhv2_cluster::access[0m[2m:[0m control-plane access started [3mrequest_id[0m[2m=[0m7597a6aa-74ab-4b5a-a86d-f7cc87683a15 [3mroute[0m[2m=[0m"/sandboxes/{id}/ports/{port}/udp" [3mmethod[0m[2m=[0m"GET" [3mprincipal[0m[2m=[0m"scoped" [3mkey_id[0m[2m=[0m"eef3fe3d9447e5eb"
[2m2026-10-04T02:41:19.946008Z[0m [32m INFO[0m [2mhv2_cluster::access[0m[2m:[0m control-plane access completed [3mrequest_id[0m[2m=[0m7597a6aa-74ab-4b5a-a86d-f7cc87683a15 [3mroute[0m[2m=[0m"/sandboxes/{id}/ports/{port}/udp" [3mmethod[0m[2m=[0m"GET" [3mprincipal[0m[2m=[0m"scoped" [3mkey_id[0m[2m=[0m"eef3fe3d9447e5eb" [3mallowed[0m[2m=[0mtrue [3mstatus[0m[2m=[0m101 [3melapsed_ms[0m[2m=[0m3.148999
[2m2026-10-04T02:41:19.949680Z[0m [32m INFO[0m [2mhv2_cluster::access[0m[2m:[0m control-plane access started [3mrequest_id[0m[2m=[0m3e15497b-cbab-44ce-b168-b80fcf812514 [3mroute[0m[2m=[0m"/sandboxes/{id}/ports/{port}/udp" [3mmethod[0m[2m=[0m"GET" [3mprincipal[0m[2m=[0m"scoped" [3mkey_id[0m[2m=[0m"eef3fe3d9447e5eb"
[2m2026-10-04T02:41:19.954051Z[0m [32m INFO[0m [2mhv2_cluster::access[0m[2m:[0m control-plane access completed [3mrequest_id[0m[2m=[0m3e15497b-cbab-44ce-b168-b80fcf812514 [3mroute[0m[2m=[0m"/sandboxes/{id}/ports/{port}/udp" [3mmethod[0m[2m=[0m"GET" [3mprincipal[0m[2m=[0m"scoped" [3mkey_id[0m[2m=[0m"eef3fe3d9447e5eb" [3mallowed[0m[2m=[0mtrue [3mstatus[0m[2m=[0m101 [3melapsed_ms[0m[2m=[0m4.397013
[2m2026-10-04T02:41:20.287844Z[0m [32m INFO[0m [2mhv2_cluster::access[0m[2m:[0m control-plane access started [3mrequest_id[0m[2m=[0m9437230d-1295-4649-8d14-4d1c9d59b7b9 [3mroute[0m[2m=[0m"/sandboxes/{id}/exec" [3mmethod[0m[2m=[0m"POST" [3mprincipal[0m[2m=[0m"scoped" [3mkey_id[0m[2m=[0m"eef3fe3d9447e5eb"
[2m2026-10-04T02:41:20.294356Z[0m [32m INFO[0m [2mhv2_cluster::access[0m[2m:[0m control-plane access completed [3mrequest_id[0m[2m=[0m9437230d-1295-4649-8d14-4d1c9d59b7b9 [3mroute[0m[2m=[0m"/sandboxes/{id}/exec" [3mmethod[0m[2m=[0m"POST" [3mprincipal[0m[2m=[0m"scoped" [3mkey_id[0m[2m=[0m"eef3fe3d9447e5eb" [3mallowed[0m[2m=[0mtrue [3mstatus[0m[2m=[0m200 [3melapsed_ms[0m[2m=[0m6.52867
[2m2026-10-04T02:41:20.301847Z[0m [32m INFO[0m [2mhv2_cluster::access[0m[2m:[0m control-plane access started [3mrequest_id[0m[2m=[0mcc81e7dd-f0d1-4487-a2bb-438414ae8883 [3mroute[0m[2m=[0m"/sandboxes/{id}/public-ports/{port}" [3mmethod[0m[2m=[0m"PUT" [3mprincipal[0m[2m=[0m"scoped" [3mkey_id[0m[2m=[0m"cccbf235bf82ff28"
[2m2026-10-04T02:41:20.302465Z[0m [32m INFO[0m [2mhv2_cluster::access[0m[2m:[0m control-plane access completed [3mrequest_id[0m[2m=[0mcc81e7dd-f0d1-4487-a2bb-438414ae8883 [3mroute[0m[2m=[0m"/sandboxes/{id}/public-ports/{port}" [3mmethod[0m[2m=[0m"PUT" [3mprincipal[0m[2m=[0m"scoped" [3mkey_id[0m[2m=[0m"cccbf235bf82ff28" [3mallowed[0m[2m=[0mtrue [3mstatus[0m[2m=[0m403 [3melapsed_ms[0m[2m=[0m0.625579
[2m2026-10-04T02:41:20.306449Z[0m [32m INFO[0m [2mhv2_cluster::access[0m[2m:[0m control-plane access started [3mrequest_id[0m[2m=[0mfec03b08-b76c-4481-b168-63740b5ca943 [3mroute[0m[2m=[0m"/sandboxes/{id}/public-ports/{port}" [3mmethod[0m[2m=[0m"PUT" [3mprincipal[0m[2m=[0m"scoped" [3mkey_id[0m[2m=[0m"cccbf235bf82ff28"
[2m2026-10-04T02:41:20.306832Z[0m [32m INFO[0m [2mhv2_cluster::access[0m[2m:[0m control-plane access completed [3mrequest_id[0m[2m=[0mfec03b08-b76c-4481-b168-63740b5ca943 [3mroute[0m[2m=[0m"/sandboxes/{id}/public-ports/{port}" [3mmethod[0m[2m=[0m"PUT" [3mprincipal[0m[2m=[0m"scoped" [3mkey_id[0m[2m=[0m"cccbf235bf82ff28" [3mallowed[0m[2m=[0mtrue [3mstatus[0m[2m=[0m403 [3melapsed_ms[0m[2m=[0m0.39987
[2m2026-10-04T02:41:20.315838Z[0m [32m INFO[0m [2mhv2_cluster::access[0m[2m:[0m control-plane access started [3mrequest_id[0m[2m=[0m002ab7b3-0203-4eb0-9330-306ca7e55122 [3mroute[0m[2m=[0m"/sandboxes/{id}/public-ports" [3mmethod[0m[2m=[0m"GET" [3mprincipal[0m[2m=[0m"scoped" [3mkey_id[0m[2m=[0m"cccbf235bf82ff28"
[2m2026-10-04T02:41:20.316199Z[0m [32m INFO[0m [2mhv2_cluster::access[0m[2m:[0m control-plane access completed [3mrequest_id[0m[2m=[0m002ab7b3-0203-4eb0-9330-306ca7e55122 [3mroute[0m[2m=[0m"/sandboxes/{id}/public-ports" [3mmethod[0m[2m=[0m"GET" [3mprincipal[0m[2m=[0m"scoped" [3mkey_id[0m[2m=[0m"cccbf235bf82ff28" [3mallowed[0m[2m=[0mtrue [3mstatus[0m[2m=[0m403 [3melapsed_ms[0m[2m=[0m0.377083
[2m2026-10-04T02:41:20.319858Z[0m [32m INFO[0m [2mhv2_cluster::access[0m[2m:[0m control-plane access started [3mrequest_id[0m[2m=[0m215085f3-249f-4185-aace-f49ddd90bcd9 [3mroute[0m[2m=[0m"/sandboxes/{id}/public-ports" [3mmethod[0m[2m=[0m"GET" [3mprincipal[0m[2m=[0m"scoped" [3mkey_id[0m[2m=[0m"cccbf235bf82ff28"
[2m2026-10-04T02:41:20.320177Z[0m [32m INFO[0m [2mhv2_cluster::access[0m[2m:[0m control-plane access completed [3mrequest_id[0m[2m=[0m215085f3-249f-4185-aace-f49ddd90bcd9 [3mroute[0m[2m=[0m"/sandboxes/{id}/public-ports" [3mmethod[0m[2m=[0m"GET" [3mprincipal[0m[2m=[0m"scoped" [3mkey_id[0m[2m=[0m"cccbf235bf82ff28" [3mallowed[0m[2m=[0mtrue [3mstatus[0m[2m=[0m403 [3melapsed_ms[0m[2m=[0m0.33283500000000005
[2m2026-10-04T02:41:20.329289Z[0m [32m INFO[0m [2mhv2_cluster::access[0m[2m:[0m control-plane access started [3mrequest_id[0m[2m=[0m12642ed4-438d-41d6-813f-bcb96814fd45 [3mroute[0m[2m=[0m"/sandboxes/{id}/public-ports/{port}" [3mmethod[0m[2m=[0m"DELETE" [3mprincipal[0m[2m=[0m"scoped" [3mkey_id[0m[2m=[0m"cccbf235bf82ff28"
[2m2026-10-04T02:41:20.329669Z[0m [32m INFO[0m [2mhv2_cluster::access[0m[2m:[0m control-plane access completed [3mrequest_id[0m[2m=[0m12642ed4-438d-41d6-813f-bcb96814fd45 [3mroute[0m[2m=[0m"/sandboxes/{id}/public-ports/{port}" [3mmethod[0m[2m=[0m"DELETE" [3mprincipal[0m[2m=[0m"scoped" [3mkey_id[0m[2m=[0m"cccbf235bf82ff28" [3mallowed[0m[2m=[0mtrue [3mstatus[0m[2m=[0m403 [3melapsed_ms[0m[2m=[0m0.39418899999999996
[2m2026-10-04T02:41:20.333784Z[0m [32m INFO[0m [2mhv2_cluster::access[0m[2m:[0m control-plane access started [3mrequest_id[0m[2m=[0m36053d60-e62d-4582-8b55-d54d4b135163 [3mroute[0m[2m=[0m"/sandboxes/{id}/public-ports/{port}" [3mmethod[0m[2m=[0m"DELETE" [3mprincipal[0m[2m=[0m"scoped" [3mkey_id[0m[2m=[0m"cccbf235bf82ff28"
[2m2026-10-04T02:41:20.334075Z[0m [32m INFO[0m [2mhv2_cluster::access[0m[2m:[0m control-plane access completed [3mrequest_id[0m[2m=[0m36053d60-e62d-4582-8b55-d54d4b135163 [3mroute[0m[2m=[0m"/sandboxes/{id}/public-ports/{port}" [3mmethod[0m[2m=[0m"DELETE" [3mprincipal[0m[2m=[0m"scoped" [3mkey_id[0m[2m=[0m"cccbf235bf82ff28" [3mallowed[0m[2m=[0mtrue [3mstatus[0m[2m=[0m403 [3melapsed_ms[0m[2m=[0m0.302168
[2m2026-10-04T02:41:20.341225Z[0m [32m INFO[0m [2mhv2_cluster::access[0m[2m:[0m control-plane access completed [3mrequest_id[0m[2m=[0mb40fa7de-b5eb-42d6-a0e0-c35fbb564df0 [3mroute[0m[2m=[0m"/sandboxes/{id}/public-ports/{port}" [3mmethod[0m[2m=[0m"PUT" [3mprincipal[0m[2m=[0m"scoped" [3mkey_id[0m[2m=[0m"074bc70cf1c5defa" [3mallowed[0m[2m=[0mfalse [3mstatus[0m[2m=[0m403 [3melapsed_ms[0m[2m=[0m0.017252
[2m2026-10-04T02:41:20.344720Z[0m [32m INFO[0m [2mhv2_cluster::access[0m[2m:[0m control-plane access completed [3mrequest_id[0m[2m=[0m2186de83-4067-463c-8cfe-4b3b69ef36b1 [3mroute[0m[2m=[0m"/sandboxes/{id}/public-ports/{port}" [3mmethod[0m[2m=[0m"PUT" [3mprincipal[0m[2m=[0m"scoped" [3mkey_id[0m[2m=[0m"074bc70cf1c5defa" [3mallowed[0m[2m=[0mfalse [3mstatus[0m[2m=[0m403 [3melapsed_ms[0m[2m=[0m0.018254
[2m2026-10-04T02:41:20.351987Z[0m [32m INFO[0m [2mhv2_cluster::access[0m[2m:[0m control-plane access completed [3mrequest_id[0m[2m=[0m33d21302-341d-4f1e-b8ea-042cefb84b17 [3mroute[0m[2m=[0m"/sandboxes/{id}/public-ports" [3mmethod[0m[2m=[0m"GET" [3mprincipal[0m[2m=[0m"scoped" [3mkey_id[0m[2m=[0m"074bc70cf1c5defa" [3mallowed[0m[2m=[0mfalse [3mstatus[0m[2m=[0m403 [3melapsed_ms[0m[2m=[0m0.017303
[2m2026-10-04T02:41:20.355567Z[0m [32m INFO[0m [2mhv2_cluster::access[0m[2m:[0m control-plane access completed [3mrequest_id[0m[2m=[0mc2aa7e17-85bf-4a39-8098-6d7aca9e7ae7 [3mroute[0m[2m=[0m"/sandboxes/{id}/public-ports" [3mmethod[0m[2m=[0m"GET" [3mprincipal[0m[2m=[0m"scoped" [3mkey_id[0m[2m=[0m"074bc70cf1c5defa" [3mallowed[0m[2m=[0mfalse [3mstatus[0m[2m=[0m403 [3melapsed_ms[0m[2m=[0m0.016059999999999998
[2m2026-10-04T02:41:20.364277Z[0m [32m INFO[0m [2mhv2_cluster::access[0m[2m:[0m control-plane access completed [3mrequest_id[0m[2m=[0mb5f478e9-6745-42df-8138-14123acb2bab [3mroute[0m[2m=[0m"/sandboxes/{id}/public-ports/{port}" [3mmethod[0m[2m=[0m"DELETE" [3mprincipal[0m[2m=[0m"scoped" [3mkey_id[0m[2m=[0m"074bc70cf1c5defa" [3mallowed[0m[2m=[0mfalse [3mstatus[0m[2m=[0m403 [3melapsed_ms[0m[2m=[0m0.018494
[2m2026-10-04T02:41:20.367875Z[0m [32m INFO[0m [2mhv2_cluster::access[0m[2m:[0m control-plane access completed [3mrequest_id[0m[2m=[0m526ea890-e0b0-4b42-8a21-4cdc827acd66 [3mroute[0m[2m=[0m"/sandboxes/{id}/public-ports/{port}" [3mmethod[0m[2m=[0m"DELETE" [3mprincipal[0m[2m=[0m"scoped" [3mkey_id[0m[2m=[0m"074bc70cf1c5defa" [3mallowed[0m[2m=[0mfalse [3mstatus[0m[2m=[0m403 [3melapsed_ms[0m[2m=[0m0.019806999999999998
[2m2026-10-04T02:41:20.377648Z[0m [32m INFO[0m [2mhv2_cluster::access[0m[2m:[0m control-plane access completed [3mrequest_id[0m[2m=[0m6fb92029-74c5-4fc7-ab22-2016a8b9533e [3mroute[0m[2m=[0m"/sandboxes/{id}/public-ports/{port}" [3mmethod[0m[2m=[0m"PUT" [3mprincipal[0m[2m=[0m"scoped" [3mkey_id[0m[2m=[0m"fa3913ef8c7ec0d5" [3mallowed[0m[2m=[0mfalse [3mstatus[0m[2m=[0m403 [3melapsed_ms[0m[2m=[0m0.018664999999999998
[2m2026-10-04T02:41:20.381117Z[0m [32m INFO[0m [2mhv2_cluster::access[0m[2m:[0m control-plane access completed [3mrequest_id[0m[2m=[0m18dd9942-798d-4681-b511-bedb2d11ddea [3mroute[0m[2m=[0m"/sandboxes/{id}/public-ports/{port}" [3mmethod[0m[2m=[0m"PUT" [3mprincipal[0m[2m=[0m"scoped" [3mkey_id[0m[2m=[0m"fa3913ef8c7ec0d5" [3mallowed[0m[2m=[0mfalse [3mstatus[0m[2m=[0m403 [3melapsed_ms[0m[2m=[0m0.018695
[2m2026-10-04T02:41:20.388345Z[0m [32m INFO[0m [2mhv2_cluster::access[0m[2m:[0m control-plane access completed [3mrequest_id[0m[2m=[0m40c637ed-0635-41a8-8042-37107966e6e5 [3mroute[0m[2m=[0m"/sandboxes/{id}/public-ports" [3mmethod[0m[2m=[0m"GET" [3mprincipal[0m[2m=[0m"scoped" [3mkey_id[0m[2m=[0m"fa3913ef8c7ec0d5" [3mallowed[0m[2m=[0mfalse [3mstatus[0m[2m=[0m403 [3melapsed_ms[0m[2m=[0m0.018365000000000003
[2m2026-10-04T02:41:20.391945Z[0m [32m INFO[0m [2mhv2_cluster::access[0m[2m:[0m control-plane access completed [3mrequest_id[0m[2m=[0m1adadc8d-f0c8-4ca8-b189-f5eb85aabf1f [3mroute[0m[2m=[0m"/sandboxes/{id}/public-ports" [3mmethod[0m[2m=[0m"GET" [3mprincipal[0m[2m=[0m"scoped" [3mkey_id[0m[2m=[0m"fa3913ef8c7ec0d5" [3mallowed[0m[2m=[0mfalse [3mstatus[0m[2m=[0m403 [3melapsed_ms[0m[2m=[0m0.017273
[2m2026-10-04T02:41:20.399512Z[0m [32m INFO[0m [2mhv2_cluster::access[0m[2m:[0m control-plane access completed [3mrequest_id[0m[2m=[0m08dc3f37-8aaf-428c-b078-2738254e98d3 [3mroute[0m[2m=[0m"/sandboxes/{id}/public-ports/{port}" [3mmethod[0m[2m=[0m"DELETE" [3mprincipal[0m[2m=[0m"scoped" [3mkey_id[0m[2m=[0m"fa3913ef8c7ec0d5" [3mallowed[0m[2m=[0mfalse [3mstatus[0m[2m=[0m403 [3melapsed_ms[0m[2m=[0m0.019627
[2m2026-10-04T02:41:20.402883Z[0m [32m INFO[0m [2mhv2_cluster::access[0m[2m:[0m control-plane access completed [3mrequest_id[0m[2m=[0m5dfcde3b-6b64-4dac-bb43-32bd694ba961 [3mroute[0m[2m=[0m"/sandboxes/{id}/public-ports/{port}" [3mmethod[0m[2m=[0m"DELETE" [3mprincipal[0m[2m=[0m"scoped" [3mkey_id[0m[2m=[0m"fa3913ef8c7ec0d5" [3mallowed[0m[2m=[0mfalse [3mstatus[0m[2m=[0m403 [3melapsed_ms[0m[2m=[0m0.12382199999999999
[2m2026-10-04T02:41:20.411626Z[0m [32m INFO[0m [2mhv2_cluster::access[0m[2m:[0m control-plane access started [3mrequest_id[0m[2m=[0m11badf91-722f-424c-a19e-1b1985232a17 [3mroute[0m[2m=[0m"/sandboxes/{id}/public-ports/{port}" [3mmethod[0m[2m=[0m"PUT" [3mprincipal[0m[2m=[0m"scoped" [3mkey_id[0m[2m=[0m"c237cac8941f3bb9"
[2m2026-10-04T02:41:20.411708Z[0m [32m INFO[0m [2mhv2_cluster::access[0m[2m:[0m control-plane access completed [3mrequest_id[0m[2m=[0m11badf91-722f-424c-a19e-1b1985232a17 [3mroute[0m[2m=[0m"/sandboxes/{id}/public-ports/{port}" [3mmethod[0m[2m=[0m"PUT" [3mprincipal[0m[2m=[0m"scoped" [3mkey_id[0m[2m=[0m"c237cac8941f3bb9" [3mallowed[0m[2m=[0mtrue [3mstatus[0m[2m=[0m403 [3melapsed_ms[0m[2m=[0m0.098294
[2m2026-10-04T02:41:20.415193Z[0m [32m INFO[0m [2mhv2_cluster::access[0m[2m:[0m control-plane access started [3mrequest_id[0m[2m=[0mb2d35c26-da0a-4119-9a2e-fbb86a2009ca [3mroute[0m[2m=[0m"/sandboxes/{id}/public-ports/{port}" [3mmethod[0m[2m=[0m"PUT" [3mprincipal[0m[2m=[0m"scoped" [3mkey_id[0m[2m=[0m"c237cac8941f3bb9"
[2m2026-10-04T02:41:20.415254Z[0m [32m INFO[0m [2mhv2_cluster::access[0m[2m:[0m control-plane access completed [3mrequest_id[0m[2m=[0mb2d35c26-da0a-4119-9a2e-fbb86a2009ca [3mroute[0m[2m=[0m"/sandboxes/{id}/public-ports/{port}" [3mmethod[0m[2m=[0m"PUT" [3mprincipal[0m[2m=[0m"scoped" [3mkey_id[0m[2m=[0m"c237cac8941f3bb9" [3mallowed[0m[2m=[0mtrue [3mstatus[0m[2m=[0m403 [3melapsed_ms[0m[2m=[0m0.07267699999999999
[2m2026-10-04T02:41:20.424223Z[0m [32m INFO[0m [2mhv2_cluster::access[0m[2m:[0m control-plane access started [3mrequest_id[0m[2m=[0mc7aac1f6-e88f-4dc8-bb16-d73975d4e665 [3mroute[0m[2m=[0m"/sandboxes/{id}/public-ports" [3mmethod[0m[2m=[0m"GET" [3mprincipal[0m[2m=[0m"scoped" [3mkey_id[0m[2m=[0m"c237cac8941f3bb9"
[2m2026-10-04T02:41:20.424313Z[0m [32m INFO[0m [2mhv2_cluster::access[0m[2m:[0m control-plane access completed [3mrequest_id[0m[2m=[0mc7aac1f6-e88f-4dc8-bb16-d73975d4e665 [3mroute[0m[2m=[0m"/sandboxes/{id}/public-ports" [3mmethod[0m[2m=[0m"GET" [3mprincipal[0m[2m=[0m"scoped" [3mkey_id[0m[2m=[0m"c237cac8941f3bb9" [3mallowed[0m[2m=[0mtrue [3mstatus[0m[2m=[0m403 [3melapsed_ms[0m[2m=[0m0.158448
[2m2026-10-04T02:41:20.428283Z[0m [32m INFO[0m [2mhv2_cluster::access[0m[2m:[0m control-plane access started [3mrequest_id[0m[2m=[0mf3b4115b-6283-49f6-85db-105691e6262d [3mroute[0m[2m=[0m"/sandboxes/{id}/public-ports" [3mmethod[0m[2m=[0m"GET" [3mprincipal[0m[2m=[0m"scoped" [3mkey_id[0m[2m=[0m"c237cac8941f3bb9"
[2m2026-10-04T02:41:20.428327Z[0m [32m INFO[0m [2mhv2_cluster::access[0m[2m:[0m control-plane access completed [3mrequest_id[0m[2m=[0mf3b4115b-6283-49f6-85db-105691e6262d [3mroute[0m[2m=[0m"/sandboxes/{id}/public-ports" [3mmethod[0m[2m=[0m"GET" [3mprincipal[0m[2m=[0m"scoped" [3mkey_id[0m[2m=[0m"c237cac8941f3bb9" [3mallowed[0m[2m=[0mtrue [3mstatus[0m[2m=[0m403 [3melapsed_ms[0m[2m=[0m0.062086
[2m2026-10-04T02:41:20.436254Z[0m [32m INFO[0m [2mhv2_cluster::access[0m[2m:[0m control-plane access started [3mrequest_id[0m[2m=[0m20d2e747-6b1b-4548-87eb-ac1b78eac3a7 [3mroute[0m[2m=[0m"/sandboxes/{id}/public-ports/{port}" [3mmethod[0m[2m=[0m"DELETE" [3mprincipal[0m[2m=[0m"scoped" [3mkey_id[0m[2m=[0m"c237cac8941f3bb9"
[2m2026-10-04T02:41:20.436315Z[0m [32m INFO[0m [2mhv2_cluster::access[0m[2m:[0m control-plane access completed [3mrequest_id[0m[2m=[0m20d2e747-6b1b-4548-87eb-ac1b78eac3a7 [3mroute[0m[2m=[0m"/sandboxes/{id}/public-ports/{port}" [3mmethod[0m[2m=[0m"DELETE" [3mprincipal[0m[2m=[0m"scoped" [3mkey_id[0m[2m=[0m"c237cac8941f3bb9" [3mallowed[0m[2m=[0mtrue [3mstatus[0m[2m=[0m403 [3melapsed_ms[0m[2m=[0m0.091011
[2m2026-10-04T02:41:20.439863Z[0m [32m INFO[0m [2mhv2_cluster::access[0m[2m:[0m control-plane access started [3mrequest_id[0m[2m=[0m0b237294-18e3-42d6-a45e-431eddbbb315 [3mroute[0m[2m=[0m"/sandboxes/{id}/public-ports/{port}" [3mmethod[0m[2m=[0m"DELETE" [3mprincipal[0m[2m=[0m"scoped" [3mkey_id[0m[2m=[0m"c237cac8941f3bb9"
[2m2026-10-04T02:41:20.439910Z[0m [32m INFO[0m [2mhv2_cluster::access[0m[2m:[0m control-plane access completed [3mrequest_id[0m[2m=[0m0b237294-18e3-42d6-a45e-431eddbbb315 [3mroute[0m[2m=[0m"/sandboxes/{id}/public-ports/{port}" [3mmethod[0m[2m=[0m"DELETE" [3mprincipal[0m[2m=[0m"scoped" [3mkey_id[0m[2m=[0m"c237cac8941f3bb9" [3mallowed[0m[2m=[0mtrue [3mstatus[0m[2m=[0m403 [3melapsed_ms[0m[2m=[0m0.06522299999999999
[2m2026-10-04T02:41:20.447580Z[0m [32m INFO[0m [2mhv2_cluster::access[0m[2m:[0m control-plane access started [3mrequest_id[0m[2m=[0md47557a4-14d3-4b07-a2f2-e934ce9099af [3mroute[0m[2m=[0m"/sandboxes/{id}/public-ports/{port}" [3mmethod[0m[2m=[0m"PUT" [3mprincipal[0m[2m=[0m"legacy_admin" [3mkey_id[0m[2m=[0m"892e8855dd0ec20a"
[2m2026-10-04T02:41:20.447657Z[0m [32m INFO[0m [2mhv2_cluster::access[0m[2m:[0m control-plane access completed [3mrequest_id[0m[2m=[0md47557a4-14d3-4b07-a2f2-e934ce9099af [3mroute[0m[2m=[0m"/sandboxes/{id}/public-ports/{port}" [3mmethod[0m[2m=[0m"PUT" [3mprincipal[0m[2m=[0m"legacy_admin" [3mkey_id[0m[2m=[0m"892e8855dd0ec20a" [3mallowed[0m[2m=[0mtrue [3mstatus[0m[2m=[0m403 [3melapsed_ms[0m[2m=[0m0.08888700000000001
[2m2026-10-04T02:41:20.452500Z[0m [32m INFO[0m [2mhv2_cluster::access[0m[2m:[0m control-plane access started [3mrequest_id[0m[2m=[0md28ab1eb-5d78-49ff-8ffe-02041de456d2 [3mroute[0m[2m=[0m"/sandboxes/{id}/public-ports/{port}" [3mmethod[0m[2m=[0m"PUT" [3mprincipal[0m[2m=[0m"legacy_admin" [3mkey_id[0m[2m=[0m"892e8855dd0ec20a"
[2m2026-10-04T02:41:20.452681Z[0m [32m INFO[0m [2mhv2_cluster::access[0m[2m:[0m control-plane access completed [3mrequest_id[0m[2m=[0md28ab1eb-5d78-49ff-8ffe-02041de456d2 [3mroute[0m[2m=[0m"/sandboxes/{id}/public-ports/{port}" [3mmethod[0m[2m=[0m"PUT" [3mprincipal[0m[2m=[0m"legacy_admin" [3mkey_id[0m[2m=[0m"892e8855dd0ec20a" [3mallowed[0m[2m=[0mtrue [3mstatus[0m[2m=[0m403 [3melapsed_ms[0m[2m=[0m0.215054
[2m2026-10-04T02:41:20.462170Z[0m [32m INFO[0m [2mhv2_cluster::access[0m[2m:[0m control-plane access started [3mrequest_id[0m[2m=[0m1750a609-aab5-4592-b8fe-5df226339960 [3mroute[0m[2m=[0m"/sandboxes/{id}/public-ports" [3mmethod[0m[2m=[0m"GET" [3mprincipal[0m[2m=[0m"legacy_admin" [3mkey_id[0m[2m=[0m"892e8855dd0ec20a"
[2m2026-10-04T02:41:20.462276Z[0m [32m INFO[0m [2mhv2_cluster::access[0m[2m:[0m control-plane access completed [3mrequest_id[0m[2m=[0m1750a609-aab5-4592-b8fe-5df226339960 [3mroute[0m[2m=[0m"/sandboxes/{id}/public-ports" [3mmethod[0m[2m=[0m"GET" [3mprincipal[0m[2m=[0m"legacy_admin" [3mkey_id[0m[2m=[0m"892e8855dd0ec20a" [3mallowed[0m[2m=[0mtrue [3mstatus[0m[2m=[0m403 [3melapsed_ms[0m[2m=[0m0.167023
[2m2026-10-04T02:41:20.467871Z[0m [32m INFO[0m [2mhv2_cluster::access[0m[2m:[0m control-plane access started [3mrequest_id[0m[2m=[0m45b4280c-6497-4432-b92c-d913b3d87722 [3mroute[0m[2m=[0m"/sandboxes/{id}/public-ports" [3mmethod[0m[2m=[0m"GET" [3mprincipal[0m[2m=[0m"legacy_admin" [3mkey_id[0m[2m=[0m"892e8855dd0ec20a"
[2m2026-10-04T02:41:20.468000Z[0m [32m INFO[0m [2mhv2_cluster::access[0m[2m:[0m control-plane access completed [3mrequest_id[0m[2m=[0m45b4280c-6497-4432-b92c-d913b3d87722 [3mroute[0m[2m=[0m"/sandboxes/{id}/public-ports" [3mmethod[0m[2m=[0m"GET" [3mprincipal[0m[2m=[0m"legacy_admin" [3mkey_id[0m[2m=[0m"892e8855dd0ec20a" [3mallowed[0m[2m=[0mtrue [3mstatus[0m[2m=[0m403 [3melapsed_ms[0m[2m=[0m0.172544
[2m2026-10-04T02:41:20.479316Z[0m [32m INFO[0m [2mhv2_cluster::access[0m[2m:[0m control-plane access started [3mrequest_id[0m[2m=[0m2ff1a8c4-1e2f-40ff-82d9-d1eeed0ee109 [3mroute[0m[2m=[0m"/sandboxes/{id}/public-ports/{port}" [3mmethod[0m[2m=[0m"DELETE" [3mprincipal[0m[2m=[0m"legacy_admin" [3mkey_id[0m[2m=[0m"892e8855dd0ec20a"
[2m2026-10-04T02:41:20.479362Z[0m [32m INFO[0m [2mhv2_cluster::access[0m[2m:[0m control-plane access completed [3mrequest_id[0m[2m=[0m2ff1a8c4-1e2f-40ff-82d9-d1eeed0ee109 [3mroute[0m[2m=[0m"/sandboxes/{id}/public-ports/{port}" [3mmethod[0m[2m=[0m"DELETE" [3mprincipal[0m[2m=[0m"legacy_admin" [3mkey_id[0m[2m=[0m"892e8855dd0ec20a" [3mallowed[0m[2m=[0mtrue [3mstatus[0m[2m=[0m403 [3melapsed_ms[0m[2m=[0m0.06110500000000001
[2m2026-10-04T02:41:20.482951Z[0m [32m INFO[0m [2mhv2_cluster::access[0m[2m:[0m control-plane access started [3mrequest_id[0m[2m=[0m708ef1e8-b107-48ce-a2d8-8cf3fb22504c [3mroute[0m[2m=[0m"/sandboxes/{id}/public-ports/{port}" [3mmethod[0m[2m=[0m"DELETE" [3mprincipal[0m[2m=[0m"legacy_admin" [3mkey_id[0m[2m=[0m"892e8855dd0ec20a"
[2m2026-10-04T02:41:20.483010Z[0m [32m INFO[0m [2mhv2_cluster::access[0m[2m:[0m control-plane access completed [3mrequest_id[0m[2m=[0m708ef1e8-b107-48ce-a2d8-8cf3fb22504c [3mroute[0m[2m=[0m"/sandboxes/{id}/public-ports/{port}" [3mmethod[0m[2m=[0m"DELETE" [3mprincipal[0m[2m=[0m"legacy_admin" [3mkey_id[0m[2m=[0m"892e8855dd0ec20a" [3mallowed[0m[2m=[0mtrue [3mstatus[0m[2m=[0m403 [3melapsed_ms[0m[2m=[0m0.07709500000000001
[2m2026-10-04T02:41:20.489972Z[0m [32m INFO[0m [2mhv2_cluster::access[0m[2m:[0m control-plane access started [3mrequest_id[0m[2m=[0mfb491657-bace-4427-9f10-197892048db5 [3mroute[0m[2m=[0m"/sandboxes" [3mmethod[0m[2m=[0m"POST" [3mprincipal[0m[2m=[0m"legacy_admin" [3mkey_id[0m[2m=[0m"892e8855dd0ec20a"
[2m2026-10-04T02:41:20.491084Z[0m [32m INFO[0m [2mhv2_core::hypervisor[0m[2m:[0m Detected hypervisor platform: Kvm
[2m2026-10-04T02:41:20.491602Z[0m [32m INFO[0m [2mhv2_core::vm[0m[2m:[0m VM 'sbx-4991b28233294e1c8ada': vsock device attached at 0xd0000000 (guest CID 100, IRQ 5)
[2m2026-10-04T02:41:20.491619Z[0m [32m INFO[0m [2mhv2_core::devices::serial[0m[2m:[0m Initializing serial device 'COM1' at 0x3F8
[2m2026-10-04T02:41:20.493349Z[0m [32m INFO[0m [2mhv2_core::vm[0m[2m:[0m Provisioned VM 'sbx-4991b28233294e1c8ada' on the Kvm backend (1 vCPUs, 1024 MiB)
[2m2026-10-04T02:41:20.493751Z[0m [32m INFO[0m [2mhv2_core::vm[0m[2m:[0m VM 'sbx-4991b28233294e1c8ada' restored from /tmp/hm-udp-kvm-w9to_ow2/snapshots/templates/48454fd837dc52740c691aafc9cb1fdc/template.snap
[2m2026-10-04T02:41:20.493771Z[0m [32m INFO[0m [2mhv2_core::vm[0m[2m:[0m Starting VM 'sbx-4991b28233294e1c8ada' with 1 vCPUs and 1 GB memory (parallel=true)
[2m2026-10-04T02:41:20.493917Z[0m [32m INFO[0m [2mhv2_core::vm[0m[2m:[0m Starting VM execution for 'sbx-4991b28233294e1c8ada' with 1 vCPUs
[2m2026-10-04T02:41:20.493926Z[0m [32m INFO[0m [2mhv2_core::vm[0m[2m:[0m Starting parallel execution with 1 vCPU tasks
[2m2026-10-04T02:41:20.494242Z[0m [32m INFO[0m [2mhv2_core::vm[0m[2m:[0m vCPU 0 task started
[2m2026-10-04T02:41:20.529748Z[0m [32m INFO[0m [2mhv2_cluster::access[0m[2m:[0m control-plane access completed [3mrequest_id[0m[2m=[0mfb491657-bace-4427-9f10-197892048db5 [3mroute[0m[2m=[0m"/sandboxes" [3mmethod[0m[2m=[0m"POST" [3mprincipal[0m[2m=[0m"legacy_admin" [3mkey_id[0m[2m=[0m"892e8855dd0ec20a" [3mallowed[0m[2m=[0mtrue [3mstatus[0m[2m=[0m201 [3melapsed_ms[0m[2m=[0m39.795205
[2m2026-10-04T02:41:20.542979Z[0m [32m INFO[0m [2mhv2_cluster::access[0m[2m:[0m control-plane access started [3mrequest_id[0m[2m=[0mcf51e545-1231-4e39-8b9d-2e4e5a9cb211 [3mroute[0m[2m=[0m"/sandboxes/{id}/public-ports/{port}" [3mmethod[0m[2m=[0m"PUT" [3mprincipal[0m[2m=[0m"scoped" [3mkey_id[0m[2m=[0m"eef3fe3d9447e5eb"
[2m2026-10-04T02:41:20.543664Z[0m [32m INFO[0m [2mhv2_cluster::access[0m[2m:[0m control-plane access completed [3mrequest_id[0m[2m=[0mcf51e545-1231-4e39-8b9d-2e4e5a9cb211 [3mroute[0m[2m=[0m"/sandboxes/{id}/public-ports/{port}" [3mmethod[0m[2m=[0m"PUT" [3mprincipal[0m[2m=[0m"scoped" [3mkey_id[0m[2m=[0m"eef3fe3d9447e5eb" [3mallowed[0m[2m=[0mtrue [3mstatus[0m[2m=[0m403 [3melapsed_ms[0m[2m=[0m0.6977030000000001
[2m2026-10-04T02:41:20.548983Z[0m [32m INFO[0m [2mhv2_cluster::access[0m[2m:[0m control-plane access started [3mrequest_id[0m[2m=[0m54eb4a1a-00a6-418d-8d76-fa255afcd4a2 [3mroute[0m[2m=[0m"/sandboxes/{id}/public-ports/{port}" [3mmethod[0m[2m=[0m"PUT" [3mprincipal[0m[2m=[0m"scoped" [3mkey_id[0m[2m=[0m"eef3fe3d9447e5eb"
[2m2026-10-04T02:41:20.549354Z[0m [32m INFO[0m [2mhv2_cluster::access[0m[2m:[0m control-plane access completed [3mrequest_id[0m[2m=[0m54eb4a1a-00a6-418d-8d76-fa255afcd4a2 [3mroute[0m[2m=[0m"/sandboxes/{id}/public-ports/{port}" [3mmethod[0m[2m=[0m"PUT" [3mprincipal[0m[2m=[0m"scoped" [3mkey_id[0m[2m=[0m"eef3fe3d9447e5eb" [3mallowed[0m[2m=[0mtrue [3mstatus[0m[2m=[0m403 [3melapsed_ms[0m[2m=[0m0.38478999999999997
[2m2026-10-04T02:41:20.557946Z[0m [32m INFO[0m [2mhv2_cluster::access[0m[2m:[0m control-plane access started [3mrequest_id[0m[2m=[0mdb8fc85d-4b65-4e47-a36e-ad434593d409 [3mroute[0m[2m=[0m"/sandboxes/{id}/public-ports" [3mmethod[0m[2m=[0m"GET" [3mprincipal[0m[2m=[0m"scoped" [3mkey_id[0m[2m=[0m"eef3fe3d9447e5eb"
[2m2026-10-04T02:41:20.558361Z[0m [32m INFO[0m [2mhv2_cluster::access[0m[2m:[0m control-plane access completed [3mrequest_id[0m[2m=[0mdb8fc85d-4b65-4e47-a36e-ad434593d409 [3mroute[0m[2m=[0m"/sandboxes/{id}/public-ports" [3mmethod[0m[2m=[0m"GET" [3mprincipal[0m[2m=[0m"scoped" [3mkey_id[0m[2m=[0m"eef3fe3d9447e5eb" [3mallowed[0m[2m=[0mtrue [3mstatus[0m[2m=[0m403 [3melapsed_ms[0m[2m=[0m0.43209
[2m2026-10-04T02:41:20.563718Z[0m [32m INFO[0m [2mhv2_cluster::access[0m[2m:[0m control-plane access started [3mrequest_id[0m[2m=[0m0cac0be6-3418-40dd-823a-002e9a278649 [3mroute[0m[2m=[0m"/sandboxes/{id}/public-ports" [3mmethod[0m[2m=[0m"GET" [3mprincipal[0m[2m=[0m"scoped" [3mkey_id[0m[2m=[0m"eef3fe3d9447e5eb"
[2m2026-10-04T02:41:20.564042Z[0m [32m INFO[0m [2mhv2_cluster::access[0m[2m:[0m control-plane access completed [3mrequest_id[0m[2m=[0m0cac0be6-3418-40dd-823a-002e9a278649 [3mroute[0m[2m=[0m"/sandboxes/{id}/public-ports" [3mmethod[0m[2m=[0m"GET" [3mprincipal[0m[2m=[0m"scoped" [3mkey_id[0m[2m=[0m"eef3fe3d9447e5eb" [3mallowed[0m[2m=[0mtrue [3mstatus[0m[2m=[0m403 [3melapsed_ms[0m[2m=[0m0.338645
[2m2026-10-04T02:41:20.573058Z[0m [32m INFO[0m [2mhv2_cluster::access[0m[2m:[0m control-plane access started [3mrequest_id[0m[2m=[0m99175404-ae1f-48b3-9706-672302af7bf3 [3mroute[0m[2m=[0m"/sandboxes/{id}/public-ports/{port}" [3mmethod[0m[2m=[0m"DELETE" [3mprincipal[0m[2m=[0m"scoped" [3mkey_id[0m[2m=[0m"eef3fe3d9447e5eb"
[2m2026-10-04T02:41:20.573453Z[0m [32m INFO[0m [2mhv2_cluster::access[0m[2m:[0m control-plane access completed [3mrequest_id[0m[2m=[0m99175404-ae1f-48b3-9706-672302af7bf3 [3mroute[0m[2m=[0m"/sandboxes/{id}/public-ports/{port}" [3mmethod[0m[2m=[0m"DELETE" [3mprincipal[0m[2m=[0m"scoped" [3mkey_id[0m[2m=[0m"eef3fe3d9447e5eb" [3mallowed[0m[2m=[0mtrue [3mstatus[0m[2m=[0m403 [3melapsed_ms[0m[2m=[0m0.410269
[2m2026-10-04T02:41:20.578678Z[0m [32m INFO[0m [2mhv2_cluster::access[0m[2m:[0m control-plane access started [3mrequest_id[0m[2m=[0mc8c05b97-dd88-4fec-ab62-f78b223b83b6 [3mroute[0m[2m=[0m"/sandboxes/{id}/public-ports/{port}" [3mmethod[0m[2m=[0m"DELETE" [3mprincipal[0m[2m=[0m"scoped" [3mkey_id[0m[2m=[0m"eef3fe3d9447e5eb"
[2m2026-10-04T02:41:20.579091Z[0m [32m INFO[0m [2mhv2_cluster::access[0m[2m:[0m control-plane access completed [3mrequest_id[0m[2m=[0mc8c05b97-dd88-4fec-ab62-f78b223b83b6 [3mroute[0m[2m=[0m"/sandboxes/{id}/public-ports/{port}" [3mmethod[0m[2m=[0m"DELETE" [3mprincipal[0m[2m=[0m"scoped" [3mkey_id[0m[2m=[0m"eef3fe3d9447e5eb" [3mallowed[0m[2m=[0mtrue [3mstatus[0m[2m=[0m403 [3melapsed_ms[0m[2m=[0m0.43315200000000004
[2m2026-10-04T02:41:20.580949Z[0m [32m INFO[0m [2mhv2_cluster::access[0m[2m:[0m control-plane access started [3mrequest_id[0m[2m=[0ma21037d5-71e6-41f3-90b0-37a5f4e6823a [3mroute[0m[2m=[0m"/sandboxes/{id}" [3mmethod[0m[2m=[0m"DELETE" [3mprincipal[0m[2m=[0m"scoped" [3mkey_id[0m[2m=[0m"eef3fe3d9447e5eb"
[2m2026-10-04T02:41:20.581797Z[0m [32m INFO[0m [2mhv2_core::vm[0m[2m:[0m vCPU 0 task exited (exits=285)
[2m2026-10-04T02:41:20.581905Z[0m [32m INFO[0m [2mhv2_core::vm[0m[2m:[0m VM parallel execution completed for 'sbx-4991b28233294e1c8ada'
[2m2026-10-04T02:41:20.581925Z[0m [32m INFO[0m [2mhv2_core::vm[0m[2m:[0m VM 'sbx-4991b28233294e1c8ada' stopped
[2m2026-10-04T02:41:20.623238Z[0m [32m INFO[0m [2mhv2_cluster::access[0m[2m:[0m control-plane access completed [3mrequest_id[0m[2m=[0ma21037d5-71e6-41f3-90b0-37a5f4e6823a [3mroute[0m[2m=[0m"/sandboxes/{id}" [3mmethod[0m[2m=[0m"DELETE" [3mprincipal[0m[2m=[0m"scoped" [3mkey_id[0m[2m=[0m"eef3fe3d9447e5eb" [3mallowed[0m[2m=[0mtrue [3mstatus[0m[2m=[0m204 [3melapsed_ms[0m[2m=[0m42.302169
[2m2026-10-04T02:41:20.630956Z[0m [32m INFO[0m [2mhv2_cluster::access[0m[2m:[0m control-plane access started [3mrequest_id[0m[2m=[0m5e6d8435-caae-440c-970d-58ddc8d53472 [3mroute[0m[2m=[0m"/sandboxes/{id}/public-ports/{port}" [3mmethod[0m[2m=[0m"PUT" [3mprincipal[0m[2m=[0m"scoped" [3mkey_id[0m[2m=[0m"eef3fe3d9447e5eb"
[2m2026-10-04T02:41:20.631385Z[0m [32m INFO[0m [2mhv2_cluster::access[0m[2m:[0m control-plane access completed [3mrequest_id[0m[2m=[0m5e6d8435-caae-440c-970d-58ddc8d53472 [3mroute[0m[2m=[0m"/sandboxes/{id}/public-ports/{port}" [3mmethod[0m[2m=[0m"PUT" [3mprincipal[0m[2m=[0m"scoped" [3mkey_id[0m[2m=[0m"eef3fe3d9447e5eb" [3mallowed[0m[2m=[0mtrue [3mstatus[0m[2m=[0m202 [3melapsed_ms[0m[2m=[0m0.440141
native gateway started
[2m2026-10-04T02:41:21.088988Z[0m [32m INFO[0m [2mhv2_cluster::access[0m[2m:[0m control-plane access started [3mrequest_id[0m[2m=[0m392b8a4c-fd28-4db1-8b95-2e5a4cbdf7ba [3mroute[0m[2m=[0m"/sandboxes/{id}/ports/{port}/udp" [3mmethod[0m[2m=[0m"GET" [3mprincipal[0m[2m=[0m"scoped" [3mkey_id[0m[2m=[0m"eef3fe3d9447e5eb"
[2m2026-10-04T02:41:21.088988Z[0m [32m INFO[0m [2mhv2_cluster::access[0m[2m:[0m control-plane access started [3mrequest_id[0m[2m=[0m1bd2cb8f-ed6f-4ed7-9b62-1a8048f8cd8d [3mroute[0m[2m=[0m"/sandboxes/{id}/ports/{port}/udp" [3mmethod[0m[2m=[0m"GET" [3mprincipal[0m[2m=[0m"scoped" [3mkey_id[0m[2m=[0m"eef3fe3d9447e5eb"
[2m2026-10-04T02:41:21.089212Z[0m [32m INFO[0m [2mhv2_cluster::access[0m[2m:[0m control-plane access started [3mrequest_id[0m[2m=[0m5e6a825e-c5a3-42b4-86ff-c9e1bc24d9ef [3mroute[0m[2m=[0m"/sandboxes/{id}/ports/{port}/udp" [3mmethod[0m[2m=[0m"GET" [3mprincipal[0m[2m=[0m"scoped" [3mkey_id[0m[2m=[0m"eef3fe3d9447e5eb"
[2m2026-10-04T02:41:21.089677Z[0m [32m INFO[0m [2mhv2_cluster::access[0m[2m:[0m control-plane access started [3mrequest_id[0m[2m=[0m9778df9f-6e8a-4728-b5bd-628bb39dbccc [3mroute[0m[2m=[0m"/sandboxes/{id}/ports/{port}/udp" [3mmethod[0m[2m=[0m"GET" [3mprincipal[0m[2m=[0m"scoped" [3mkey_id[0m[2m=[0m"eef3fe3d9447e5eb"
[2m2026-10-04T02:41:21.089888Z[0m [32m INFO[0m [2mhv2_cluster::access[0m[2m:[0m control-plane access started [3mrequest_id[0m[2m=[0m083720a7-d638-48e5-bb83-ef308c5c633b [3mroute[0m[2m=[0m"/sandboxes/{id}/ports/{port}/udp" [3mmethod[0m[2m=[0m"GET" [3mprincipal[0m[2m=[0m"scoped" [3mkey_id[0m[2m=[0m"eef3fe3d9447e5eb"
[2m2026-10-04T02:41:21.090448Z[0m [32m INFO[0m [2mhv2_cluster::access[0m[2m:[0m control-plane access started [3mrequest_id[0m[2m=[0m262a9041-3bb3-43bd-af04-0b1c3d3f5278 [3mroute[0m[2m=[0m"/sandboxes/{id}/ports/{port}/udp" [3mmethod[0m[2m=[0m"GET" [3mprincipal[0m[2m=[0m"scoped" [3mkey_id[0m[2m=[0m"eef3fe3d9447e5eb"
[2m2026-10-04T02:41:21.090726Z[0m [32m INFO[0m [2mhv2_cluster::access[0m[2m:[0m control-plane access started [3mrequest_id[0m[2m=[0m45b76809-fecf-4b85-a392-84795f9c2a7b [3mroute[0m[2m=[0m"/sandboxes/{id}/ports/{port}/udp" [3mmethod[0m[2m=[0m"GET" [3mprincipal[0m[2m=[0m"scoped" [3mkey_id[0m[2m=[0m"eef3fe3d9447e5eb"
[2m2026-10-04T02:41:21.090978Z[0m [32m INFO[0m [2mhv2_cluster::access[0m[2m:[0m control-plane access started [3mrequest_id[0m[2m=[0m4f20dec2-161d-4a4e-a3ce-bc36896120a3 [3mroute[0m[2m=[0m"/sandboxes/{id}/ports/{port}/udp" [3mmethod[0m[2m=[0m"GET" [3mprincipal[0m[2m=[0m"scoped" [3mkey_id[0m[2m=[0m"eef3fe3d9447e5eb"
[2m2026-10-04T02:41:21.137282Z[0m [32m INFO[0m [2mhv2_cluster::access[0m[2m:[0m control-plane access completed [3mrequest_id[0m[2m=[0m392b8a4c-fd28-4db1-8b95-2e5a4cbdf7ba [3mroute[0m[2m=[0m"/sandboxes/{id}/ports/{port}/udp" [3mmethod[0m[2m=[0m"GET" [3mprincipal[0m[2m=[0m"scoped" [3mkey_id[0m[2m=[0m"eef3fe3d9447e5eb" [3mallowed[0m[2m=[0mtrue [3mstatus[0m[2m=[0m101 [3melapsed_ms[0m[2m=[0m48.305265
[2m2026-10-04T02:41:21.140437Z[0m [32m INFO[0m [2mhv2_cluster::access[0m[2m:[0m control-plane access completed [3mrequest_id[0m[2m=[0m4f20dec2-161d-4a4e-a3ce-bc36896120a3 [3mroute[0m[2m=[0m"/sandboxes/{id}/ports/{port}/udp" [3mmethod[0m[2m=[0m"GET" [3mprincipal[0m[2m=[0m"scoped" [3mkey_id[0m[2m=[0m"eef3fe3d9447e5eb" [3mallowed[0m[2m=[0mtrue [3mstatus[0m[2m=[0m101 [3melapsed_ms[0m[2m=[0m49.460626
[2m2026-10-04T02:41:21.143453Z[0m [32m INFO[0m [2mhv2_cluster::access[0m[2m:[0m control-plane access completed [3mrequest_id[0m[2m=[0m262a9041-3bb3-43bd-af04-0b1c3d3f5278 [3mroute[0m[2m=[0m"/sandboxes/{id}/ports/{port}/udp" [3mmethod[0m[2m=[0m"GET" [3mprincipal[0m[2m=[0m"scoped" [3mkey_id[0m[2m=[0m"eef3fe3d9447e5eb" [3mallowed[0m[2m=[0mtrue [3mstatus[0m[2m=[0m101 [3melapsed_ms[0m[2m=[0m53.004191
[2m2026-10-04T02:41:21.145644Z[0m [32m INFO[0m [2mhv2_cluster::access[0m[2m:[0m control-plane access completed [3mrequest_id[0m[2m=[0m1bd2cb8f-ed6f-4ed7-9b62-1a8048f8cd8d [3mroute[0m[2m=[0m"/sandboxes/{id}/ports/{port}/udp" [3mmethod[0m[2m=[0m"GET" [3mprincipal[0m[2m=[0m"scoped" [3mkey_id[0m[2m=[0m"eef3fe3d9447e5eb" [3mallowed[0m[2m=[0mtrue [3mstatus[0m[2m=[0m101 [3melapsed_ms[0m[2m=[0m56.666721
[2m2026-10-04T02:41:21.147237Z[0m [32m INFO[0m [2mhv2_cluster::access[0m[2m:[0m control-plane access completed [3mrequest_id[0m[2m=[0m9778df9f-6e8a-4728-b5bd-628bb39dbccc [3mroute[0m[2m=[0m"/sandboxes/{id}/ports/{port}/udp" [3mmethod[0m[2m=[0m"GET" [3mprincipal[0m[2m=[0m"scoped" [3mkey_id[0m[2m=[0m"eef3fe3d9447e5eb" [3mallowed[0m[2m=[0mtrue [3mstatus[0m[2m=[0m101 [3melapsed_ms[0m[2m=[0m57.568045
[2m2026-10-04T02:41:21.148841Z[0m [32m INFO[0m [2mhv2_cluster::access[0m[2m:[0m control-plane access completed [3mrequest_id[0m[2m=[0m45b76809-fecf-4b85-a392-84795f9c2a7b [3mroute[0m[2m=[0m"/sandboxes/{id}/ports/{port}/udp" [3mmethod[0m[2m=[0m"GET" [3mprincipal[0m[2m=[0m"scoped" [3mkey_id[0m[2m=[0m"eef3fe3d9447e5eb" [3mallowed[0m[2m=[0mtrue [3mstatus[0m[2m=[0m101 [3melapsed_ms[0m[2m=[0m58.119365
[2m2026-10-04T02:41:21.150745Z[0m [32m INFO[0m [2mhv2_cluster::access[0m[2m:[0m control-plane access completed [3mrequest_id[0m[2m=[0m083720a7-d638-48e5-bb83-ef308c5c633b [3mroute[0m[2m=[0m"/sandboxes/{id}/ports/{port}/udp" [3mmethod[0m[2m=[0m"GET" [3mprincipal[0m[2m=[0m"scoped" [3mkey_id[0m[2m=[0m"eef3fe3d9447e5eb" [3mallowed[0m[2m=[0mtrue [3mstatus[0m[2m=[0m101 [3melapsed_ms[0m[2m=[0m60.861665
[2m2026-10-04T02:41:21.152713Z[0m [32m INFO[0m [2mhv2_cluster::access[0m[2m:[0m control-plane access completed [3mrequest_id[0m[2m=[0m5e6a825e-c5a3-42b4-86ff-c9e1bc24d9ef [3mroute[0m[2m=[0m"/sandboxes/{id}/ports/{port}/udp" [3mmethod[0m[2m=[0m"GET" [3mprincipal[0m[2m=[0m"scoped" [3mkey_id[0m[2m=[0m"eef3fe3d9447e5eb" [3mallowed[0m[2m=[0mtrue [3mstatus[0m[2m=[0m101 [3melapsed_ms[0m[2m=[0m63.50908700000001
[2m2026-10-04T02:41:34.229311Z[0m [32m INFO[0m [2mhv2_cluster::access[0m[2m:[0m control-plane access started [3mrequest_id[0m[2m=[0mebff643d-be77-4d4c-ae80-fe80cf55b9b8 [3mroute[0m[2m=[0m"/sandboxes/{id}/fork" [3mmethod[0m[2m=[0m"POST" [3mprincipal[0m[2m=[0m"scoped" [3mkey_id[0m[2m=[0m"eef3fe3d9447e5eb"
[2m2026-10-04T02:41:34.230241Z[0m [32m INFO[0m [2mhv2_core::vm[0m[2m:[0m VM 'sbx-697b3136c6dc4854b8e1' paused
[2m2026-10-04T02:41:34.240093Z[0m [32m INFO[0m [2mhv2_core::vm[0m[2m:[0m VM 'sbx-697b3136c6dc4854b8e1' snapshotted to /tmp/hm-udp-kvm-w9to_ow2/snapshots/paused/sbx-697b3136c6dc4854b8e1-fork-6046b269d1494d8e83f7c04df427fecb.snap
[2m2026-10-04T02:41:34.240201Z[0m [32m INFO[0m [2mhv2_core::vm[0m[2m:[0m VM 'sbx-697b3136c6dc4854b8e1' resumed
[2m2026-10-04T02:41:34.240353Z[0m [32m INFO[0m [2mhv2_core::hypervisor[0m[2m:[0m Detected hypervisor platform: Kvm
[2m2026-10-04T02:41:34.240352Z[0m [32m INFO[0m [2mhv2_core::hypervisor[0m[2m:[0m Detected hypervisor platform: Kvm
[2m2026-10-04T02:41:34.240809Z[0m [32m INFO[0m [2mhv2_core::vm[0m[2m:[0m VM 'sbx-bc241ac279024bafa056': vsock device attached at 0xd0000000 (guest CID 100, IRQ 5)
[2m2026-10-04T02:41:34.240810Z[0m [32m INFO[0m [2mhv2_core::vm[0m[2m:[0m VM 'sbx-b64c95a37672470b938e': vsock device attached at 0xd0000000 (guest CID 100, IRQ 5)
[2m2026-10-04T02:41:34.240821Z[0m [32m INFO[0m [2mhv2_core::devices::serial[0m[2m:[0m Initializing serial device 'COM1' at 0x3F8
[2m2026-10-04T02:41:34.240818Z[0m [32m INFO[0m [2mhv2_core::devices::serial[0m[2m:[0m Initializing serial device 'COM1' at 0x3F8
[2m2026-10-04T02:41:34.242398Z[0m [32m INFO[0m [2mhv2_core::vm[0m[2m:[0m Provisioned VM 'sbx-bc241ac279024bafa056' on the Kvm backend (1 vCPUs, 1024 MiB)
[2m2026-10-04T02:41:34.242430Z[0m [32m INFO[0m [2mhv2_core::vm[0m[2m:[0m Provisioned VM 'sbx-b64c95a37672470b938e' on the Kvm backend (1 vCPUs, 1024 MiB)
[2m2026-10-04T02:41:34.255141Z[0m [32m INFO[0m [2mhv2_core::vm[0m[2m:[0m VM 'sbx-bc241ac279024bafa056' restored from /tmp/hm-udp-kvm-w9to_ow2/snapshots/paused/sbx-697b3136c6dc4854b8e1-fork-6046b269d1494d8e83f7c04df427fecb.snap
[2m2026-10-04T02:41:34.255219Z[0m [32m INFO[0m [2mhv2_core::vm[0m[2m:[0m Starting VM 'sbx-bc241ac279024bafa056' with 1 vCPUs and 1 GB memory (parallel=true)
[2m2026-10-04T02:41:34.255146Z[0m [32m INFO[0m [2mhv2_core::vm[0m[2m:[0m VM 'sbx-b64c95a37672470b938e' restored from /tmp/hm-udp-kvm-w9to_ow2/snapshots/paused/sbx-697b3136c6dc4854b8e1-fork-6046b269d1494d8e83f7c04df427fecb.snap
[2m2026-10-04T02:41:34.255258Z[0m [32m INFO[0m [2mhv2_core::vm[0m[2m:[0m Starting VM 'sbx-b64c95a37672470b938e' with 1 vCPUs and 1 GB memory (parallel=true)
[2m2026-10-04T02:41:34.255407Z[0m [32m INFO[0m [2mhv2_core::vm[0m[2m:[0m Starting VM execution for 'sbx-bc241ac279024bafa056' with 1 vCPUs
[2m2026-10-04T02:41:34.255416Z[0m [32m INFO[0m [2mhv2_core::vm[0m[2m:[0m Starting parallel execution with 1 vCPU tasks
[2m2026-10-04T02:41:34.255502Z[0m [32m INFO[0m [2mhv2_core::vm[0m[2m:[0m Starting VM execution for 'sbx-b64c95a37672470b938e' with 1 vCPUs
[2m2026-10-04T02:41:34.255518Z[0m [32m INFO[0m [2mhv2_core::vm[0m[2m:[0m Starting parallel execution with 1 vCPU tasks
[2m2026-10-04T02:41:34.255666Z[0m [32m INFO[0m [2mhv2_core::vm[0m[2m:[0m vCPU 0 task started
[2m2026-10-04T02:41:34.255748Z[0m [32m INFO[0m [2mhv2_core::vm[0m[2m:[0m vCPU 0 task started
[2m2026-10-04T02:41:34.264370Z[0m [32m INFO[0m [2mhv2_cluster::access[0m[2m:[0m control-plane access completed [3mrequest_id[0m[2m=[0mebff643d-be77-4d4c-ae80-fe80cf55b9b8 [3mroute[0m[2m=[0m"/sandboxes/{id}/fork" [3mmethod[0m[2m=[0m"POST" [3mprincipal[0m[2m=[0m"scoped" [3mkey_id[0m[2m=[0m"eef3fe3d9447e5eb" [3mallowed[0m[2m=[0mtrue [3mstatus[0m[2m=[0m201 [3melapsed_ms[0m[2m=[0m35.073302
[2m2026-10-04T02:41:34.275334Z[0m [32m INFO[0m [2mhv2_cluster::access[0m[2m:[0m control-plane access started [3mrequest_id[0m[2m=[0mee7a9105-7183-419f-90b8-be77ae63e07e [3mroute[0m[2m=[0m"/sandboxes/{id}" [3mmethod[0m[2m=[0m"DELETE" [3mprincipal[0m[2m=[0m"scoped" [3mkey_id[0m[2m=[0m"eef3fe3d9447e5eb"
[2m2026-10-04T02:41:34.275957Z[0m [32m INFO[0m [2mhv2_core::vm[0m[2m:[0m vCPU 0 task exited (exits=18)
[2m2026-10-04T02:41:34.276033Z[0m [32m INFO[0m [2mhv2_core::vm[0m[2m:[0m VM parallel execution completed for 'sbx-bc241ac279024bafa056'
[2m2026-10-04T02:41:34.276044Z[0m [32m INFO[0m [2mhv2_core::vm[0m[2m:[0m VM 'sbx-bc241ac279024bafa056' stopped
[2m2026-10-04T02:41:34.323225Z[0m [32m INFO[0m [2mhv2_cluster::access[0m[2m:[0m control-plane access completed [3mrequest_id[0m[2m=[0mee7a9105-7183-419f-90b8-be77ae63e07e [3mroute[0m[2m=[0m"/sandboxes/{id}" [3mmethod[0m[2m=[0m"DELETE" [3mprincipal[0m[2m=[0m"scoped" [3mkey_id[0m[2m=[0m"eef3fe3d9447e5eb" [3mallowed[0m[2m=[0mtrue [3mstatus[0m[2m=[0m204 [3melapsed_ms[0m[2m=[0m47.90567
[2m2026-10-04T02:41:34.339257Z[0m [32m INFO[0m [2mhv2_cluster::access[0m[2m:[0m control-plane access started [3mrequest_id[0m[2m=[0mc6a598df-60c0-4af3-87b3-3c04fbd4191d [3mroute[0m[2m=[0m"/sandboxes/{id}" [3mmethod[0m[2m=[0m"DELETE" [3mprincipal[0m[2m=[0m"scoped" [3mkey_id[0m[2m=[0m"eef3fe3d9447e5eb"
[2m2026-10-04T02:41:34.340172Z[0m [32m INFO[0m [2mhv2_core::vm[0m[2m:[0m vCPU 0 task exited (exits=36)
[2m2026-10-04T02:41:34.340279Z[0m [32m INFO[0m [2mhv2_core::vm[0m[2m:[0m VM parallel execution completed for 'sbx-b64c95a37672470b938e'
[2m2026-10-04T02:41:34.340300Z[0m [32m INFO[0m [2mhv2_core::vm[0m[2m:[0m VM 'sbx-b64c95a37672470b938e' stopped
[2m2026-10-04T02:41:34.371213Z[0m [32m INFO[0m [2mhv2_cluster::access[0m[2m:[0m control-plane access completed [3mrequest_id[0m[2m=[0mc6a598df-60c0-4af3-87b3-3c04fbd4191d [3mroute[0m[2m=[0m"/sandboxes/{id}" [3mmethod[0m[2m=[0m"DELETE" [3mprincipal[0m[2m=[0m"scoped" [3mkey_id[0m[2m=[0m"eef3fe3d9447e5eb" [3mallowed[0m[2m=[0mtrue [3mstatus[0m[2m=[0m204 [3melapsed_ms[0m[2m=[0m31.971159999999998
[2m2026-10-04T02:41:34.397854Z[0m [32m INFO[0m [2mhv2_cluster::access[0m[2m:[0m control-plane access started [3mrequest_id[0m[2m=[0mf7d7160f-d7d3-46aa-995d-ef2655415489 [3mroute[0m[2m=[0m"/sandboxes/{id}/public-ports/{port}" [3mmethod[0m[2m=[0m"PUT" [3mprincipal[0m[2m=[0m"scoped" [3mkey_id[0m[2m=[0m"eef3fe3d9447e5eb"
[2m2026-10-04T02:41:34.398747Z[0m [32m INFO[0m [2mhv2_cluster::access[0m[2m:[0m control-plane access completed [3mrequest_id[0m[2m=[0mf7d7160f-d7d3-46aa-995d-ef2655415489 [3mroute[0m[2m=[0m"/sandboxes/{id}/public-ports/{port}" [3mmethod[0m[2m=[0m"PUT" [3mprincipal[0m[2m=[0m"scoped" [3mkey_id[0m[2m=[0m"eef3fe3d9447e5eb" [3mallowed[0m[2m=[0mtrue [3mstatus[0m[2m=[0m202 [3melapsed_ms[0m[2m=[0m0.9115
[2m2026-10-04T02:41:34.417201Z[0m [32m INFO[0m [2mhv2_cluster::access[0m[2m:[0m control-plane access started [3mrequest_id[0m[2m=[0m566a4bf0-d7f8-44f0-959e-aba2aa68d6f5 [3mroute[0m[2m=[0m"/sandboxes/{id}/public-ports/{port}" [3mmethod[0m[2m=[0m"PUT" [3mprincipal[0m[2m=[0m"scoped" [3mkey_id[0m[2m=[0m"eef3fe3d9447e5eb"
[2m2026-10-04T02:41:34.417641Z[0m [32m INFO[0m [2mhv2_cluster::access[0m[2m:[0m control-plane access completed [3mrequest_id[0m[2m=[0m566a4bf0-d7f8-44f0-959e-aba2aa68d6f5 [3mroute[0m[2m=[0m"/sandboxes/{id}/public-ports/{port}" [3mmethod[0m[2m=[0m"PUT" [3mprincipal[0m[2m=[0m"scoped" [3mkey_id[0m[2m=[0m"eef3fe3d9447e5eb" [3mallowed[0m[2m=[0mtrue [3mstatus[0m[2m=[0m202 [3melapsed_ms[0m[2m=[0m0.45370099999999997
[2m2026-10-04T02:41:34.460216Z[0m [32m INFO[0m [2mhv2_cluster::access[0m[2m:[0m control-plane access started [3mrequest_id[0m[2m=[0m669e06fa-11c0-4da1-b51b-858f7f099ec1 [3mroute[0m[2m=[0m"/sandboxes/{id}/public-ports" [3mmethod[0m[2m=[0m"GET" [3mprincipal[0m[2m=[0m"scoped" [3mkey_id[0m[2m=[0m"eef3fe3d9447e5eb"
[2m2026-10-04T02:41:34.460819Z[0m [32m INFO[0m [2mhv2_cluster::access[0m[2m:[0m control-plane access completed [3mrequest_id[0m[2m=[0m669e06fa-11c0-4da1-b51b-858f7f099ec1 [3mroute[0m[2m=[0m"/sandboxes/{id}/public-ports" [3mmethod[0m[2m=[0m"GET" [3mprincipal[0m[2m=[0m"scoped" [3mkey_id[0m[2m=[0m"eef3fe3d9447e5eb" [3mallowed[0m[2m=[0mtrue [3mstatus[0m[2m=[0m200 [3melapsed_ms[0m[2m=[0m0.623038
[2m2026-10-04T02:41:34.464674Z[0m [32m INFO[0m [2mhv2_cluster::access[0m[2m:[0m control-plane access started [3mrequest_id[0m[2m=[0mee36443c-1f7a-44bf-9108-b9beb899c321 [3mroute[0m[2m=[0m"/sandboxes/{id}/public-ports/{port}" [3mmethod[0m[2m=[0m"PUT" [3mprincipal[0m[2m=[0m"scoped" [3mkey_id[0m[2m=[0m"eef3fe3d9447e5eb"
[2m2026-10-04T02:41:34.465127Z[0m [32m INFO[0m [2mhv2_cluster::access[0m[2m:[0m control-plane access completed [3mrequest_id[0m[2m=[0mee36443c-1f7a-44bf-9108-b9beb899c321 [3mroute[0m[2m=[0m"/sandboxes/{id}/public-ports/{port}" [3mmethod[0m[2m=[0m"PUT" [3mprincipal[0m[2m=[0m"scoped" [3mkey_id[0m[2m=[0m"eef3fe3d9447e5eb" [3mallowed[0m[2m=[0mtrue [3mstatus[0m[2m=[0m503 [3melapsed_ms[0m[2m=[0m0.47090800000000005
[2m2026-10-04T02:41:34.467003Z[0m [32m INFO[0m [2mhv2_cluster::access[0m[2m:[0m control-plane access started [3mrequest_id[0m[2m=[0m1edb0ecd-7962-4bea-b1af-3f99fb660d9e [3mroute[0m[2m=[0m"/sandboxes/{id}/public-ports/{port}" [3mmethod[0m[2m=[0m"PUT" [3mprincipal[0m[2m=[0m"scoped" [3mkey_id[0m[2m=[0m"eef3fe3d9447e5eb"
[2m2026-10-04T02:41:34.467059Z[0m [32m INFO[0m [2mhv2_cluster::access[0m[2m:[0m control-plane access completed [3mrequest_id[0m[2m=[0m1edb0ecd-7962-4bea-b1af-3f99fb660d9e [3mroute[0m[2m=[0m"/sandboxes/{id}/public-ports/{port}" [3mmethod[0m[2m=[0m"PUT" [3mprincipal[0m[2m=[0m"scoped" [3mkey_id[0m[2m=[0m"eef3fe3d9447e5eb" [3mallowed[0m[2m=[0mtrue [3mstatus[0m[2m=[0m400 [3melapsed_ms[0m[2m=[0m0.06749699999999999
hv2-control-plane: API key policies reloaded
[2m2026-10-04T02:41:34.468507Z[0m [32m INFO[0m [2mhv2_cluster::access[0m[2m:[0m control-plane access started [3mrequest_id[0m[2m=[0me98a2533-9a55-48ea-af3d-ee9051354801 [3mroute[0m[2m=[0m"/sandboxes/{id}/public-ports" [3mmethod[0m[2m=[0m"GET" [3mprincipal[0m[2m=[0m"scoped" [3mkey_id[0m[2m=[0m"4e59c7044d1b381e"
[2m2026-10-04T02:41:34.468765Z[0m [32m INFO[0m [2mhv2_cluster::access[0m[2m:[0m control-plane access completed [3mrequest_id[0m[2m=[0me98a2533-9a55-48ea-af3d-ee9051354801 [3mroute[0m[2m=[0m"/sandboxes/{id}/public-ports" [3mmethod[0m[2m=[0m"GET" [3mprincipal[0m[2m=[0m"scoped" [3mkey_id[0m[2m=[0m"4e59c7044d1b381e" [3mallowed[0m[2m=[0mtrue [3mstatus[0m[2m=[0m200 [3melapsed_ms[0m[2m=[0m0.267902
[2m2026-10-04T02:41:34.470566Z[0m [32m INFO[0m [2mhv2_cluster::access[0m[2m:[0m control-plane access completed [3mrequest_id[0m[2m=[0mfe0ea2eb-e4b6-4140-8878-1df867ef7b76 [3mroute[0m[2m=[0m"/sandboxes/{id}/public-ports" [3mmethod[0m[2m=[0m"GET" [3mprincipal[0m[2m=[0m"unauthenticated" [3mkey_id[0m[2m=[0m"none" [3mallowed[0m[2m=[0mfalse [3mstatus[0m[2m=[0m401 [3melapsed_ms[0m[2m=[0m0.019185999999999998
[2m2026-10-04T02:41:34.480841Z[0m [32m INFO[0m [2mhv2_cluster::access[0m[2m:[0m control-plane access completed [3mrequest_id[0m[2m=[0mcb42c3d3-e3e3-4d77-aeda-c6dff98c594d [3mroute[0m[2m=[0m"/sandboxes/{id}/public-ports" [3mmethod[0m[2m=[0m"GET" [3mprincipal[0m[2m=[0m"unauthenticated" [3mkey_id[0m[2m=[0m"none" [3mallowed[0m[2m=[0mfalse [3mstatus[0m[2m=[0m401 [3melapsed_ms[0m[2m=[0m0.017241999999999997
[2m2026-10-04T02:41:34.492221Z[0m [32m INFO[0m [2mhv2_cluster::access[0m[2m:[0m control-plane access started [3mrequest_id[0m[2m=[0m02476d8d-85af-4cc3-b70b-58f1dcf4edf6 [3mroute[0m[2m=[0m"/sandboxes/{id}/public-ports" [3mmethod[0m[2m=[0m"GET" [3mprincipal[0m[2m=[0m"scoped" [3mkey_id[0m[2m=[0m"4e59c7044d1b381e"
[2m2026-10-04T02:41:34.492646Z[0m [32m INFO[0m [2mhv2_cluster::access[0m[2m:[0m control-plane access completed [3mrequest_id[0m[2m=[0m02476d8d-85af-4cc3-b70b-58f1dcf4edf6 [3mroute[0m[2m=[0m"/sandboxes/{id}/public-ports" [3mmethod[0m[2m=[0m"GET" [3mprincipal[0m[2m=[0m"scoped" [3mkey_id[0m[2m=[0m"4e59c7044d1b381e" [3mallowed[0m[2m=[0mtrue [3mstatus[0m[2m=[0m200 [3melapsed_ms[0m[2m=[0m0.443176
[2m2026-10-04T02:41:34.515275Z[0m [32m INFO[0m [2mhv2_cluster::access[0m[2m:[0m control-plane access started [3mrequest_id[0m[2m=[0m1bb76250-0437-4267-be72-e4340e027e98 [3mroute[0m[2m=[0m"/sandboxes/{id}/public-ports/{port}" [3mmethod[0m[2m=[0m"DELETE" [3mprincipal[0m[2m=[0m"scoped" [3mkey_id[0m[2m=[0m"4e59c7044d1b381e"
[2m2026-10-04T02:41:34.515723Z[0m [32m INFO[0m [2mhv2_cluster::access[0m[2m:[0m control-plane access completed [3mrequest_id[0m[2m=[0m1bb76250-0437-4267-be72-e4340e027e98 [3mroute[0m[2m=[0m"/sandboxes/{id}/public-ports/{port}" [3mmethod[0m[2m=[0m"DELETE" [3mprincipal[0m[2m=[0m"scoped" [3mkey_id[0m[2m=[0m"4e59c7044d1b381e" [3mallowed[0m[2m=[0mtrue [3mstatus[0m[2m=[0m204 [3melapsed_ms[0m[2m=[0m0.46535800000000005
[2m2026-10-04T02:41:34.539612Z[0m [32m INFO[0m [2mhv2_cluster::access[0m[2m:[0m control-plane access started [3mrequest_id[0m[2m=[0m7099db70-454b-4ee8-a05d-dfb5bea53caf [3mroute[0m[2m=[0m"/sandboxes/{id}/public-ports" [3mmethod[0m[2m=[0m"GET" [3mprincipal[0m[2m=[0m"scoped" [3mkey_id[0m[2m=[0m"4e59c7044d1b381e"
[2m2026-10-04T02:41:34.540665Z[0m [32m INFO[0m [2mhv2_cluster::access[0m[2m:[0m control-plane access completed [3mrequest_id[0m[2m=[0m7099db70-454b-4ee8-a05d-dfb5bea53caf [3mroute[0m[2m=[0m"/sandboxes/{id}/public-ports" [3mmethod[0m[2m=[0m"GET" [3mprincipal[0m[2m=[0m"scoped" [3mkey_id[0m[2m=[0m"4e59c7044d1b381e" [3mallowed[0m[2m=[0mtrue [3mstatus[0m[2m=[0m200 [3melapsed_ms[0m[2m=[0m1.0950280000000001
[2m2026-10-04T02:41:34.552543Z[0m [32m INFO[0m [2mhv2_cluster::access[0m[2m:[0m control-plane access started [3mrequest_id[0m[2m=[0m097b8831-fc01-4c34-a706-287ff2d90bf2 [3mroute[0m[2m=[0m"/sandboxes/{id}/public-ports" [3mmethod[0m[2m=[0m"GET" [3mprincipal[0m[2m=[0m"scoped" [3mkey_id[0m[2m=[0m"4e59c7044d1b381e"
[2m2026-10-04T02:41:34.552974Z[0m [32m INFO[0m [2mhv2_cluster::access[0m[2m:[0m control-plane access completed [3mrequest_id[0m[2m=[0m097b8831-fc01-4c34-a706-287ff2d90bf2 [3mroute[0m[2m=[0m"/sandboxes/{id}/public-ports" [3mmethod[0m[2m=[0m"GET" [3mprincipal[0m[2m=[0m"scoped" [3mkey_id[0m[2m=[0m"4e59c7044d1b381e" [3mallowed[0m[2m=[0mtrue [3mstatus[0m[2m=[0m200 [3melapsed_ms[0m[2m=[0m0.448574
[2m2026-10-04T02:41:34.570300Z[0m [32m INFO[0m [2mhv2_cluster::access[0m[2m:[0m control-plane access started [3mrequest_id[0m[2m=[0m570622cd-268f-4c97-a91d-601d55c11b67 [3mroute[0m[2m=[0m"/sandboxes/{id}/public-ports/{port}" [3mmethod[0m[2m=[0m"DELETE" [3mprincipal[0m[2m=[0m"scoped" [3mkey_id[0m[2m=[0m"4e59c7044d1b381e"
[2m2026-10-04T02:41:34.570728Z[0m [32m INFO[0m [2mhv2_cluster::access[0m[2m:[0m control-plane access completed [3mrequest_id[0m[2m=[0m570622cd-268f-4c97-a91d-601d55c11b67 [3mroute[0m[2m=[0m"/sandboxes/{id}/public-ports/{port}" [3mmethod[0m[2m=[0m"DELETE" [3mprincipal[0m[2m=[0m"scoped" [3mkey_id[0m[2m=[0m"4e59c7044d1b381e" [3mallowed[0m[2m=[0mtrue [3mstatus[0m[2m=[0m404 [3melapsed_ms[0m[2m=[0m0.45802
[2m2026-10-04T02:41:34.585164Z[0m [32m INFO[0m [2mhv2_cluster::access[0m[2m:[0m control-plane access started [3mrequest_id[0m[2m=[0m75d2748c-f620-45cf-9bbd-fa068c442e4d [3mroute[0m[2m=[0m"/sandboxes/{id}/public-ports/{port}" [3mmethod[0m[2m=[0m"PUT" [3mprincipal[0m[2m=[0m"scoped" [3mkey_id[0m[2m=[0m"4e59c7044d1b381e"
[2m2026-10-04T02:41:34.585592Z[0m [32m INFO[0m [2mhv2_cluster::access[0m[2m:[0m control-plane access completed [3mrequest_id[0m[2m=[0m75d2748c-f620-45cf-9bbd-fa068c442e4d [3mroute[0m[2m=[0m"/sandboxes/{id}/public-ports/{port}" [3mmethod[0m[2m=[0m"PUT" [3mprincipal[0m[2m=[0m"scoped" [3mkey_id[0m[2m=[0m"4e59c7044d1b381e" [3mallowed[0m[2m=[0mtrue [3mstatus[0m[2m=[0m202 [3melapsed_ms[0m[2m=[0m0.44764499999999996
[2m2026-10-04T02:41:34.627220Z[0m [32m INFO[0m [2mhv2_cluster::access[0m[2m:[0m control-plane access started [3mrequest_id[0m[2m=[0mc8d18aec-912f-46f4-9d37-9ac0add197f6 [3mroute[0m[2m=[0m"/sandboxes/{id}/public-ports/{port}" [3mmethod[0m[2m=[0m"PUT" [3mprincipal[0m[2m=[0m"scoped" [3mkey_id[0m[2m=[0m"4e59c7044d1b381e"
[2m2026-10-04T02:41:34.627739Z[0m [32m INFO[0m [2mhv2_cluster::access[0m[2m:[0m control-plane access completed [3mrequest_id[0m[2m=[0mc8d18aec-912f-46f4-9d37-9ac0add197f6 [3mroute[0m[2m=[0m"/sandboxes/{id}/public-ports/{port}" [3mmethod[0m[2m=[0m"PUT" [3mprincipal[0m[2m=[0m"scoped" [3mkey_id[0m[2m=[0m"4e59c7044d1b381e" [3mallowed[0m[2m=[0mtrue [3mstatus[0m[2m=[0m202 [3melapsed_ms[0m[2m=[0m0.537528
[2m2026-10-04T02:41:34.658329Z[0m [32m INFO[0m [2mhv2_cluster::access[0m[2m:[0m control-plane access started [3mrequest_id[0m[2m=[0maf07f385-23ae-412c-adc0-04c92056788d [3mroute[0m[2m=[0m"/sandboxes/{id}/ports/{port}/udp" [3mmethod[0m[2m=[0m"GET" [3mprincipal[0m[2m=[0m"scoped" [3mkey_id[0m[2m=[0m"4e59c7044d1b381e"
[2m2026-10-04T02:41:34.661560Z[0m [32m INFO[0m [2mhv2_cluster::access[0m[2m:[0m control-plane access completed [3mrequest_id[0m[2m=[0maf07f385-23ae-412c-adc0-04c92056788d [3mroute[0m[2m=[0m"/sandboxes/{id}/ports/{port}/udp" [3mmethod[0m[2m=[0m"GET" [3mprincipal[0m[2m=[0m"scoped" [3mkey_id[0m[2m=[0m"4e59c7044d1b381e" [3mallowed[0m[2m=[0mtrue [3mstatus[0m[2m=[0m101 [3melapsed_ms[0m[2m=[0m3.243664
[2m2026-10-04T02:41:34.665943Z[0m [32m INFO[0m [2mhv2_cluster::access[0m[2m:[0m control-plane access started [3mrequest_id[0m[2m=[0mefaba760-d9d3-4b47-a04b-4fc07a33a3ce [3mroute[0m[2m=[0m"/sandboxes/{id}/pause" [3mmethod[0m[2m=[0m"POST" [3mprincipal[0m[2m=[0m"scoped" [3mkey_id[0m[2m=[0m"4e59c7044d1b381e"
[2m2026-10-04T02:41:34.667080Z[0m [32m INFO[0m [2mhv2_core::vm[0m[2m:[0m VM 'sbx-697b3136c6dc4854b8e1' paused
[2m2026-10-04T02:41:34.685107Z[0m [32m INFO[0m [2mhv2_core::vm[0m[2m:[0m VM 'sbx-697b3136c6dc4854b8e1' snapshotted to /tmp/hm-udp-kvm-w9to_ow2/snapshots/paused/sbx-697b3136c6dc4854b8e1.snap
[2m2026-10-04T02:41:34.685239Z[0m [32m INFO[0m [2mhv2_core::vm[0m[2m:[0m vCPU 0 task exited (exits=117464)
[2m2026-10-04T02:41:34.685346Z[0m [32m INFO[0m [2mhv2_core::vm[0m[2m:[0m VM parallel execution completed for 'sbx-697b3136c6dc4854b8e1'
[2m2026-10-04T02:41:34.685357Z[0m [32m INFO[0m [2mhv2_core::vm[0m[2m:[0m VM 'sbx-697b3136c6dc4854b8e1' stopped
[2m2026-10-04T02:41:34.732082Z[0m [32m INFO[0m [2mhv2_cluster::access[0m[2m:[0m control-plane access completed [3mrequest_id[0m[2m=[0mefaba760-d9d3-4b47-a04b-4fc07a33a3ce [3mroute[0m[2m=[0m"/sandboxes/{id}/pause" [3mmethod[0m[2m=[0m"POST" [3mprincipal[0m[2m=[0m"scoped" [3mkey_id[0m[2m=[0m"4e59c7044d1b381e" [3mallowed[0m[2m=[0mtrue [3mstatus[0m[2m=[0m204 [3melapsed_ms[0m[2m=[0m66.167532
[2m2026-10-04T02:41:35.677866Z[0m [32m INFO[0m [2mhv2_cluster::access[0m[2m:[0m control-plane access started [3mrequest_id[0m[2m=[0m5e2a9f76-8375-4c2f-9875-023832684434 [3mroute[0m[2m=[0m"/sandboxes/{id}/resume" [3mmethod[0m[2m=[0m"POST" [3mprincipal[0m[2m=[0m"scoped" [3mkey_id[0m[2m=[0m"4e59c7044d1b381e"
[2m2026-10-04T02:41:35.678961Z[0m [32m INFO[0m [2mhv2_core::hypervisor[0m[2m:[0m Detected hypervisor platform: Kvm
[2m2026-10-04T02:41:35.679367Z[0m [32m INFO[0m [2mhv2_core::vm[0m[2m:[0m VM 'sbx-697b3136c6dc4854b8e1': vsock device attached at 0xd0000000 (guest CID 100, IRQ 5)
[2m2026-10-04T02:41:35.679377Z[0m [32m INFO[0m [2mhv2_core::devices::serial[0m[2m:[0m Initializing serial device 'COM1' at 0x3F8
[2m2026-10-04T02:41:35.681124Z[0m [32m INFO[0m [2mhv2_core::vm[0m[2m:[0m Provisioned VM 'sbx-697b3136c6dc4854b8e1' on the Kvm backend (1 vCPUs, 1024 MiB)
[2m2026-10-04T02:41:35.693090Z[0m [32m INFO[0m [2mhv2_core::vm[0m[2m:[0m VM 'sbx-697b3136c6dc4854b8e1' restored from /tmp/hm-udp-kvm-w9to_ow2/snapshots/paused/sbx-697b3136c6dc4854b8e1.snap
[2m2026-10-04T02:41:35.693147Z[0m [32m INFO[0m [2mhv2_core::vm[0m[2m:[0m Starting VM 'sbx-697b3136c6dc4854b8e1' with 1 vCPUs and 1 GB memory (parallel=true)
[2m2026-10-04T02:41:35.693327Z[0m [32m INFO[0m [2mhv2_core::vm[0m[2m:[0m Starting VM execution for 'sbx-697b3136c6dc4854b8e1' with 1 vCPUs
[2m2026-10-04T02:41:35.693334Z[0m [32m INFO[0m [2mhv2_core::vm[0m[2m:[0m Starting parallel execution with 1 vCPU tasks
[2m2026-10-04T02:41:35.693546Z[0m [32m INFO[0m [2mhv2_core::vm[0m[2m:[0m vCPU 0 task started
[2m2026-10-04T02:41:35.709558Z[0m [32m INFO[0m [2mhv2_cluster::access[0m[2m:[0m control-plane access completed [3mrequest_id[0m[2m=[0m5e2a9f76-8375-4c2f-9875-023832684434 [3mroute[0m[2m=[0m"/sandboxes/{id}/resume" [3mmethod[0m[2m=[0m"POST" [3mprincipal[0m[2m=[0m"scoped" [3mkey_id[0m[2m=[0m"4e59c7044d1b381e" [3mallowed[0m[2m=[0mtrue [3mstatus[0m[2m=[0m201 [3melapsed_ms[0m[2m=[0m31.698393
[2m2026-10-04T02:41:35.711838Z[0m [32m INFO[0m [2mhv2_cluster::access[0m[2m:[0m control-plane access started [3mrequest_id[0m[2m=[0m1bca7143-0e9a-46ac-a427-379155e3c8aa [3mroute[0m[2m=[0m"/sandboxes/{id}/ports/{port}/udp" [3mmethod[0m[2m=[0m"GET" [3mprincipal[0m[2m=[0m"scoped" [3mkey_id[0m[2m=[0m"4e59c7044d1b381e"
[2m2026-10-04T02:41:35.714964Z[0m [32m INFO[0m [2mhv2_cluster::access[0m[2m:[0m control-plane access completed [3mrequest_id[0m[2m=[0m1bca7143-0e9a-46ac-a427-379155e3c8aa [3mroute[0m[2m=[0m"/sandboxes/{id}/ports/{port}/udp" [3mmethod[0m[2m=[0m"GET" [3mprincipal[0m[2m=[0m"scoped" [3mkey_id[0m[2m=[0m"4e59c7044d1b381e" [3mallowed[0m[2m=[0mtrue [3mstatus[0m[2m=[0m101 [3melapsed_ms[0m[2m=[0m3.1369879999999997
[2m2026-10-04T02:41:35.737504Z[0m [32m INFO[0m [2mhv2_cluster::access[0m[2m:[0m control-plane access started [3mrequest_id[0m[2m=[0m7b3973d2-b51a-4230-a705-1a4cb722b696 [3mroute[0m[2m=[0m"/sandboxes/{id}" [3mmethod[0m[2m=[0m"DELETE" [3mprincipal[0m[2m=[0m"scoped" [3mkey_id[0m[2m=[0m"4e59c7044d1b381e"
[2m2026-10-04T02:41:35.738484Z[0m [32m INFO[0m [2mhv2_core::vm[0m[2m:[0m vCPU 0 task exited (exits=85)
[2m2026-10-04T02:41:35.738593Z[0m [32m INFO[0m [2mhv2_core::vm[0m[2m:[0m VM parallel execution completed for 'sbx-697b3136c6dc4854b8e1'
[2m2026-10-04T02:41:35.738606Z[0m [32m INFO[0m [2mhv2_core::vm[0m[2m:[0m VM 'sbx-697b3136c6dc4854b8e1' stopped
[2m2026-10-04T02:41:35.787564Z[0m [32m INFO[0m [2mhv2_cluster::access[0m[2m:[0m control-plane access completed [3mrequest_id[0m[2m=[0m7b3973d2-b51a-4230-a705-1a4cb722b696 [3mroute[0m[2m=[0m"/sandboxes/{id}" [3mmethod[0m[2m=[0m"DELETE" [3mprincipal[0m[2m=[0m"scoped" [3mkey_id[0m[2m=[0m"4e59c7044d1b381e" [3mallowed[0m[2m=[0mtrue [3mstatus[0m[2m=[0m204 [3melapsed_ms[0m[2m=[0m50.094755
[2m2026-10-04T02:41:36.738367Z[0m [32m INFO[0m [2mhv2_cluster::access[0m[2m:[0m control-plane access started [3mrequest_id[0m[2m=[0m72ee7d9e-1b17-4ec2-a6f7-30fd3e8e5822 [3mroute[0m[2m=[0m"/sandboxes" [3mmethod[0m[2m=[0m"GET" [3mprincipal[0m[2m=[0m"scoped" [3mkey_id[0m[2m=[0m"4e59c7044d1b381e"
[2m2026-10-04T02:41:36.738647Z[0m [32m INFO[0m [2mhv2_cluster::access[0m[2m:[0m control-plane access completed [3mrequest_id[0m[2m=[0m72ee7d9e-1b17-4ec2-a6f7-30fd3e8e5822 [3mroute[0m[2m=[0m"/sandboxes" [3mmethod[0m[2m=[0m"GET" [3mprincipal[0m[2m=[0m"scoped" [3mkey_id[0m[2m=[0m"4e59c7044d1b381e" [3mallowed[0m[2m=[0mtrue [3mstatus[0m[2m=[0m200 [3melapsed_ms[0m[2m=[0m0.301054
[2m2026-10-04T02:41:36.751494Z[0m [32m INFO[0m [2mhv2_api::tls[0m[2m:[0m TLS server shutting down
5201:signal-handler (1791081696) Received SIGTERM scheduling shutdown...
5201:M 03 Oct 2026 19:41:36.781 * User requested shutdown...
5201:M 03 Oct 2026 19:41:36.781 # Redis is now ready to exit, bye bye...
