8845:C 03 Oct 2026 19:42:25.397 # WARNING Memory overcommit must be enabled! Without it, a background save or replication may fail under low memory condition. Being disabled, it can also cause failures without low memory condition, see https://github.com/jemalloc/jemalloc/issues/1328. To fix this issue add 'vm.overcommit_memory = 1' to /etc/sysctl.conf and then reboot or run the command 'sysctl vm.overcommit_memory=1' for this to take effect.
8845:C 03 Oct 2026 19:42:25.397 * oO0OoO0OoO0Oo Redis is starting oO0OoO0OoO0Oo
8845:C 03 Oct 2026 19:42:25.397 * Redis version=8.0.2, bits=64, commit=00000000, modified=0, pid=8845, just started
8845:C 03 Oct 2026 19:42:25.397 * Configuration loaded
8845:M 03 Oct 2026 19:42:25.397 * monotonic clock: POSIX clock_gettime
8845:M 03 Oct 2026 19:42:25.398 * Running mode=standalone, port=56863.
8845:M 03 Oct 2026 19:42:25.399 * Server initialized
8845:M 03 Oct 2026 19:42:25.399 * Ready to accept connections tcp
[2m2026-10-04T02:42:25.421844Z[0m [32m INFO[0m [2mhv2_api::sandbox_proxy[0m[2m:[0m sandbox proxy listening on 0.0.0.0:51525
hv2-control-plane: E2B API on 0.0.0.0:57525, envd proxy on 0.0.0.0:51525, store redis://127.0.0.1:56863
[2m2026-10-04T02:42:25.437652Z[0m [32m INFO[0m [2mhv2_core::hypervisor[0m[2m:[0m Detected hypervisor platform: Kvm
[2m2026-10-04T02:42:25.438634Z[0m [32m INFO[0m [2mhv2_core::vm[0m[2m:[0m VM 'template': vsock device attached at 0xd0000000 (guest CID 100, IRQ 5)
[2m2026-10-04T02:42:25.438704Z[0m [32m INFO[0m [2mhv2_core::devices::serial[0m[2m:[0m Initializing serial device 'COM1' at 0x3F8
[2m2026-10-04T02:42:25.454638Z[0m [32m INFO[0m [2mhv2_core::vm[0m[2m:[0m Provisioned VM 'template' on the Kvm backend (1 vCPUs, 1024 MiB)
[2m2026-10-04T02:42:25.462836Z[0m [32m INFO[0m [2mhv2_core::backends::kvm[0m[2m:[0m KVM: Linux kernel loaded at 0x100000, boot_params at 0x90000
[2m2026-10-04T02:42:25.462877Z[0m [32m INFO[0m [2mhv2_core::vm[0m[2m:[0m VM 'template': loaded linux boot image (15501289 bytes), entry 0x100000
[2m2026-10-04T02:42:25.462883Z[0m [32m INFO[0m [2mhv2_core::vm[0m[2m:[0m Starting VM 'template' with 1 vCPUs and 1 GB memory (parallel=true)
[2m2026-10-04T02:42:25.463169Z[0m [32m INFO[0m [2mhv2_core::vm[0m[2m:[0m Starting VM execution for 'template' with 1 vCPUs
[2m2026-10-04T02:42:25.463183Z[0m [32m INFO[0m [2mhv2_core::vm[0m[2m:[0m Starting parallel execution with 1 vCPU tasks
[2m2026-10-04T02:42:25.463495Z[0m [32m INFO[0m [2mhv2_core::vm[0m[2m:[0m vCPU 0 task started
[2m2026-10-04T02:42:25.471017Z[0m [32m INFO[0m [2mhv2_cluster::access[0m[2m:[0m control-plane access started [3mrequest_id[0m[2m=[0m3c2ffe78-3fad-4d03-92f9-10443ac0caee [3mroute[0m[2m=[0m"/sandboxes" [3mmethod[0m[2m=[0m"GET" [3mprincipal[0m[2m=[0m"scoped" [3mkey_id[0m[2m=[0m"ac684f7688355abf"
[2m2026-10-04T02:42:25.471533Z[0m [32m INFO[0m [2mhv2_cluster::access[0m[2m:[0m control-plane access completed [3mrequest_id[0m[2m=[0m3c2ffe78-3fad-4d03-92f9-10443ac0caee [3mroute[0m[2m=[0m"/sandboxes" [3mmethod[0m[2m=[0m"GET" [3mprincipal[0m[2m=[0m"scoped" [3mkey_id[0m[2m=[0m"ac684f7688355abf" [3mallowed[0m[2m=[0mtrue [3mstatus[0m[2m=[0m200 [3melapsed_ms[0m[2m=[0m0.5561389999999999
[2m2026-10-04T02:42:25.473935Z[0m [32m INFO[0m [2mhv2_cluster::access[0m[2m:[0m control-plane access started [3mrequest_id[0m[2m=[0m30650c28-cdcc-4049-b166-7fed46a2fdee [3mroute[0m[2m=[0m"/templates" [3mmethod[0m[2m=[0m"GET" [3mprincipal[0m[2m=[0m"scoped" [3mkey_id[0m[2m=[0m"ac684f7688355abf"
[2m2026-10-04T02:42:25.474183Z[0m [32m INFO[0m [2mhv2_cluster::access[0m[2m:[0m control-plane access completed [3mrequest_id[0m[2m=[0m30650c28-cdcc-4049-b166-7fed46a2fdee [3mroute[0m[2m=[0m"/templates" [3mmethod[0m[2m=[0m"GET" [3mprincipal[0m[2m=[0m"scoped" [3mkey_id[0m[2m=[0m"ac684f7688355abf" [3mallowed[0m[2m=[0mtrue [3mstatus[0m[2m=[0m200 [3melapsed_ms[0m[2m=[0m0.26348499999999997
[2m2026-10-04T02:42:25.526476Z[0m [32m INFO[0m [2mhv2_cluster::access[0m[2m:[0m control-plane access started [3mrequest_id[0m[2m=[0md98599d9-e363-4ceb-9710-e11c1991c178 [3mroute[0m[2m=[0m"/sandboxes" [3mmethod[0m[2m=[0m"GET" [3mprincipal[0m[2m=[0m"scoped" [3mkey_id[0m[2m=[0m"ac684f7688355abf"
[2m2026-10-04T02:42:25.526749Z[0m [32m INFO[0m [2mhv2_cluster::access[0m[2m:[0m control-plane access completed [3mrequest_id[0m[2m=[0md98599d9-e363-4ceb-9710-e11c1991c178 [3mroute[0m[2m=[0m"/sandboxes" [3mmethod[0m[2m=[0m"GET" [3mprincipal[0m[2m=[0m"scoped" [3mkey_id[0m[2m=[0m"ac684f7688355abf" [3mallowed[0m[2m=[0mtrue [3mstatus[0m[2m=[0m200 [3melapsed_ms[0m[2m=[0m0.287725
[2m2026-10-04T02:42:25.528416Z[0m [32m INFO[0m [2mhv2_cluster::access[0m[2m:[0m control-plane access started [3mrequest_id[0m[2m=[0mca8a11aa-d2fe-4d97-b8d6-5c20f2ea28fb [3mroute[0m[2m=[0m"/templates" [3mmethod[0m[2m=[0m"GET" [3mprincipal[0m[2m=[0m"scoped" [3mkey_id[0m[2m=[0m"ac684f7688355abf"
[2m2026-10-04T02:42:25.528624Z[0m [32m INFO[0m [2mhv2_cluster::access[0m[2m:[0m control-plane access completed [3mrequest_id[0m[2m=[0mca8a11aa-d2fe-4d97-b8d6-5c20f2ea28fb [3mroute[0m[2m=[0m"/templates" [3mmethod[0m[2m=[0m"GET" [3mprincipal[0m[2m=[0m"scoped" [3mkey_id[0m[2m=[0m"ac684f7688355abf" [3mallowed[0m[2m=[0mtrue [3mstatus[0m[2m=[0m200 [3melapsed_ms[0m[2m=[0m0.217838
[2m2026-10-04T02:42:25.582874Z[0m [32m INFO[0m [2mhv2_cluster::access[0m[2m:[0m control-plane access started [3mrequest_id[0m[2m=[0mfc412731-d957-4895-ac63-8c73e3f3d26f [3mroute[0m[2m=[0m"/sandboxes" [3mmethod[0m[2m=[0m"GET" [3mprincipal[0m[2m=[0m"scoped" [3mkey_id[0m[2m=[0m"ac684f7688355abf"
[2m2026-10-04T02:42:25.583235Z[0m [32m INFO[0m [2mhv2_cluster::access[0m[2m:[0m control-plane access completed [3mrequest_id[0m[2m=[0mfc412731-d957-4895-ac63-8c73e3f3d26f [3mroute[0m[2m=[0m"/sandboxes" [3mmethod[0m[2m=[0m"GET" [3mprincipal[0m[2m=[0m"scoped" [3mkey_id[0m[2m=[0m"ac684f7688355abf" [3mallowed[0m[2m=[0mtrue [3mstatus[0m[2m=[0m200 [3melapsed_ms[0m[2m=[0m0.38337899999999997
[2m2026-10-04T02:42:25.585438Z[0m [32m INFO[0m [2mhv2_cluster::access[0m[2m:[0m control-plane access started [3mrequest_id[0m[2m=[0mf0949f1f-3778-4518-bf9d-7b63e984b63f [3mroute[0m[2m=[0m"/templates" [3mmethod[0m[2m=[0m"GET" [3mprincipal[0m[2m=[0m"scoped" [3mkey_id[0m[2m=[0m"ac684f7688355abf"
[2m2026-10-04T02:42:25.585697Z[0m [32m INFO[0m [2mhv2_cluster::access[0m[2m:[0m control-plane access completed [3mrequest_id[0m[2m=[0mf0949f1f-3778-4518-bf9d-7b63e984b63f [3mroute[0m[2m=[0m"/templates" [3mmethod[0m[2m=[0m"GET" [3mprincipal[0m[2m=[0m"scoped" [3mkey_id[0m[2m=[0m"ac684f7688355abf" [3mallowed[0m[2m=[0mtrue [3mstatus[0m[2m=[0m200 [3melapsed_ms[0m[2m=[0m0.26750599999999997
[2m2026-10-04T02:42:25.638000Z[0m [32m INFO[0m [2mhv2_cluster::access[0m[2m:[0m control-plane access started [3mrequest_id[0m[2m=[0m58e61215-7a48-4978-8c27-96a014c2ca3c [3mroute[0m[2m=[0m"/sandboxes" [3mmethod[0m[2m=[0m"GET" [3mprincipal[0m[2m=[0m"scoped" [3mkey_id[0m[2m=[0m"ac684f7688355abf"
[2m2026-10-04T02:42:25.638296Z[0m [32m INFO[0m [2mhv2_cluster::access[0m[2m:[0m control-plane access completed [3mrequest_id[0m[2m=[0m58e61215-7a48-4978-8c27-96a014c2ca3c [3mroute[0m[2m=[0m"/sandboxes" [3mmethod[0m[2m=[0m"GET" [3mprincipal[0m[2m=[0m"scoped" [3mkey_id[0m[2m=[0m"ac684f7688355abf" [3mallowed[0m[2m=[0mtrue [3mstatus[0m[2m=[0m200 [3melapsed_ms[0m[2m=[0m0.313448
[2m2026-10-04T02:42:25.639589Z[0m [32m INFO[0m [2mhv2_cluster::access[0m[2m:[0m control-plane access started [3mrequest_id[0m[2m=[0m5a6b5bd1-9eb5-4012-87fe-ec032b7e1a94 [3mroute[0m[2m=[0m"/templates" [3mmethod[0m[2m=[0m"GET" [3mprincipal[0m[2m=[0m"scoped" [3mkey_id[0m[2m=[0m"ac684f7688355abf"
[2m2026-10-04T02:42:25.639727Z[0m [32m INFO[0m [2mhv2_cluster::access[0m[2m:[0m control-plane access completed [3mrequest_id[0m[2m=[0m5a6b5bd1-9eb5-4012-87fe-ec032b7e1a94 [3mroute[0m[2m=[0m"/templates" [3mmethod[0m[2m=[0m"GET" [3mprincipal[0m[2m=[0m"scoped" [3mkey_id[0m[2m=[0m"ac684f7688355abf" [3mallowed[0m[2m=[0mtrue [3mstatus[0m[2m=[0m200 [3melapsed_ms[0m[2m=[0m0.146505
[2m2026-10-04T02:42:25.692046Z[0m [32m INFO[0m [2mhv2_cluster::access[0m[2m:[0m control-plane access started [3mrequest_id[0m[2m=[0md20318a9-e5d6-4f18-a5ea-c1ba962ed1cf [3mroute[0m[2m=[0m"/sandboxes" [3mmethod[0m[2m=[0m"GET" [3mprincipal[0m[2m=[0m"scoped" [3mkey_id[0m[2m=[0m"ac684f7688355abf"
[2m2026-10-04T02:42:25.692342Z[0m [32m INFO[0m [2mhv2_cluster::access[0m[2m:[0m control-plane access completed [3mrequest_id[0m[2m=[0md20318a9-e5d6-4f18-a5ea-c1ba962ed1cf [3mroute[0m[2m=[0m"/sandboxes" [3mmethod[0m[2m=[0m"GET" [3mprincipal[0m[2m=[0m"scoped" [3mkey_id[0m[2m=[0m"ac684f7688355abf" [3mallowed[0m[2m=[0mtrue [3mstatus[0m[2m=[0m200 [3melapsed_ms[0m[2m=[0m0.310402
[2m2026-10-04T02:42:25.694038Z[0m [32m INFO[0m [2mhv2_cluster::access[0m[2m:[0m control-plane access started [3mrequest_id[0m[2m=[0m6b99468a-4d1b-4863-9108-4fb9dcf7b852 [3mroute[0m[2m=[0m"/templates" [3mmethod[0m[2m=[0m"GET" [3mprincipal[0m[2m=[0m"scoped" [3mkey_id[0m[2m=[0m"ac684f7688355abf"
[2m2026-10-04T02:42:25.694236Z[0m [32m INFO[0m [2mhv2_cluster::access[0m[2m:[0m control-plane access completed [3mrequest_id[0m[2m=[0m6b99468a-4d1b-4863-9108-4fb9dcf7b852 [3mroute[0m[2m=[0m"/templates" [3mmethod[0m[2m=[0m"GET" [3mprincipal[0m[2m=[0m"scoped" [3mkey_id[0m[2m=[0m"ac684f7688355abf" [3mallowed[0m[2m=[0mtrue [3mstatus[0m[2m=[0m200 [3melapsed_ms[0m[2m=[0m0.205676
[2m2026-10-04T02:42:25.746270Z[0m [32m INFO[0m [2mhv2_cluster::access[0m[2m:[0m control-plane access started [3mrequest_id[0m[2m=[0m895215f9-eee6-4c16-841a-24652e49c8a4 [3mroute[0m[2m=[0m"/sandboxes" [3mmethod[0m[2m=[0m"GET" [3mprincipal[0m[2m=[0m"scoped" [3mkey_id[0m[2m=[0m"ac684f7688355abf"
[2m2026-10-04T02:42:25.746500Z[0m [32m INFO[0m [2mhv2_cluster::access[0m[2m:[0m control-plane access completed [3mrequest_id[0m[2m=[0m895215f9-eee6-4c16-841a-24652e49c8a4 [3mroute[0m[2m=[0m"/sandboxes" [3mmethod[0m[2m=[0m"GET" [3mprincipal[0m[2m=[0m"scoped" [3mkey_id[0m[2m=[0m"ac684f7688355abf" [3mallowed[0m[2m=[0mtrue [3mstatus[0m[2m=[0m200 [3melapsed_ms[0m[2m=[0m0.242765
[2m2026-10-04T02:42:25.747722Z[0m [32m INFO[0m [2mhv2_cluster::access[0m[2m:[0m control-plane access started [3mrequest_id[0m[2m=[0m5804cece-8cf9-48d0-97c3-f114ee9ea0a1 [3mroute[0m[2m=[0m"/templates" [3mmethod[0m[2m=[0m"GET" [3mprincipal[0m[2m=[0m"scoped" [3mkey_id[0m[2m=[0m"ac684f7688355abf"
[2m2026-10-04T02:42:25.747848Z[0m [32m INFO[0m [2mhv2_cluster::access[0m[2m:[0m control-plane access completed [3mrequest_id[0m[2m=[0m5804cece-8cf9-48d0-97c3-f114ee9ea0a1 [3mroute[0m[2m=[0m"/templates" [3mmethod[0m[2m=[0m"GET" [3mprincipal[0m[2m=[0m"scoped" [3mkey_id[0m[2m=[0m"ac684f7688355abf" [3mallowed[0m[2m=[0mtrue [3mstatus[0m[2m=[0m200 [3melapsed_ms[0m[2m=[0m0.134983
[2m2026-10-04T02:42:25.801140Z[0m [32m INFO[0m [2mhv2_cluster::access[0m[2m:[0m control-plane access started [3mrequest_id[0m[2m=[0mec4b65bc-31d0-4535-977c-3c657920b2ee [3mroute[0m[2m=[0m"/sandboxes" [3mmethod[0m[2m=[0m"GET" [3mprincipal[0m[2m=[0m"scoped" [3mkey_id[0m[2m=[0m"ac684f7688355abf"
[2m2026-10-04T02:42:25.801458Z[0m [32m INFO[0m [2mhv2_cluster::access[0m[2m:[0m control-plane access completed [3mrequest_id[0m[2m=[0mec4b65bc-31d0-4535-977c-3c657920b2ee [3mroute[0m[2m=[0m"/sandboxes" [3mmethod[0m[2m=[0m"GET" [3mprincipal[0m[2m=[0m"scoped" [3mkey_id[0m[2m=[0m"ac684f7688355abf" [3mallowed[0m[2m=[0mtrue [3mstatus[0m[2m=[0m200 [3melapsed_ms[0m[2m=[0m0.34755199999999997
[2m2026-10-04T02:42:25.803635Z[0m [32m INFO[0m [2mhv2_cluster::access[0m[2m:[0m control-plane access started [3mrequest_id[0m[2m=[0ma067c419-ac06-4783-9138-f94d633355c4 [3mroute[0m[2m=[0m"/templates" [3mmethod[0m[2m=[0m"GET" [3mprincipal[0m[2m=[0m"scoped" [3mkey_id[0m[2m=[0m"ac684f7688355abf"
[2m2026-10-04T02:42:25.803822Z[0m [32m INFO[0m [2mhv2_cluster::access[0m[2m:[0m control-plane access completed [3mrequest_id[0m[2m=[0ma067c419-ac06-4783-9138-f94d633355c4 [3mroute[0m[2m=[0m"/templates" [3mmethod[0m[2m=[0m"GET" [3mprincipal[0m[2m=[0m"scoped" [3mkey_id[0m[2m=[0m"ac684f7688355abf" [3mallowed[0m[2m=[0mtrue [3mstatus[0m[2m=[0m200 [3melapsed_ms[0m[2m=[0m0.19800199999999998
[2m2026-10-04T02:42:25.856058Z[0m [32m INFO[0m [2mhv2_cluster::access[0m[2m:[0m control-plane access started [3mrequest_id[0m[2m=[0mc75df901-cef8-4885-8776-a2c55aa248df [3mroute[0m[2m=[0m"/sandboxes" [3mmethod[0m[2m=[0m"GET" [3mprincipal[0m[2m=[0m"scoped" [3mkey_id[0m[2m=[0m"ac684f7688355abf"
[2m2026-10-04T02:42:25.856311Z[0m [32m INFO[0m [2mhv2_cluster::access[0m[2m:[0m control-plane access completed [3mrequest_id[0m[2m=[0mc75df901-cef8-4885-8776-a2c55aa248df [3mroute[0m[2m=[0m"/sandboxes" [3mmethod[0m[2m=[0m"GET" [3mprincipal[0m[2m=[0m"scoped" [3mkey_id[0m[2m=[0m"ac684f7688355abf" [3mallowed[0m[2m=[0mtrue [3mstatus[0m[2m=[0m200 [3melapsed_ms[0m[2m=[0m0.268965
[2m2026-10-04T02:42:25.857603Z[0m [32m INFO[0m [2mhv2_cluster::access[0m[2m:[0m control-plane access started [3mrequest_id[0m[2m=[0m73f1546e-d99c-4c11-9389-a8c92ed269d0 [3mroute[0m[2m=[0m"/templates" [3mmethod[0m[2m=[0m"GET" [3mprincipal[0m[2m=[0m"scoped" [3mkey_id[0m[2m=[0m"ac684f7688355abf"
[2m2026-10-04T02:42:25.857739Z[0m [32m INFO[0m [2mhv2_cluster::access[0m[2m:[0m control-plane access completed [3mrequest_id[0m[2m=[0m73f1546e-d99c-4c11-9389-a8c92ed269d0 [3mroute[0m[2m=[0m"/templates" [3mmethod[0m[2m=[0m"GET" [3mprincipal[0m[2m=[0m"scoped" [3mkey_id[0m[2m=[0m"ac684f7688355abf" [3mallowed[0m[2m=[0mtrue [3mstatus[0m[2m=[0m200 [3melapsed_ms[0m[2m=[0m0.145233
[2m2026-10-04T02:42:25.897570Z[0m [32m INFO[0m [2mhv2_core::vm[0m[2m:[0m VM 'template' paused
[2m2026-10-04T02:42:25.913839Z[0m [32m INFO[0m [2mhv2_cluster::access[0m[2m:[0m control-plane access started [3mrequest_id[0m[2m=[0m0621ae01-6dfb-4c29-8309-f5915e9f9cfe [3mroute[0m[2m=[0m"/sandboxes" [3mmethod[0m[2m=[0m"GET" [3mprincipal[0m[2m=[0m"scoped" [3mkey_id[0m[2m=[0m"ac684f7688355abf"
[2m2026-10-04T02:42:25.914365Z[0m [32m INFO[0m [2mhv2_cluster::access[0m[2m:[0m control-plane access completed [3mrequest_id[0m[2m=[0m0621ae01-6dfb-4c29-8309-f5915e9f9cfe [3mroute[0m[2m=[0m"/sandboxes" [3mmethod[0m[2m=[0m"GET" [3mprincipal[0m[2m=[0m"scoped" [3mkey_id[0m[2m=[0m"ac684f7688355abf" [3mallowed[0m[2m=[0mtrue [3mstatus[0m[2m=[0m200 [3melapsed_ms[0m[2m=[0m0.557125
[2m2026-10-04T02:42:25.916728Z[0m [32m INFO[0m [2mhv2_cluster::access[0m[2m:[0m control-plane access started [3mrequest_id[0m[2m=[0mcdd24f75-fd13-42ed-84fe-2ee24b41f726 [3mroute[0m[2m=[0m"/templates" [3mmethod[0m[2m=[0m"GET" [3mprincipal[0m[2m=[0m"scoped" [3mkey_id[0m[2m=[0m"ac684f7688355abf"
[2m2026-10-04T02:42:25.916947Z[0m [32m INFO[0m [2mhv2_cluster::access[0m[2m:[0m control-plane access completed [3mrequest_id[0m[2m=[0mcdd24f75-fd13-42ed-84fe-2ee24b41f726 [3mroute[0m[2m=[0m"/templates" [3mmethod[0m[2m=[0m"GET" [3mprincipal[0m[2m=[0m"scoped" [3mkey_id[0m[2m=[0m"ac684f7688355abf" [3mallowed[0m[2m=[0mtrue [3mstatus[0m[2m=[0m200 [3melapsed_ms[0m[2m=[0m0.241823
[2m2026-10-04T02:42:25.969266Z[0m [32m INFO[0m [2mhv2_cluster::access[0m[2m:[0m control-plane access started [3mrequest_id[0m[2m=[0m451652d0-be43-4b35-8c96-ac63ff5edfab [3mroute[0m[2m=[0m"/sandboxes" [3mmethod[0m[2m=[0m"GET" [3mprincipal[0m[2m=[0m"scoped" [3mkey_id[0m[2m=[0m"ac684f7688355abf"
[2m2026-10-04T02:42:25.969526Z[0m [32m INFO[0m [2mhv2_cluster::access[0m[2m:[0m control-plane access completed [3mrequest_id[0m[2m=[0m451652d0-be43-4b35-8c96-ac63ff5edfab [3mroute[0m[2m=[0m"/sandboxes" [3mmethod[0m[2m=[0m"GET" [3mprincipal[0m[2m=[0m"scoped" [3mkey_id[0m[2m=[0m"ac684f7688355abf" [3mallowed[0m[2m=[0mtrue [3mstatus[0m[2m=[0m200 [3melapsed_ms[0m[2m=[0m0.278282
[2m2026-10-04T02:42:25.970888Z[0m [32m INFO[0m [2mhv2_cluster::access[0m[2m:[0m control-plane access started [3mrequest_id[0m[2m=[0mc5970e78-2552-42bd-a5f0-d96ddcefb8ae [3mroute[0m[2m=[0m"/templates" [3mmethod[0m[2m=[0m"GET" [3mprincipal[0m[2m=[0m"scoped" [3mkey_id[0m[2m=[0m"ac684f7688355abf"
[2m2026-10-04T02:42:25.971034Z[0m [32m INFO[0m [2mhv2_cluster::access[0m[2m:[0m control-plane access completed [3mrequest_id[0m[2m=[0mc5970e78-2552-42bd-a5f0-d96ddcefb8ae [3mroute[0m[2m=[0m"/templates" [3mmethod[0m[2m=[0m"GET" [3mprincipal[0m[2m=[0m"scoped" [3mkey_id[0m[2m=[0m"ac684f7688355abf" [3mallowed[0m[2m=[0mtrue [3mstatus[0m[2m=[0m200 [3melapsed_ms[0m[2m=[0m0.154129
[2m2026-10-04T02:42:26.023674Z[0m [32m INFO[0m [2mhv2_cluster::access[0m[2m:[0m control-plane access started [3mrequest_id[0m[2m=[0m72ce519c-acfe-4c92-a864-a95cd8cb7282 [3mroute[0m[2m=[0m"/sandboxes" [3mmethod[0m[2m=[0m"GET" [3mprincipal[0m[2m=[0m"scoped" [3mkey_id[0m[2m=[0m"ac684f7688355abf"
[2m2026-10-04T02:42:26.023925Z[0m [32m INFO[0m [2mhv2_cluster::access[0m[2m:[0m control-plane access completed [3mrequest_id[0m[2m=[0m72ce519c-acfe-4c92-a864-a95cd8cb7282 [3mroute[0m[2m=[0m"/sandboxes" [3mmethod[0m[2m=[0m"GET" [3mprincipal[0m[2m=[0m"scoped" [3mkey_id[0m[2m=[0m"ac684f7688355abf" [3mallowed[0m[2m=[0mtrue [3mstatus[0m[2m=[0m200 [3melapsed_ms[0m[2m=[0m0.26663000000000003
[2m2026-10-04T02:42:26.025639Z[0m [32m INFO[0m [2mhv2_cluster::access[0m[2m:[0m control-plane access started [3mrequest_id[0m[2m=[0m95ee590e-02c4-42d0-987e-99aa3efeef78 [3mroute[0m[2m=[0m"/templates" [3mmethod[0m[2m=[0m"GET" [3mprincipal[0m[2m=[0m"scoped" [3mkey_id[0m[2m=[0m"ac684f7688355abf"
[2m2026-10-04T02:42:26.025827Z[0m [32m INFO[0m [2mhv2_cluster::access[0m[2m:[0m control-plane access completed [3mrequest_id[0m[2m=[0m95ee590e-02c4-42d0-987e-99aa3efeef78 [3mroute[0m[2m=[0m"/templates" [3mmethod[0m[2m=[0m"GET" [3mprincipal[0m[2m=[0m"scoped" [3mkey_id[0m[2m=[0m"ac684f7688355abf" [3mallowed[0m[2m=[0mtrue [3mstatus[0m[2m=[0m200 [3melapsed_ms[0m[2m=[0m0.199489
[2m2026-10-04T02:42:26.078053Z[0m [32m INFO[0m [2mhv2_cluster::access[0m[2m:[0m control-plane access started [3mrequest_id[0m[2m=[0m0a430913-af5f-45b4-a5ba-5caeb2f2a832 [3mroute[0m[2m=[0m"/sandboxes" [3mmethod[0m[2m=[0m"GET" [3mprincipal[0m[2m=[0m"scoped" [3mkey_id[0m[2m=[0m"ac684f7688355abf"
[2m2026-10-04T02:42:26.078345Z[0m [32m INFO[0m [2mhv2_cluster::access[0m[2m:[0m control-plane access completed [3mrequest_id[0m[2m=[0m0a430913-af5f-45b4-a5ba-5caeb2f2a832 [3mroute[0m[2m=[0m"/sandboxes" [3mmethod[0m[2m=[0m"GET" [3mprincipal[0m[2m=[0m"scoped" [3mkey_id[0m[2m=[0m"ac684f7688355abf" [3mallowed[0m[2m=[0mtrue [3mstatus[0m[2m=[0m200 [3melapsed_ms[0m[2m=[0m0.307637
[2m2026-10-04T02:42:26.079757Z[0m [32m INFO[0m [2mhv2_cluster::access[0m[2m:[0m control-plane access started [3mrequest_id[0m[2m=[0mdaae09ef-62a8-41ce-b38a-9a4e1a81f54c [3mroute[0m[2m=[0m"/templates" [3mmethod[0m[2m=[0m"GET" [3mprincipal[0m[2m=[0m"scoped" [3mkey_id[0m[2m=[0m"ac684f7688355abf"
[2m2026-10-04T02:42:26.079892Z[0m [32m INFO[0m [2mhv2_cluster::access[0m[2m:[0m control-plane access completed [3mrequest_id[0m[2m=[0mdaae09ef-62a8-41ce-b38a-9a4e1a81f54c [3mroute[0m[2m=[0m"/templates" [3mmethod[0m[2m=[0m"GET" [3mprincipal[0m[2m=[0m"scoped" [3mkey_id[0m[2m=[0m"ac684f7688355abf" [3mallowed[0m[2m=[0mtrue [3mstatus[0m[2m=[0m200 [3melapsed_ms[0m[2m=[0m0.14357899999999998
[2m2026-10-04T02:42:26.133553Z[0m [32m INFO[0m [2mhv2_cluster::access[0m[2m:[0m control-plane access started [3mrequest_id[0m[2m=[0m00c4c846-1b7a-4218-b1e9-7ae0dc3f3bec [3mroute[0m[2m=[0m"/sandboxes" [3mmethod[0m[2m=[0m"GET" [3mprincipal[0m[2m=[0m"scoped" [3mkey_id[0m[2m=[0m"ac684f7688355abf"
[2m2026-10-04T02:42:26.133908Z[0m [32m INFO[0m [2mhv2_cluster::access[0m[2m:[0m control-plane access completed [3mrequest_id[0m[2m=[0m00c4c846-1b7a-4218-b1e9-7ae0dc3f3bec [3mroute[0m[2m=[0m"/sandboxes" [3mmethod[0m[2m=[0m"GET" [3mprincipal[0m[2m=[0m"scoped" [3mkey_id[0m[2m=[0m"ac684f7688355abf" [3mallowed[0m[2m=[0mtrue [3mstatus[0m[2m=[0m200 [3melapsed_ms[0m[2m=[0m0.371126
[2m2026-10-04T02:42:26.135855Z[0m [32m INFO[0m [2mhv2_cluster::access[0m[2m:[0m control-plane access started [3mrequest_id[0m[2m=[0m9bfab258-00d9-414d-8b72-3f442c324982 [3mroute[0m[2m=[0m"/templates" [3mmethod[0m[2m=[0m"GET" [3mprincipal[0m[2m=[0m"scoped" [3mkey_id[0m[2m=[0m"ac684f7688355abf"
[2m2026-10-04T02:42:26.136053Z[0m [32m INFO[0m [2mhv2_cluster::access[0m[2m:[0m control-plane access completed [3mrequest_id[0m[2m=[0m9bfab258-00d9-414d-8b72-3f442c324982 [3mroute[0m[2m=[0m"/templates" [3mmethod[0m[2m=[0m"GET" [3mprincipal[0m[2m=[0m"scoped" [3mkey_id[0m[2m=[0m"ac684f7688355abf" [3mallowed[0m[2m=[0mtrue [3mstatus[0m[2m=[0m200 [3melapsed_ms[0m[2m=[0m0.209533
[2m2026-10-04T02:42:26.188394Z[0m [32m INFO[0m [2mhv2_cluster::access[0m[2m:[0m control-plane access started [3mrequest_id[0m[2m=[0m37c0be32-728e-4ced-a173-58eebfc70c6e [3mroute[0m[2m=[0m"/sandboxes" [3mmethod[0m[2m=[0m"GET" [3mprincipal[0m[2m=[0m"scoped" [3mkey_id[0m[2m=[0m"ac684f7688355abf"
[2m2026-10-04T02:42:26.188668Z[0m [32m INFO[0m [2mhv2_cluster::access[0m[2m:[0m control-plane access completed [3mrequest_id[0m[2m=[0m37c0be32-728e-4ced-a173-58eebfc70c6e [3mroute[0m[2m=[0m"/sandboxes" [3mmethod[0m[2m=[0m"GET" [3mprincipal[0m[2m=[0m"scoped" [3mkey_id[0m[2m=[0m"ac684f7688355abf" [3mallowed[0m[2m=[0mtrue [3mstatus[0m[2m=[0m200 [3melapsed_ms[0m[2m=[0m0.292148
[2m2026-10-04T02:42:26.190250Z[0m [32m INFO[0m [2mhv2_cluster::access[0m[2m:[0m control-plane access started [3mrequest_id[0m[2m=[0mde844479-dd2e-4a9a-8f5e-67483312b9fe [3mroute[0m[2m=[0m"/templates" [3mmethod[0m[2m=[0m"GET" [3mprincipal[0m[2m=[0m"scoped" [3mkey_id[0m[2m=[0m"ac684f7688355abf"
[2m2026-10-04T02:42:26.190438Z[0m [32m INFO[0m [2mhv2_cluster::access[0m[2m:[0m control-plane access completed [3mrequest_id[0m[2m=[0mde844479-dd2e-4a9a-8f5e-67483312b9fe [3mroute[0m[2m=[0m"/templates" [3mmethod[0m[2m=[0m"GET" [3mprincipal[0m[2m=[0m"scoped" [3mkey_id[0m[2m=[0m"ac684f7688355abf" [3mallowed[0m[2m=[0mtrue [3mstatus[0m[2m=[0m200 [3melapsed_ms[0m[2m=[0m0.198502
[2m2026-10-04T02:42:26.245146Z[0m [32m INFO[0m [2mhv2_cluster::access[0m[2m:[0m control-plane access started [3mrequest_id[0m[2m=[0me662234b-1f21-4cec-8e25-231ad4171936 [3mroute[0m[2m=[0m"/sandboxes" [3mmethod[0m[2m=[0m"GET" [3mprincipal[0m[2m=[0m"scoped" [3mkey_id[0m[2m=[0m"ac684f7688355abf"
[2m2026-10-04T02:42:26.245547Z[0m [32m INFO[0m [2mhv2_cluster::access[0m[2m:[0m control-plane access completed [3mrequest_id[0m[2m=[0me662234b-1f21-4cec-8e25-231ad4171936 [3mroute[0m[2m=[0m"/sandboxes" [3mmethod[0m[2m=[0m"GET" [3mprincipal[0m[2m=[0m"scoped" [3mkey_id[0m[2m=[0m"ac684f7688355abf" [3mallowed[0m[2m=[0mtrue [3mstatus[0m[2m=[0m200 [3melapsed_ms[0m[2m=[0m0.417062
[2m2026-10-04T02:42:26.247396Z[0m [32m INFO[0m [2mhv2_cluster::access[0m[2m:[0m control-plane access started [3mrequest_id[0m[2m=[0m268e9fd4-63e3-4572-8159-3a85b7237303 [3mroute[0m[2m=[0m"/templates" [3mmethod[0m[2m=[0m"GET" [3mprincipal[0m[2m=[0m"scoped" [3mkey_id[0m[2m=[0m"ac684f7688355abf"
[2m2026-10-04T02:42:26.247574Z[0m [32m INFO[0m [2mhv2_cluster::access[0m[2m:[0m control-plane access completed [3mrequest_id[0m[2m=[0m268e9fd4-63e3-4572-8159-3a85b7237303 [3mroute[0m[2m=[0m"/templates" [3mmethod[0m[2m=[0m"GET" [3mprincipal[0m[2m=[0m"scoped" [3mkey_id[0m[2m=[0m"ac684f7688355abf" [3mallowed[0m[2m=[0mtrue [3mstatus[0m[2m=[0m200 [3melapsed_ms[0m[2m=[0m0.192691
[2m2026-10-04T02:42:26.300143Z[0m [32m INFO[0m [2mhv2_cluster::access[0m[2m:[0m control-plane access started [3mrequest_id[0m[2m=[0m258d2ba0-4826-4c52-a07c-85417aee252e [3mroute[0m[2m=[0m"/sandboxes" [3mmethod[0m[2m=[0m"GET" [3mprincipal[0m[2m=[0m"scoped" [3mkey_id[0m[2m=[0m"ac684f7688355abf"
[2m2026-10-04T02:42:26.300377Z[0m [32m INFO[0m [2mhv2_cluster::access[0m[2m:[0m control-plane access completed [3mrequest_id[0m[2m=[0m258d2ba0-4826-4c52-a07c-85417aee252e [3mroute[0m[2m=[0m"/sandboxes" [3mmethod[0m[2m=[0m"GET" [3mprincipal[0m[2m=[0m"scoped" [3mkey_id[0m[2m=[0m"ac684f7688355abf" [3mallowed[0m[2m=[0mtrue [3mstatus[0m[2m=[0m200 [3melapsed_ms[0m[2m=[0m0.24953799999999998
[2m2026-10-04T02:42:26.301683Z[0m [32m INFO[0m [2mhv2_cluster::access[0m[2m:[0m control-plane access started [3mrequest_id[0m[2m=[0m339b19a8-828c-4b43-9e8d-68095dc3267f [3mroute[0m[2m=[0m"/templates" [3mmethod[0m[2m=[0m"GET" [3mprincipal[0m[2m=[0m"scoped" [3mkey_id[0m[2m=[0m"ac684f7688355abf"
[2m2026-10-04T02:42:26.301826Z[0m [32m INFO[0m [2mhv2_cluster::access[0m[2m:[0m control-plane access completed [3mrequest_id[0m[2m=[0m339b19a8-828c-4b43-9e8d-68095dc3267f [3mroute[0m[2m=[0m"/templates" [3mmethod[0m[2m=[0m"GET" [3mprincipal[0m[2m=[0m"scoped" [3mkey_id[0m[2m=[0m"ac684f7688355abf" [3mallowed[0m[2m=[0mtrue [3mstatus[0m[2m=[0m200 [3melapsed_ms[0m[2m=[0m0.15387800000000001
[2m2026-10-04T02:42:26.320540Z[0m [32m INFO[0m [2mhv2_core::vm[0m[2m:[0m VM 'template' snapshotted to /tmp/hm-udp-kvm-hnxa_fjw/snapshots/templates/.48454fd837dc52740c691aafc9cb1fdc.17f7268cda4e4071b576c88bd88af251/template.snap
[2m2026-10-04T02:42:26.320626Z[0m [32m INFO[0m [2mhv2_core::vm[0m[2m:[0m VM 'template' resumed
[2m2026-10-04T02:42:26.320685Z[0m [32m INFO[0m [2mhv2_core::vm[0m[2m:[0m vCPU 0 task exited (exits=2805)
[2m2026-10-04T02:42:26.320977Z[0m [32m INFO[0m [2mhv2_core::vm[0m[2m:[0m VM parallel execution completed for 'template'
[2m2026-10-04T02:42:26.321037Z[0m [32m INFO[0m [2mhv2_core::vm[0m[2m:[0m VM 'template' stopped
[2m2026-10-04T02:42:26.321049Z[0m [32m INFO[0m [2mhv2_sandboxd[0m[2m:[0m template ready in 883.47501ms at /tmp/hm-udp-kvm-hnxa_fjw/snapshots/templates/.48454fd837dc52740c691aafc9cb1fdc.17f7268cda4e4071b576c88bd88af251/template.snap; working set 0 pages in 0 ranges
[2m2026-10-04T02:42:26.354507Z[0m [32m INFO[0m [2mhv2_cluster::access[0m[2m:[0m control-plane access started [3mrequest_id[0m[2m=[0m9094f284-38d8-4f4a-952f-6a41f5f29d15 [3mroute[0m[2m=[0m"/sandboxes" [3mmethod[0m[2m=[0m"GET" [3mprincipal[0m[2m=[0m"scoped" [3mkey_id[0m[2m=[0m"ac684f7688355abf"
[2m2026-10-04T02:42:26.354792Z[0m [32m INFO[0m [2mhv2_cluster::access[0m[2m:[0m control-plane access completed [3mrequest_id[0m[2m=[0m9094f284-38d8-4f4a-952f-6a41f5f29d15 [3mroute[0m[2m=[0m"/sandboxes" [3mmethod[0m[2m=[0m"GET" [3mprincipal[0m[2m=[0m"scoped" [3mkey_id[0m[2m=[0m"ac684f7688355abf" [3mallowed[0m[2m=[0mtrue [3mstatus[0m[2m=[0m200 [3melapsed_ms[0m[2m=[0m0.30284300000000003
[2m2026-10-04T02:42:26.356366Z[0m [32m INFO[0m [2mhv2_cluster::access[0m[2m:[0m control-plane access started [3mrequest_id[0m[2m=[0m0b051cb9-3965-46db-9fce-0a710527791f [3mroute[0m[2m=[0m"/templates" [3mmethod[0m[2m=[0m"GET" [3mprincipal[0m[2m=[0m"scoped" [3mkey_id[0m[2m=[0m"ac684f7688355abf"
[2m2026-10-04T02:42:26.356545Z[0m [32m INFO[0m [2mhv2_cluster::access[0m[2m:[0m control-plane access completed [3mrequest_id[0m[2m=[0m0b051cb9-3965-46db-9fce-0a710527791f [3mroute[0m[2m=[0m"/templates" [3mmethod[0m[2m=[0m"GET" [3mprincipal[0m[2m=[0m"scoped" [3mkey_id[0m[2m=[0m"ac684f7688355abf" [3mallowed[0m[2m=[0mtrue [3mstatus[0m[2m=[0m200 [3melapsed_ms[0m[2m=[0m0.188554
[2m2026-10-04T02:42:26.375437Z[0m [32m INFO[0m [2mhv2_sandboxd[0m[2m:[0m published the shared template 48454fd837dc52740c691aafc9cb1fdc
[2m2026-10-04T02:42:26.377509Z[0m [32m INFO[0m [2mhv2_api::sandbox_proxy[0m[2m:[0m sandbox proxy listening on 0.0.0.0:41125 (TLS)
hv2-sandboxd: listening on 0.0.0.0:50327, capacity 16, cluster node owned-udp-node
  POST   /sandboxes                -- E2B-shaped (NewSandbox -> Sandbox), boots a real VM and its own process.Process gRPC listener (port in the response's processPort)
  POST   /sandboxes/{id}/exec     -- NOT E2B's envd protocol; a real exec_in_guest (simpler than grpcurl-ing processPort)
  POST   /sandboxes/{id}/connect  -- attach to an existing sandbox; what the E2B SDK's Sandbox.connect() calls
  DELETE /sandboxes/{id}          -- stop the VM and its process.Process listener
  PUT    /sandboxes/{id}/network  -- replace a running sandbox's egress rules
  POST   /sandboxes/{id}/pause    -- suspend to disk; connect or resume brings it back,          and with autoResume so does a request through the proxy
  POST   /sandboxes/{id}/fork     -- checkpoint in place, start `count` copies
  GET    /sandboxes/{id}/network/decisions -- NOT E2B's; the gateway's audit log
sandboxes get no network interface (--network to change that)
sandboxes are restored from template snapshots: base

sandbox proxy on 0.0.0.0:41125 -- HTTP/2 over TLS, routed by the authority a client asks for, as 49983-<sandboxID>.<anything>
  grpcurl -plaintext -authority 49983-$SBX.local -H "X-Access-Token: $TOKEN" -import-path crates/hv2-api/proto -proto process.proto \
      -d '{"process":{"cmd":"/bin/sh","args":["-c","echo hi"]}}' \
      localhost:41125 process.Process/Start
[2m2026-10-04T02:42:26.409120Z[0m [32m INFO[0m [2mhv2_cluster::access[0m[2m:[0m control-plane access started [3mrequest_id[0m[2m=[0mbb02c1f8-3743-49e6-8c28-8457c7ced2ee [3mroute[0m[2m=[0m"/sandboxes" [3mmethod[0m[2m=[0m"GET" [3mprincipal[0m[2m=[0m"scoped" [3mkey_id[0m[2m=[0m"ac684f7688355abf"
[2m2026-10-04T02:42:26.409367Z[0m [32m INFO[0m [2mhv2_cluster::access[0m[2m:[0m control-plane access completed [3mrequest_id[0m[2m=[0mbb02c1f8-3743-49e6-8c28-8457c7ced2ee [3mroute[0m[2m=[0m"/sandboxes" [3mmethod[0m[2m=[0m"GET" [3mprincipal[0m[2m=[0m"scoped" [3mkey_id[0m[2m=[0m"ac684f7688355abf" [3mallowed[0m[2m=[0mtrue [3mstatus[0m[2m=[0m200 [3melapsed_ms[0m[2m=[0m0.263189
[2m2026-10-04T02:42:26.411009Z[0m [32m INFO[0m [2mhv2_cluster::access[0m[2m:[0m control-plane access started [3mrequest_id[0m[2m=[0m8c984a10-4fdd-4e00-9a78-286815a3629d [3mroute[0m[2m=[0m"/templates" [3mmethod[0m[2m=[0m"GET" [3mprincipal[0m[2m=[0m"scoped" [3mkey_id[0m[2m=[0m"ac684f7688355abf"
[2m2026-10-04T02:42:26.411375Z[0m [32m INFO[0m [2mhv2_cluster::access[0m[2m:[0m control-plane access completed [3mrequest_id[0m[2m=[0m8c984a10-4fdd-4e00-9a78-286815a3629d [3mroute[0m[2m=[0m"/templates" [3mmethod[0m[2m=[0m"GET" [3mprincipal[0m[2m=[0m"scoped" [3mkey_id[0m[2m=[0m"ac684f7688355abf" [3mallowed[0m[2m=[0mtrue [3mstatus[0m[2m=[0m200 [3melapsed_ms[0m[2m=[0m0.38226699999999997
[2m2026-10-04T02:42:26.438640Z[0m [32m INFO[0m [2mhv2_cluster::access[0m[2m:[0m control-plane access started [3mrequest_id[0m[2m=[0m77945ede-235d-431f-ae9b-59b64ec71155 [3mroute[0m[2m=[0m"/sandboxes" [3mmethod[0m[2m=[0m"POST" [3mprincipal[0m[2m=[0m"scoped" [3mkey_id[0m[2m=[0m"ac684f7688355abf"
[2m2026-10-04T02:42:26.440511Z[0m [32m INFO[0m [2mhv2_core::hypervisor[0m[2m:[0m Detected hypervisor platform: Kvm
[2m2026-10-04T02:42:26.440988Z[0m [32m INFO[0m [2mhv2_core::vm[0m[2m:[0m VM 'sbx-cfd869689d4c412aa556': vsock device attached at 0xd0000000 (guest CID 100, IRQ 5)
[2m2026-10-04T02:42:26.440999Z[0m [32m INFO[0m [2mhv2_core::devices::serial[0m[2m:[0m Initializing serial device 'COM1' at 0x3F8
[2m2026-10-04T02:42:26.442365Z[0m [32m INFO[0m [2mhv2_core::vm[0m[2m:[0m Provisioned VM 'sbx-cfd869689d4c412aa556' on the Kvm backend (1 vCPUs, 1024 MiB)
[2m2026-10-04T02:42:26.442650Z[0m [32m INFO[0m [2mhv2_core::vm[0m[2m:[0m VM 'sbx-cfd869689d4c412aa556' restored from /tmp/hm-udp-kvm-hnxa_fjw/snapshots/templates/48454fd837dc52740c691aafc9cb1fdc/template.snap
[2m2026-10-04T02:42:26.442659Z[0m [32m INFO[0m [2mhv2_core::vm[0m[2m:[0m Starting VM 'sbx-cfd869689d4c412aa556' with 1 vCPUs and 1 GB memory (parallel=true)
[2m2026-10-04T02:42:26.442769Z[0m [32m INFO[0m [2mhv2_core::vm[0m[2m:[0m Starting VM execution for 'sbx-cfd869689d4c412aa556' with 1 vCPUs
[2m2026-10-04T02:42:26.442778Z[0m [32m INFO[0m [2mhv2_core::vm[0m[2m:[0m Starting parallel execution with 1 vCPU tasks
[2m2026-10-04T02:42:26.443002Z[0m [32m INFO[0m [2mhv2_core::vm[0m[2m:[0m vCPU 0 task started
[2m2026-10-04T02:42:26.465638Z[0m [32m INFO[0m [2mhv2_cluster::access[0m[2m:[0m control-plane access completed [3mrequest_id[0m[2m=[0m77945ede-235d-431f-ae9b-59b64ec71155 [3mroute[0m[2m=[0m"/sandboxes" [3mmethod[0m[2m=[0m"POST" [3mprincipal[0m[2m=[0m"scoped" [3mkey_id[0m[2m=[0m"ac684f7688355abf" [3mallowed[0m[2m=[0mtrue [3mstatus[0m[2m=[0m201 [3melapsed_ms[0m[2m=[0m27.012535
[2m2026-10-04T02:42:26.480823Z[0m [32m INFO[0m [2mhv2_cluster::access[0m[2m:[0m control-plane access started [3mrequest_id[0m[2m=[0mb948db7f-3f21-4bb1-a76a-26290fc188a6 [3mroute[0m[2m=[0m"/sandboxes/{id}" [3mmethod[0m[2m=[0m"DELETE" [3mprincipal[0m[2m=[0m"scoped" [3mkey_id[0m[2m=[0m"ac684f7688355abf"
[2m2026-10-04T02:42:26.481984Z[0m [32m INFO[0m [2mhv2_core::vm[0m[2m:[0m vCPU 0 task exited (exits=36)
[2m2026-10-04T02:42:26.482079Z[0m [32m INFO[0m [2mhv2_core::vm[0m[2m:[0m VM parallel execution completed for 'sbx-cfd869689d4c412aa556'
[2m2026-10-04T02:42:26.482090Z[0m [32m INFO[0m [2mhv2_core::vm[0m[2m:[0m VM 'sbx-cfd869689d4c412aa556' stopped
[2m2026-10-04T02:42:26.515821Z[0m [32m INFO[0m [2mhv2_cluster::access[0m[2m:[0m control-plane access completed [3mrequest_id[0m[2m=[0mb948db7f-3f21-4bb1-a76a-26290fc188a6 [3mroute[0m[2m=[0m"/sandboxes/{id}" [3mmethod[0m[2m=[0m"DELETE" [3mprincipal[0m[2m=[0m"scoped" [3mkey_id[0m[2m=[0m"ac684f7688355abf" [3mallowed[0m[2m=[0mtrue [3mstatus[0m[2m=[0m204 [3melapsed_ms[0m[2m=[0m35.023811
[2m2026-10-04T02:42:26.523673Z[0m [32m INFO[0m [2mhv2_cluster::access[0m[2m:[0m control-plane access started [3mrequest_id[0m[2m=[0mb05a7ded-cf71-460b-90f1-b8deb3a445c5 [3mroute[0m[2m=[0m"/v2/sandboxes" [3mmethod[0m[2m=[0m"POST" [3mprincipal[0m[2m=[0m"scoped" [3mkey_id[0m[2m=[0m"ac684f7688355abf"
[2m2026-10-04T02:42:26.524598Z[0m [32m INFO[0m [2mhv2_core::hypervisor[0m[2m:[0m Detected hypervisor platform: Kvm
[2m2026-10-04T02:42:26.525268Z[0m [32m INFO[0m [2mhv2_core::vm[0m[2m:[0m VM 'sbx-1d6101a888ef4fb8a7e6': vsock device attached at 0xd0000000 (guest CID 100, IRQ 5)
[2m2026-10-04T02:42:26.525286Z[0m [32m INFO[0m [2mhv2_core::devices::serial[0m[2m:[0m Initializing serial device 'COM1' at 0x3F8
[2m2026-10-04T02:42:26.527202Z[0m [32m INFO[0m [2mhv2_core::vm[0m[2m:[0m Provisioned VM 'sbx-1d6101a888ef4fb8a7e6' on the Kvm backend (1 vCPUs, 1024 MiB)
[2m2026-10-04T02:42:26.527735Z[0m [32m INFO[0m [2mhv2_core::vm[0m[2m:[0m VM 'sbx-1d6101a888ef4fb8a7e6' restored from /tmp/hm-udp-kvm-hnxa_fjw/snapshots/templates/48454fd837dc52740c691aafc9cb1fdc/template.snap
[2m2026-10-04T02:42:26.527765Z[0m [32m INFO[0m [2mhv2_core::vm[0m[2m:[0m Starting VM 'sbx-1d6101a888ef4fb8a7e6' with 1 vCPUs and 1 GB memory (parallel=true)
[2m2026-10-04T02:42:26.527959Z[0m [32m INFO[0m [2mhv2_core::vm[0m[2m:[0m Starting VM execution for 'sbx-1d6101a888ef4fb8a7e6' with 1 vCPUs
[2m2026-10-04T02:42:26.527968Z[0m [32m INFO[0m [2mhv2_core::vm[0m[2m:[0m Starting parallel execution with 1 vCPU tasks
[2m2026-10-04T02:42:26.528213Z[0m [32m INFO[0m [2mhv2_core::vm[0m[2m:[0m vCPU 0 task started
[2m2026-10-04T02:42:26.545896Z[0m [32m INFO[0m [2mhv2_cluster::access[0m[2m:[0m control-plane access completed [3mrequest_id[0m[2m=[0mb05a7ded-cf71-460b-90f1-b8deb3a445c5 [3mroute[0m[2m=[0m"/v2/sandboxes" [3mmethod[0m[2m=[0m"POST" [3mprincipal[0m[2m=[0m"scoped" [3mkey_id[0m[2m=[0m"ac684f7688355abf" [3mallowed[0m[2m=[0mtrue [3mstatus[0m[2m=[0m201 [3melapsed_ms[0m[2m=[0m22.232433999999998
[2m2026-10-04T02:42:26.553895Z[0m [32m INFO[0m [2mhv2_cluster::access[0m[2m:[0m control-plane access started [3mrequest_id[0m[2m=[0m599a99eb-9884-4fc6-a93d-d900518c86d3 [3mroute[0m[2m=[0m"/sandboxes" [3mmethod[0m[2m=[0m"GET" [3mprincipal[0m[2m=[0m"scoped" [3mkey_id[0m[2m=[0m"ac684f7688355abf"
[2m2026-10-04T02:42:26.554265Z[0m [32m INFO[0m [2mhv2_cluster::access[0m[2m:[0m control-plane access completed [3mrequest_id[0m[2m=[0m599a99eb-9884-4fc6-a93d-d900518c86d3 [3mroute[0m[2m=[0m"/sandboxes" [3mmethod[0m[2m=[0m"GET" [3mprincipal[0m[2m=[0m"scoped" [3mkey_id[0m[2m=[0m"ac684f7688355abf" [3mallowed[0m[2m=[0mtrue [3mstatus[0m[2m=[0m200 [3melapsed_ms[0m[2m=[0m0.38743700000000003
[2m2026-10-04T02:42:26.556164Z[0m [32m INFO[0m [2mhv2_cluster::access[0m[2m:[0m control-plane access started [3mrequest_id[0m[2m=[0m4c27cd13-fdca-4773-bc72-85416f0cdb73 [3mroute[0m[2m=[0m"/sandboxes/{id}/exec" [3mmethod[0m[2m=[0m"POST" [3mprincipal[0m[2m=[0m"scoped" [3mkey_id[0m[2m=[0m"ac684f7688355abf"
[2m2026-10-04T02:42:26.569873Z[0m [32m INFO[0m [2mhv2_cluster::access[0m[2m:[0m control-plane access completed [3mrequest_id[0m[2m=[0m4c27cd13-fdca-4773-bc72-85416f0cdb73 [3mroute[0m[2m=[0m"/sandboxes/{id}/exec" [3mmethod[0m[2m=[0m"POST" [3mprincipal[0m[2m=[0m"scoped" [3mkey_id[0m[2m=[0m"ac684f7688355abf" [3mallowed[0m[2m=[0mtrue [3mstatus[0m[2m=[0m200 [3melapsed_ms[0m[2m=[0m13.723427
[2m2026-10-04T02:42:26.672321Z[0m [32m INFO[0m [2mhv2_cluster::access[0m[2m:[0m control-plane access completed [3mrequest_id[0m[2m=[0meca6d331-1138-464a-b45a-fed1cf17a01e [3mroute[0m[2m=[0m"/sandboxes/{id}/ports/{port}/udp" [3mmethod[0m[2m=[0m"GET" [3mprincipal[0m[2m=[0m"unauthenticated" [3mkey_id[0m[2m=[0m"none" [3mallowed[0m[2m=[0mfalse [3mstatus[0m[2m=[0m401 [3melapsed_ms[0m[2m=[0m0.016361
[2m2026-10-04T02:42:26.673690Z[0m [32m INFO[0m [2mhv2_cluster::access[0m[2m:[0m control-plane access started [3mrequest_id[0m[2m=[0mc8830fce-4cba-4ce0-b381-b35f3c1c333c [3mroute[0m[2m=[0m"/sandboxes/{id}/ports/{port}/udp" [3mmethod[0m[2m=[0m"GET" [3mprincipal[0m[2m=[0m"scoped" [3mkey_id[0m[2m=[0m"ac684f7688355abf"
[2m2026-10-04T02:42:26.677818Z[0m [32m INFO[0m [2mhv2_cluster::access[0m[2m:[0m control-plane access completed [3mrequest_id[0m[2m=[0mc8830fce-4cba-4ce0-b381-b35f3c1c333c [3mroute[0m[2m=[0m"/sandboxes/{id}/ports/{port}/udp" [3mmethod[0m[2m=[0m"GET" [3mprincipal[0m[2m=[0m"scoped" [3mkey_id[0m[2m=[0m"ac684f7688355abf" [3mallowed[0m[2m=[0mtrue [3mstatus[0m[2m=[0m101 [3melapsed_ms[0m[2m=[0m4.142435
[2m2026-10-04T02:42:26.729984Z[0m [32m INFO[0m [2mhv2_cluster::access[0m[2m:[0m control-plane access started [3mrequest_id[0m[2m=[0m5a0d8761-8c48-4249-b8f2-69c109205097 [3mroute[0m[2m=[0m"/sandboxes/{id}/ports/{port}/udp" [3mmethod[0m[2m=[0m"GET" [3mprincipal[0m[2m=[0m"scoped" [3mkey_id[0m[2m=[0m"ac684f7688355abf"
[2m2026-10-04T02:42:26.733502Z[0m [32m INFO[0m [2mhv2_cluster::access[0m[2m:[0m control-plane access completed [3mrequest_id[0m[2m=[0m5a0d8761-8c48-4249-b8f2-69c109205097 [3mroute[0m[2m=[0m"/sandboxes/{id}/ports/{port}/udp" [3mmethod[0m[2m=[0m"GET" [3mprincipal[0m[2m=[0m"scoped" [3mkey_id[0m[2m=[0m"ac684f7688355abf" [3mallowed[0m[2m=[0mtrue [3mstatus[0m[2m=[0m101 [3melapsed_ms[0m[2m=[0m3.530552
[2m2026-10-04T02:42:26.736121Z[0m [32m INFO[0m [2mhv2_cluster::access[0m[2m:[0m control-plane access started [3mrequest_id[0m[2m=[0m2ffcc0b2-bb9c-42e6-ab2e-9cdadf9c55c2 [3mroute[0m[2m=[0m"/sandboxes/{id}/ports/{port}/udp" [3mmethod[0m[2m=[0m"GET" [3mprincipal[0m[2m=[0m"scoped" [3mkey_id[0m[2m=[0m"ac684f7688355abf"
[2m2026-10-04T02:42:26.738984Z[0m [32m INFO[0m [2mhv2_cluster::access[0m[2m:[0m control-plane access completed [3mrequest_id[0m[2m=[0m2ffcc0b2-bb9c-42e6-ab2e-9cdadf9c55c2 [3mroute[0m[2m=[0m"/sandboxes/{id}/ports/{port}/udp" [3mmethod[0m[2m=[0m"GET" [3mprincipal[0m[2m=[0m"scoped" [3mkey_id[0m[2m=[0m"ac684f7688355abf" [3mallowed[0m[2m=[0mtrue [3mstatus[0m[2m=[0m101 [3melapsed_ms[0m[2m=[0m2.8742799999999997
[2m2026-10-04T02:42:26.749012Z[0m [32m INFO[0m [2mhv2_cluster::access[0m[2m:[0m control-plane access started [3mrequest_id[0m[2m=[0m4a31923b-c799-433e-bc22-521c168a5f6f [3mroute[0m[2m=[0m"/sandboxes/{id}/ports/{port}/udp" [3mmethod[0m[2m=[0m"GET" [3mprincipal[0m[2m=[0m"scoped" [3mkey_id[0m[2m=[0m"ac684f7688355abf"
[2m2026-10-04T02:42:26.752283Z[0m [32m INFO[0m [2mhv2_cluster::access[0m[2m:[0m control-plane access completed [3mrequest_id[0m[2m=[0m4a31923b-c799-433e-bc22-521c168a5f6f [3mroute[0m[2m=[0m"/sandboxes/{id}/ports/{port}/udp" [3mmethod[0m[2m=[0m"GET" [3mprincipal[0m[2m=[0m"scoped" [3mkey_id[0m[2m=[0m"ac684f7688355abf" [3mallowed[0m[2m=[0mtrue [3mstatus[0m[2m=[0m101 [3melapsed_ms[0m[2m=[0m3.283914
[2m2026-10-04T02:42:26.755349Z[0m [32m INFO[0m [2mhv2_cluster::access[0m[2m:[0m control-plane access started [3mrequest_id[0m[2m=[0m84cad982-e30e-4869-81f0-98cafef3344d [3mroute[0m[2m=[0m"/sandboxes/{id}/ports/{port}/udp" [3mmethod[0m[2m=[0m"GET" [3mprincipal[0m[2m=[0m"scoped" [3mkey_id[0m[2m=[0m"ac684f7688355abf"
[2m2026-10-04T02:42:26.759003Z[0m [32m INFO[0m [2mhv2_cluster::access[0m[2m:[0m control-plane access completed [3mrequest_id[0m[2m=[0m84cad982-e30e-4869-81f0-98cafef3344d [3mroute[0m[2m=[0m"/sandboxes/{id}/ports/{port}/udp" [3mmethod[0m[2m=[0m"GET" [3mprincipal[0m[2m=[0m"scoped" [3mkey_id[0m[2m=[0m"ac684f7688355abf" [3mallowed[0m[2m=[0mtrue [3mstatus[0m[2m=[0m101 [3melapsed_ms[0m[2m=[0m3.6659930000000003
[2m2026-10-04T02:42:26.761704Z[0m [32m INFO[0m [2mhv2_cluster::access[0m[2m:[0m control-plane access started [3mrequest_id[0m[2m=[0m9942634c-9029-4767-bcd5-0dc4ff26c6a1 [3mroute[0m[2m=[0m"/sandboxes/{id}/ports/{port}/udp" [3mmethod[0m[2m=[0m"GET" [3mprincipal[0m[2m=[0m"scoped" [3mkey_id[0m[2m=[0m"ac684f7688355abf"
[2m2026-10-04T02:42:26.767401Z[0m [32m INFO[0m [2mhv2_cluster::access[0m[2m:[0m control-plane access completed [3mrequest_id[0m[2m=[0m9942634c-9029-4767-bcd5-0dc4ff26c6a1 [3mroute[0m[2m=[0m"/sandboxes/{id}/ports/{port}/udp" [3mmethod[0m[2m=[0m"GET" [3mprincipal[0m[2m=[0m"scoped" [3mkey_id[0m[2m=[0m"ac684f7688355abf" [3mallowed[0m[2m=[0mtrue [3mstatus[0m[2m=[0m101 [3melapsed_ms[0m[2m=[0m5.71876
[2m2026-10-04T02:42:26.769683Z[0m [32m INFO[0m [2mhv2_cluster::access[0m[2m:[0m control-plane access started [3mrequest_id[0m[2m=[0m66f0b631-1565-45cd-9901-39f5fd536b76 [3mroute[0m[2m=[0m"/sandboxes/{id}/ports/{port}/udp" [3mmethod[0m[2m=[0m"GET" [3mprincipal[0m[2m=[0m"scoped" [3mkey_id[0m[2m=[0m"ac684f7688355abf"
[2m2026-10-04T02:42:26.772692Z[0m [32m INFO[0m [2mhv2_cluster::access[0m[2m:[0m control-plane access completed [3mrequest_id[0m[2m=[0m66f0b631-1565-45cd-9901-39f5fd536b76 [3mroute[0m[2m=[0m"/sandboxes/{id}/ports/{port}/udp" [3mmethod[0m[2m=[0m"GET" [3mprincipal[0m[2m=[0m"scoped" [3mkey_id[0m[2m=[0m"ac684f7688355abf" [3mallowed[0m[2m=[0mtrue [3mstatus[0m[2m=[0m101 [3melapsed_ms[0m[2m=[0m3.021021
[2m2026-10-04T02:42:26.775072Z[0m [32m INFO[0m [2mhv2_cluster::access[0m[2m:[0m control-plane access started [3mrequest_id[0m[2m=[0md01cc92f-7a2a-4fa4-84f9-fbf02fa7ca8a [3mroute[0m[2m=[0m"/sandboxes/{id}/ports/{port}/udp" [3mmethod[0m[2m=[0m"GET" [3mprincipal[0m[2m=[0m"scoped" [3mkey_id[0m[2m=[0m"ac684f7688355abf"
[2m2026-10-04T02:42:26.779060Z[0m [32m INFO[0m [2mhv2_cluster::access[0m[2m:[0m control-plane access completed [3mrequest_id[0m[2m=[0md01cc92f-7a2a-4fa4-84f9-fbf02fa7ca8a [3mroute[0m[2m=[0m"/sandboxes/{id}/ports/{port}/udp" [3mmethod[0m[2m=[0m"GET" [3mprincipal[0m[2m=[0m"scoped" [3mkey_id[0m[2m=[0m"ac684f7688355abf" [3mallowed[0m[2m=[0mtrue [3mstatus[0m[2m=[0m101 [3melapsed_ms[0m[2m=[0m3.9958249999999995
[2m2026-10-04T02:42:26.781667Z[0m [32m INFO[0m [2mhv2_cluster::access[0m[2m:[0m control-plane access started [3mrequest_id[0m[2m=[0mbfee20b3-fad5-4507-b0a8-6863572b48f9 [3mroute[0m[2m=[0m"/sandboxes/{id}/ports/{port}/udp" [3mmethod[0m[2m=[0m"GET" [3mprincipal[0m[2m=[0m"scoped" [3mkey_id[0m[2m=[0m"ac684f7688355abf"
[2m2026-10-04T02:42:26.785080Z[0m [32m INFO[0m [2mhv2_cluster::access[0m[2m:[0m control-plane access completed [3mrequest_id[0m[2m=[0mbfee20b3-fad5-4507-b0a8-6863572b48f9 [3mroute[0m[2m=[0m"/sandboxes/{id}/ports/{port}/udp" [3mmethod[0m[2m=[0m"GET" [3mprincipal[0m[2m=[0m"scoped" [3mkey_id[0m[2m=[0m"ac684f7688355abf" [3mallowed[0m[2m=[0mtrue [3mstatus[0m[2m=[0m101 [3melapsed_ms[0m[2m=[0m3.424147
[2m2026-10-04T02:42:26.787291Z[0m [32m INFO[0m [2mhv2_cluster::access[0m[2m:[0m control-plane access started [3mrequest_id[0m[2m=[0m917056ba-c684-474d-915a-0024b87bc77e [3mroute[0m[2m=[0m"/sandboxes/{id}/ports/{port}/udp" [3mmethod[0m[2m=[0m"GET" [3mprincipal[0m[2m=[0m"scoped" [3mkey_id[0m[2m=[0m"ac684f7688355abf"
[2m2026-10-04T02:42:26.790546Z[0m [32m INFO[0m [2mhv2_cluster::access[0m[2m:[0m control-plane access completed [3mrequest_id[0m[2m=[0m917056ba-c684-474d-915a-0024b87bc77e [3mroute[0m[2m=[0m"/sandboxes/{id}/ports/{port}/udp" [3mmethod[0m[2m=[0m"GET" [3mprincipal[0m[2m=[0m"scoped" [3mkey_id[0m[2m=[0m"ac684f7688355abf" [3mallowed[0m[2m=[0mtrue [3mstatus[0m[2m=[0m101 [3melapsed_ms[0m[2m=[0m3.267838
[2m2026-10-04T02:42:26.793316Z[0m [32m INFO[0m [2mhv2_cluster::access[0m[2m:[0m control-plane access started [3mrequest_id[0m[2m=[0mfbe50412-0d01-4caf-8eea-c19aa99da278 [3mroute[0m[2m=[0m"/sandboxes/{id}/ports/{port}/udp" [3mmethod[0m[2m=[0m"GET" [3mprincipal[0m[2m=[0m"scoped" [3mkey_id[0m[2m=[0m"ac684f7688355abf"
[2m2026-10-04T02:42:26.796810Z[0m [32m INFO[0m [2mhv2_cluster::access[0m[2m:[0m control-plane access completed [3mrequest_id[0m[2m=[0mfbe50412-0d01-4caf-8eea-c19aa99da278 [3mroute[0m[2m=[0m"/sandboxes/{id}/ports/{port}/udp" [3mmethod[0m[2m=[0m"GET" [3mprincipal[0m[2m=[0m"scoped" [3mkey_id[0m[2m=[0m"ac684f7688355abf" [3mallowed[0m[2m=[0mtrue [3mstatus[0m[2m=[0m101 [3melapsed_ms[0m[2m=[0m3.508049
[2m2026-10-04T02:42:27.169900Z[0m [32m INFO[0m [2mhv2_cluster::access[0m[2m:[0m control-plane access started [3mrequest_id[0m[2m=[0meaa60bd4-4629-46a9-897e-3126b4b6bd9e [3mroute[0m[2m=[0m"/sandboxes/{id}/exec" [3mmethod[0m[2m=[0m"POST" [3mprincipal[0m[2m=[0m"scoped" [3mkey_id[0m[2m=[0m"ac684f7688355abf"
[2m2026-10-04T02:42:27.176734Z[0m [32m INFO[0m [2mhv2_cluster::access[0m[2m:[0m control-plane access completed [3mrequest_id[0m[2m=[0meaa60bd4-4629-46a9-897e-3126b4b6bd9e [3mroute[0m[2m=[0m"/sandboxes/{id}/exec" [3mmethod[0m[2m=[0m"POST" [3mprincipal[0m[2m=[0m"scoped" [3mkey_id[0m[2m=[0m"ac684f7688355abf" [3mallowed[0m[2m=[0mtrue [3mstatus[0m[2m=[0m200 [3melapsed_ms[0m[2m=[0m6.8489450000000005
[2m2026-10-04T02:42:27.184627Z[0m [32m INFO[0m [2mhv2_cluster::access[0m[2m:[0m control-plane access started [3mrequest_id[0m[2m=[0mefbc27bf-0e57-4e07-aecf-e96a3959262f [3mroute[0m[2m=[0m"/sandboxes/{id}/public-ports/{port}" [3mmethod[0m[2m=[0m"PUT" [3mprincipal[0m[2m=[0m"scoped" [3mkey_id[0m[2m=[0m"7edbe149448de9be"
[2m2026-10-04T02:42:27.185315Z[0m [32m INFO[0m [2mhv2_cluster::access[0m[2m:[0m control-plane access completed [3mrequest_id[0m[2m=[0mefbc27bf-0e57-4e07-aecf-e96a3959262f [3mroute[0m[2m=[0m"/sandboxes/{id}/public-ports/{port}" [3mmethod[0m[2m=[0m"PUT" [3mprincipal[0m[2m=[0m"scoped" [3mkey_id[0m[2m=[0m"7edbe149448de9be" [3mallowed[0m[2m=[0mtrue [3mstatus[0m[2m=[0m403 [3melapsed_ms[0m[2m=[0m0.698025
[2m2026-10-04T02:42:27.190248Z[0m [32m INFO[0m [2mhv2_cluster::access[0m[2m:[0m control-plane access started [3mrequest_id[0m[2m=[0m81b0dc6b-96a1-4646-81f6-09faa5488e22 [3mroute[0m[2m=[0m"/sandboxes/{id}/public-ports/{port}" [3mmethod[0m[2m=[0m"PUT" [3mprincipal[0m[2m=[0m"scoped" [3mkey_id[0m[2m=[0m"7edbe149448de9be"
[2m2026-10-04T02:42:27.190609Z[0m [32m INFO[0m [2mhv2_cluster::access[0m[2m:[0m control-plane access completed [3mrequest_id[0m[2m=[0m81b0dc6b-96a1-4646-81f6-09faa5488e22 [3mroute[0m[2m=[0m"/sandboxes/{id}/public-ports/{port}" [3mmethod[0m[2m=[0m"PUT" [3mprincipal[0m[2m=[0m"scoped" [3mkey_id[0m[2m=[0m"7edbe149448de9be" [3mallowed[0m[2m=[0mtrue [3mstatus[0m[2m=[0m403 [3melapsed_ms[0m[2m=[0m0.373436
[2m2026-10-04T02:42:27.197519Z[0m [32m INFO[0m [2mhv2_cluster::access[0m[2m:[0m control-plane access started [3mrequest_id[0m[2m=[0m154198ce-896d-4050-8a32-f81d679dae52 [3mroute[0m[2m=[0m"/sandboxes/{id}/public-ports" [3mmethod[0m[2m=[0m"GET" [3mprincipal[0m[2m=[0m"scoped" [3mkey_id[0m[2m=[0m"7edbe149448de9be"
[2m2026-10-04T02:42:27.197834Z[0m [32m INFO[0m [2mhv2_cluster::access[0m[2m:[0m control-plane access completed [3mrequest_id[0m[2m=[0m154198ce-896d-4050-8a32-f81d679dae52 [3mroute[0m[2m=[0m"/sandboxes/{id}/public-ports" [3mmethod[0m[2m=[0m"GET" [3mprincipal[0m[2m=[0m"scoped" [3mkey_id[0m[2m=[0m"7edbe149448de9be" [3mallowed[0m[2m=[0mtrue [3mstatus[0m[2m=[0m403 [3melapsed_ms[0m[2m=[0m0.325801
[2m2026-10-04T02:42:27.201175Z[0m [32m INFO[0m [2mhv2_cluster::access[0m[2m:[0m control-plane access started [3mrequest_id[0m[2m=[0m84416f16-6d14-46e4-9285-ad6268edc192 [3mroute[0m[2m=[0m"/sandboxes/{id}/public-ports" [3mmethod[0m[2m=[0m"GET" [3mprincipal[0m[2m=[0m"scoped" [3mkey_id[0m[2m=[0m"7edbe149448de9be"
[2m2026-10-04T02:42:27.201439Z[0m [32m INFO[0m [2mhv2_cluster::access[0m[2m:[0m control-plane access completed [3mrequest_id[0m[2m=[0m84416f16-6d14-46e4-9285-ad6268edc192 [3mroute[0m[2m=[0m"/sandboxes/{id}/public-ports" [3mmethod[0m[2m=[0m"GET" [3mprincipal[0m[2m=[0m"scoped" [3mkey_id[0m[2m=[0m"7edbe149448de9be" [3mallowed[0m[2m=[0mtrue [3mstatus[0m[2m=[0m403 [3melapsed_ms[0m[2m=[0m0.27489600000000003
[2m2026-10-04T02:42:27.208254Z[0m [32m INFO[0m [2mhv2_cluster::access[0m[2m:[0m control-plane access started [3mrequest_id[0m[2m=[0me2161204-5b76-4280-a357-2d7596b8259b [3mroute[0m[2m=[0m"/sandboxes/{id}/public-ports/{port}" [3mmethod[0m[2m=[0m"DELETE" [3mprincipal[0m[2m=[0m"scoped" [3mkey_id[0m[2m=[0m"7edbe149448de9be"
[2m2026-10-04T02:42:27.208584Z[0m [32m INFO[0m [2mhv2_cluster::access[0m[2m:[0m control-plane access completed [3mrequest_id[0m[2m=[0me2161204-5b76-4280-a357-2d7596b8259b [3mroute[0m[2m=[0m"/sandboxes/{id}/public-ports/{port}" [3mmethod[0m[2m=[0m"DELETE" [3mprincipal[0m[2m=[0m"scoped" [3mkey_id[0m[2m=[0m"7edbe149448de9be" [3mallowed[0m[2m=[0mtrue [3mstatus[0m[2m=[0m403 [3melapsed_ms[0m[2m=[0m0.33687799999999996
[2m2026-10-04T02:42:27.212044Z[0m [32m INFO[0m [2mhv2_cluster::access[0m[2m:[0m control-plane access started [3mrequest_id[0m[2m=[0m46e7a5e4-1576-4a09-8171-9300a63b03bc [3mroute[0m[2m=[0m"/sandboxes/{id}/public-ports/{port}" [3mmethod[0m[2m=[0m"DELETE" [3mprincipal[0m[2m=[0m"scoped" [3mkey_id[0m[2m=[0m"7edbe149448de9be"
[2m2026-10-04T02:42:27.212394Z[0m [32m INFO[0m [2mhv2_cluster::access[0m[2m:[0m control-plane access completed [3mrequest_id[0m[2m=[0m46e7a5e4-1576-4a09-8171-9300a63b03bc [3mroute[0m[2m=[0m"/sandboxes/{id}/public-ports/{port}" [3mmethod[0m[2m=[0m"DELETE" [3mprincipal[0m[2m=[0m"scoped" [3mkey_id[0m[2m=[0m"7edbe149448de9be" [3mallowed[0m[2m=[0mtrue [3mstatus[0m[2m=[0m403 [3melapsed_ms[0m[2m=[0m0.3573
[2m2026-10-04T02:42:27.220205Z[0m [32m INFO[0m [2mhv2_cluster::access[0m[2m:[0m control-plane access completed [3mrequest_id[0m[2m=[0m7d7b62f7-a517-44d4-8a50-469f9f2a23e4 [3mroute[0m[2m=[0m"/sandboxes/{id}/public-ports/{port}" [3mmethod[0m[2m=[0m"PUT" [3mprincipal[0m[2m=[0m"scoped" [3mkey_id[0m[2m=[0m"0f2606580a91a2e6" [3mallowed[0m[2m=[0mfalse [3mstatus[0m[2m=[0m403 [3melapsed_ms[0m[2m=[0m0.014776999999999998
[2m2026-10-04T02:42:27.223750Z[0m [32m INFO[0m [2mhv2_cluster::access[0m[2m:[0m control-plane access completed [3mrequest_id[0m[2m=[0m1f0db8ee-ecec-4c25-9a5a-fd2944c8d0a9 [3mroute[0m[2m=[0m"/sandboxes/{id}/public-ports/{port}" [3mmethod[0m[2m=[0m"PUT" [3mprincipal[0m[2m=[0m"scoped" [3mkey_id[0m[2m=[0m"0f2606580a91a2e6" [3mallowed[0m[2m=[0mfalse [3mstatus[0m[2m=[0m403 [3melapsed_ms[0m[2m=[0m0.017182
[2m2026-10-04T02:42:27.230486Z[0m [32m INFO[0m [2mhv2_cluster::access[0m[2m:[0m control-plane access completed [3mrequest_id[0m[2m=[0mfd1fc5d4-967c-404e-bbf2-f0470adcd6dc [3mroute[0m[2m=[0m"/sandboxes/{id}/public-ports" [3mmethod[0m[2m=[0m"GET" [3mprincipal[0m[2m=[0m"scoped" [3mkey_id[0m[2m=[0m"0f2606580a91a2e6" [3mallowed[0m[2m=[0mfalse [3mstatus[0m[2m=[0m403 [3melapsed_ms[0m[2m=[0m0.015129
[2m2026-10-04T02:42:27.234516Z[0m [32m INFO[0m [2mhv2_cluster::access[0m[2m:[0m control-plane access completed [3mrequest_id[0m[2m=[0m610af797-e973-4f3a-9810-609c44d78e4a [3mroute[0m[2m=[0m"/sandboxes/{id}/public-ports" [3mmethod[0m[2m=[0m"GET" [3mprincipal[0m[2m=[0m"scoped" [3mkey_id[0m[2m=[0m"0f2606580a91a2e6" [3mallowed[0m[2m=[0mfalse [3mstatus[0m[2m=[0m403 [3melapsed_ms[0m[2m=[0m0.024596
[2m2026-10-04T02:42:27.242301Z[0m [32m INFO[0m [2mhv2_cluster::access[0m[2m:[0m control-plane access completed [3mrequest_id[0m[2m=[0m0b3f8750-6722-463f-b1ce-7308580bbabb [3mroute[0m[2m=[0m"/sandboxes/{id}/public-ports/{port}" [3mmethod[0m[2m=[0m"DELETE" [3mprincipal[0m[2m=[0m"scoped" [3mkey_id[0m[2m=[0m"0f2606580a91a2e6" [3mallowed[0m[2m=[0mfalse [3mstatus[0m[2m=[0m403 [3melapsed_ms[0m[2m=[0m0.017032
[2m2026-10-04T02:42:27.245667Z[0m [32m INFO[0m [2mhv2_cluster::access[0m[2m:[0m control-plane access completed [3mrequest_id[0m[2m=[0m387cccb2-b3ef-46a5-816f-ad3880dcdc2c [3mroute[0m[2m=[0m"/sandboxes/{id}/public-ports/{port}" [3mmethod[0m[2m=[0m"DELETE" [3mprincipal[0m[2m=[0m"scoped" [3mkey_id[0m[2m=[0m"0f2606580a91a2e6" [3mallowed[0m[2m=[0mfalse [3mstatus[0m[2m=[0m403 [3melapsed_ms[0m[2m=[0m0.014567
[2m2026-10-04T02:42:27.253208Z[0m [32m INFO[0m [2mhv2_cluster::access[0m[2m:[0m control-plane access completed [3mrequest_id[0m[2m=[0m2f9d402c-2065-4007-b921-a0327b74a297 [3mroute[0m[2m=[0m"/sandboxes/{id}/public-ports/{port}" [3mmethod[0m[2m=[0m"PUT" [3mprincipal[0m[2m=[0m"scoped" [3mkey_id[0m[2m=[0m"94d90f01e11c1710" [3mallowed[0m[2m=[0mfalse [3mstatus[0m[2m=[0m403 [3melapsed_ms[0m[2m=[0m0.015498999999999999
[2m2026-10-04T02:42:27.256648Z[0m [32m INFO[0m [2mhv2_cluster::access[0m[2m:[0m control-plane access completed [3mrequest_id[0m[2m=[0meaa8661d-f5aa-4202-b474-99379e243e9e [3mroute[0m[2m=[0m"/sandboxes/{id}/public-ports/{port}" [3mmethod[0m[2m=[0m"PUT" [3mprincipal[0m[2m=[0m"scoped" [3mkey_id[0m[2m=[0m"94d90f01e11c1710" [3mallowed[0m[2m=[0mfalse [3mstatus[0m[2m=[0m403 [3melapsed_ms[0m[2m=[0m0.016411
[2m2026-10-04T02:42:27.262937Z[0m [32m INFO[0m [2mhv2_cluster::access[0m[2m:[0m control-plane access completed [3mrequest_id[0m[2m=[0ma2e034ef-6b83-41b3-a071-6335b5d86b00 [3mroute[0m[2m=[0m"/sandboxes/{id}/public-ports" [3mmethod[0m[2m=[0m"GET" [3mprincipal[0m[2m=[0m"scoped" [3mkey_id[0m[2m=[0m"94d90f01e11c1710" [3mallowed[0m[2m=[0mfalse [3mstatus[0m[2m=[0m403 [3melapsed_ms[0m[2m=[0m0.014547
[2m2026-10-04T02:42:27.266355Z[0m [32m INFO[0m [2mhv2_cluster::access[0m[2m:[0m control-plane access completed [3mrequest_id[0m[2m=[0m07da4519-ec4a-4b1a-ab50-def0fbb9853a [3mroute[0m[2m=[0m"/sandboxes/{id}/public-ports" [3mmethod[0m[2m=[0m"GET" [3mprincipal[0m[2m=[0m"scoped" [3mkey_id[0m[2m=[0m"94d90f01e11c1710" [3mallowed[0m[2m=[0mfalse [3mstatus[0m[2m=[0m403 [3melapsed_ms[0m[2m=[0m0.034876000000000004
[2m2026-10-04T02:42:27.273699Z[0m [32m INFO[0m [2mhv2_cluster::access[0m[2m:[0m control-plane access completed [3mrequest_id[0m[2m=[0m611d5bbb-4c41-491c-a488-fb593dbb1d89 [3mroute[0m[2m=[0m"/sandboxes/{id}/public-ports/{port}" [3mmethod[0m[2m=[0m"DELETE" [3mprincipal[0m[2m=[0m"scoped" [3mkey_id[0m[2m=[0m"94d90f01e11c1710" [3mallowed[0m[2m=[0mfalse [3mstatus[0m[2m=[0m403 [3melapsed_ms[0m[2m=[0m0.016090999999999998
[2m2026-10-04T02:42:27.276897Z[0m [32m INFO[0m [2mhv2_cluster::access[0m[2m:[0m control-plane access completed [3mrequest_id[0m[2m=[0m51123c3b-9724-4117-8105-4eae9822fd7e [3mroute[0m[2m=[0m"/sandboxes/{id}/public-ports/{port}" [3mmethod[0m[2m=[0m"DELETE" [3mprincipal[0m[2m=[0m"scoped" [3mkey_id[0m[2m=[0m"94d90f01e11c1710" [3mallowed[0m[2m=[0mfalse [3mstatus[0m[2m=[0m403 [3melapsed_ms[0m[2m=[0m0.016591
[2m2026-10-04T02:42:27.284304Z[0m [32m INFO[0m [2mhv2_cluster::access[0m[2m:[0m control-plane access started [3mrequest_id[0m[2m=[0meb09d4ac-efcf-4ab0-9bf7-bb081fb59369 [3mroute[0m[2m=[0m"/sandboxes/{id}/public-ports/{port}" [3mmethod[0m[2m=[0m"PUT" [3mprincipal[0m[2m=[0m"scoped" [3mkey_id[0m[2m=[0m"82c84d38ef414cac"
[2m2026-10-04T02:42:27.284360Z[0m [32m INFO[0m [2mhv2_cluster::access[0m[2m:[0m control-plane access completed [3mrequest_id[0m[2m=[0meb09d4ac-efcf-4ab0-9bf7-bb081fb59369 [3mroute[0m[2m=[0m"/sandboxes/{id}/public-ports/{port}" [3mmethod[0m[2m=[0m"PUT" [3mprincipal[0m[2m=[0m"scoped" [3mkey_id[0m[2m=[0m"82c84d38ef414cac" [3mallowed[0m[2m=[0mtrue [3mstatus[0m[2m=[0m403 [3melapsed_ms[0m[2m=[0m0.06823800000000001
[2m2026-10-04T02:42:27.287795Z[0m [32m INFO[0m [2mhv2_cluster::access[0m[2m:[0m control-plane access started [3mrequest_id[0m[2m=[0me192c5c9-52c2-4d80-9f67-27cd5cd6dcee [3mroute[0m[2m=[0m"/sandboxes/{id}/public-ports/{port}" [3mmethod[0m[2m=[0m"PUT" [3mprincipal[0m[2m=[0m"scoped" [3mkey_id[0m[2m=[0m"82c84d38ef414cac"
[2m2026-10-04T02:42:27.287849Z[0m [32m INFO[0m [2mhv2_cluster::access[0m[2m:[0m control-plane access completed [3mrequest_id[0m[2m=[0me192c5c9-52c2-4d80-9f67-27cd5cd6dcee [3mroute[0m[2m=[0m"/sandboxes/{id}/public-ports/{port}" [3mmethod[0m[2m=[0m"PUT" [3mprincipal[0m[2m=[0m"scoped" [3mkey_id[0m[2m=[0m"82c84d38ef414cac" [3mallowed[0m[2m=[0mtrue [3mstatus[0m[2m=[0m403 [3melapsed_ms[0m[2m=[0m0.068909
[2m2026-10-04T02:42:27.294412Z[0m [32m INFO[0m [2mhv2_cluster::access[0m[2m:[0m control-plane access started [3mrequest_id[0m[2m=[0ma606a582-1441-4fda-b129-3c875d74989a [3mroute[0m[2m=[0m"/sandboxes/{id}/public-ports" [3mmethod[0m[2m=[0m"GET" [3mprincipal[0m[2m=[0m"scoped" [3mkey_id[0m[2m=[0m"82c84d38ef414cac"
[2m2026-10-04T02:42:27.294450Z[0m [32m INFO[0m [2mhv2_cluster::access[0m[2m:[0m control-plane access completed [3mrequest_id[0m[2m=[0ma606a582-1441-4fda-b129-3c875d74989a [3mroute[0m[2m=[0m"/sandboxes/{id}/public-ports" [3mmethod[0m[2m=[0m"GET" [3mprincipal[0m[2m=[0m"scoped" [3mkey_id[0m[2m=[0m"82c84d38ef414cac" [3mallowed[0m[2m=[0mtrue [3mstatus[0m[2m=[0m403 [3melapsed_ms[0m[2m=[0m0.050054
[2m2026-10-04T02:42:27.298063Z[0m [32m INFO[0m [2mhv2_cluster::access[0m[2m:[0m control-plane access started [3mrequest_id[0m[2m=[0m9f2cc510-c1de-4203-a9e4-e1a0f193c0a0 [3mroute[0m[2m=[0m"/sandboxes/{id}/public-ports" [3mmethod[0m[2m=[0m"GET" [3mprincipal[0m[2m=[0m"scoped" [3mkey_id[0m[2m=[0m"82c84d38ef414cac"
[2m2026-10-04T02:42:27.298100Z[0m [32m INFO[0m [2mhv2_cluster::access[0m[2m:[0m control-plane access completed [3mrequest_id[0m[2m=[0m9f2cc510-c1de-4203-a9e4-e1a0f193c0a0 [3mroute[0m[2m=[0m"/sandboxes/{id}/public-ports" [3mmethod[0m[2m=[0m"GET" [3mprincipal[0m[2m=[0m"scoped" [3mkey_id[0m[2m=[0m"82c84d38ef414cac" [3mallowed[0m[2m=[0mtrue [3mstatus[0m[2m=[0m403 [3melapsed_ms[0m[2m=[0m0.048430999999999995
[2m2026-10-04T02:42:27.304742Z[0m [32m INFO[0m [2mhv2_cluster::access[0m[2m:[0m control-plane access started [3mrequest_id[0m[2m=[0mebab3548-933f-4d3b-8d14-c56d09cad11b [3mroute[0m[2m=[0m"/sandboxes/{id}/public-ports/{port}" [3mmethod[0m[2m=[0m"DELETE" [3mprincipal[0m[2m=[0m"scoped" [3mkey_id[0m[2m=[0m"82c84d38ef414cac"
[2m2026-10-04T02:42:27.304781Z[0m [32m INFO[0m [2mhv2_cluster::access[0m[2m:[0m control-plane access completed [3mrequest_id[0m[2m=[0mebab3548-933f-4d3b-8d14-c56d09cad11b [3mroute[0m[2m=[0m"/sandboxes/{id}/public-ports/{port}" [3mmethod[0m[2m=[0m"DELETE" [3mprincipal[0m[2m=[0m"scoped" [3mkey_id[0m[2m=[0m"82c84d38ef414cac" [3mallowed[0m[2m=[0mtrue [3mstatus[0m[2m=[0m403 [3melapsed_ms[0m[2m=[0m0.050855
[2m2026-10-04T02:42:27.307945Z[0m [32m INFO[0m [2mhv2_cluster::access[0m[2m:[0m control-plane access started [3mrequest_id[0m[2m=[0mba2bd4ed-65db-4c96-81b6-4b1695c12bcb [3mroute[0m[2m=[0m"/sandboxes/{id}/public-ports/{port}" [3mmethod[0m[2m=[0m"DELETE" [3mprincipal[0m[2m=[0m"scoped" [3mkey_id[0m[2m=[0m"82c84d38ef414cac"
[2m2026-10-04T02:42:27.307980Z[0m [32m INFO[0m [2mhv2_cluster::access[0m[2m:[0m control-plane access completed [3mrequest_id[0m[2m=[0mba2bd4ed-65db-4c96-81b6-4b1695c12bcb [3mroute[0m[2m=[0m"/sandboxes/{id}/public-ports/{port}" [3mmethod[0m[2m=[0m"DELETE" [3mprincipal[0m[2m=[0m"scoped" [3mkey_id[0m[2m=[0m"82c84d38ef414cac" [3mallowed[0m[2m=[0mtrue [3mstatus[0m[2m=[0m403 [3melapsed_ms[0m[2m=[0m0.047128
[2m2026-10-04T02:42:27.315340Z[0m [32m INFO[0m [2mhv2_cluster::access[0m[2m:[0m control-plane access started [3mrequest_id[0m[2m=[0m9b587335-cae8-4ba6-8d20-d8906f796996 [3mroute[0m[2m=[0m"/sandboxes/{id}/public-ports/{port}" [3mmethod[0m[2m=[0m"PUT" [3mprincipal[0m[2m=[0m"legacy_admin" [3mkey_id[0m[2m=[0m"9f626f839586a5a9"
[2m2026-10-04T02:42:27.315406Z[0m [32m INFO[0m [2mhv2_cluster::access[0m[2m:[0m control-plane access completed [3mrequest_id[0m[2m=[0m9b587335-cae8-4ba6-8d20-d8906f796996 [3mroute[0m[2m=[0m"/sandboxes/{id}/public-ports/{port}" [3mmethod[0m[2m=[0m"PUT" [3mprincipal[0m[2m=[0m"legacy_admin" [3mkey_id[0m[2m=[0m"9f626f839586a5a9" [3mallowed[0m[2m=[0mtrue [3mstatus[0m[2m=[0m403 [3melapsed_ms[0m[2m=[0m0.083677
[2m2026-10-04T02:42:27.319383Z[0m [32m INFO[0m [2mhv2_cluster::access[0m[2m:[0m control-plane access started [3mrequest_id[0m[2m=[0mb68fe17e-70dc-4548-9b38-fc0c78c26dd0 [3mroute[0m[2m=[0m"/sandboxes/{id}/public-ports/{port}" [3mmethod[0m[2m=[0m"PUT" [3mprincipal[0m[2m=[0m"legacy_admin" [3mkey_id[0m[2m=[0m"9f626f839586a5a9"
[2m2026-10-04T02:42:27.319451Z[0m [32m INFO[0m [2mhv2_cluster::access[0m[2m:[0m control-plane access completed [3mrequest_id[0m[2m=[0mb68fe17e-70dc-4548-9b38-fc0c78c26dd0 [3mroute[0m[2m=[0m"/sandboxes/{id}/public-ports/{port}" [3mmethod[0m[2m=[0m"PUT" [3mprincipal[0m[2m=[0m"legacy_admin" [3mkey_id[0m[2m=[0m"9f626f839586a5a9" [3mallowed[0m[2m=[0mtrue [3mstatus[0m[2m=[0m403 [3melapsed_ms[0m[2m=[0m0.082835
[2m2026-10-04T02:42:27.326269Z[0m [32m INFO[0m [2mhv2_cluster::access[0m[2m:[0m control-plane access started [3mrequest_id[0m[2m=[0m573df298-2bb0-4e62-b6ba-f7307cf728ff [3mroute[0m[2m=[0m"/sandboxes/{id}/public-ports" [3mmethod[0m[2m=[0m"GET" [3mprincipal[0m[2m=[0m"legacy_admin" [3mkey_id[0m[2m=[0m"9f626f839586a5a9"
[2m2026-10-04T02:42:27.326313Z[0m [32m INFO[0m [2mhv2_cluster::access[0m[2m:[0m control-plane access completed [3mrequest_id[0m[2m=[0m573df298-2bb0-4e62-b6ba-f7307cf728ff [3mroute[0m[2m=[0m"/sandboxes/{id}/public-ports" [3mmethod[0m[2m=[0m"GET" [3mprincipal[0m[2m=[0m"legacy_admin" [3mkey_id[0m[2m=[0m"9f626f839586a5a9" [3mallowed[0m[2m=[0mtrue [3mstatus[0m[2m=[0m403 [3melapsed_ms[0m[2m=[0m0.057188
[2m2026-10-04T02:42:27.330000Z[0m [32m INFO[0m [2mhv2_cluster::access[0m[2m:[0m control-plane access started [3mrequest_id[0m[2m=[0ma2b70251-1506-47c2-9788-4e4c057e5167 [3mroute[0m[2m=[0m"/sandboxes/{id}/public-ports" [3mmethod[0m[2m=[0m"GET" [3mprincipal[0m[2m=[0m"legacy_admin" [3mkey_id[0m[2m=[0m"9f626f839586a5a9"
[2m2026-10-04T02:42:27.330046Z[0m [32m INFO[0m [2mhv2_cluster::access[0m[2m:[0m control-plane access completed [3mrequest_id[0m[2m=[0ma2b70251-1506-47c2-9788-4e4c057e5167 [3mroute[0m[2m=[0m"/sandboxes/{id}/public-ports" [3mmethod[0m[2m=[0m"GET" [3mprincipal[0m[2m=[0m"legacy_admin" [3mkey_id[0m[2m=[0m"9f626f839586a5a9" [3mallowed[0m[2m=[0mtrue [3mstatus[0m[2m=[0m403 [3melapsed_ms[0m[2m=[0m0.061706
[2m2026-10-04T02:42:27.337610Z[0m [32m INFO[0m [2mhv2_cluster::access[0m[2m:[0m control-plane access started [3mrequest_id[0m[2m=[0m1baac160-a094-4f05-a95f-4a980646734a [3mroute[0m[2m=[0m"/sandboxes/{id}/public-ports/{port}" [3mmethod[0m[2m=[0m"DELETE" [3mprincipal[0m[2m=[0m"legacy_admin" [3mkey_id[0m[2m=[0m"9f626f839586a5a9"
[2m2026-10-04T02:42:27.337656Z[0m [32m INFO[0m [2mhv2_cluster::access[0m[2m:[0m control-plane access completed [3mrequest_id[0m[2m=[0m1baac160-a094-4f05-a95f-4a980646734a [3mroute[0m[2m=[0m"/sandboxes/{id}/public-ports/{port}" [3mmethod[0m[2m=[0m"DELETE" [3mprincipal[0m[2m=[0m"legacy_admin" [3mkey_id[0m[2m=[0m"9f626f839586a5a9" [3mallowed[0m[2m=[0mtrue [3mstatus[0m[2m=[0m403 [3melapsed_ms[0m[2m=[0m0.057889
[2m2026-10-04T02:42:27.341018Z[0m [32m INFO[0m [2mhv2_cluster::access[0m[2m:[0m control-plane access started [3mrequest_id[0m[2m=[0m382d9d7d-b6ba-4259-b7e6-df257e8e207a [3mroute[0m[2m=[0m"/sandboxes/{id}/public-ports/{port}" [3mmethod[0m[2m=[0m"DELETE" [3mprincipal[0m[2m=[0m"legacy_admin" [3mkey_id[0m[2m=[0m"9f626f839586a5a9"
[2m2026-10-04T02:42:27.341054Z[0m [32m INFO[0m [2mhv2_cluster::access[0m[2m:[0m control-plane access completed [3mrequest_id[0m[2m=[0m382d9d7d-b6ba-4259-b7e6-df257e8e207a [3mroute[0m[2m=[0m"/sandboxes/{id}/public-ports/{port}" [3mmethod[0m[2m=[0m"DELETE" [3mprincipal[0m[2m=[0m"legacy_admin" [3mkey_id[0m[2m=[0m"9f626f839586a5a9" [3mallowed[0m[2m=[0mtrue [3mstatus[0m[2m=[0m403 [3melapsed_ms[0m[2m=[0m0.046417
[2m2026-10-04T02:42:27.347246Z[0m [32m INFO[0m [2mhv2_cluster::access[0m[2m:[0m control-plane access started [3mrequest_id[0m[2m=[0m5f7561f7-09f8-45df-9062-f7c1422a1a92 [3mroute[0m[2m=[0m"/sandboxes" [3mmethod[0m[2m=[0m"POST" [3mprincipal[0m[2m=[0m"legacy_admin" [3mkey_id[0m[2m=[0m"9f626f839586a5a9"
[2m2026-10-04T02:42:27.348035Z[0m [32m INFO[0m [2mhv2_core::hypervisor[0m[2m:[0m Detected hypervisor platform: Kvm
[2m2026-10-04T02:42:27.348521Z[0m [32m INFO[0m [2mhv2_core::vm[0m[2m:[0m VM 'sbx-3c5a748f02484465843b': vsock device attached at 0xd0000000 (guest CID 100, IRQ 5)
[2m2026-10-04T02:42:27.348530Z[0m [32m INFO[0m [2mhv2_core::devices::serial[0m[2m:[0m Initializing serial device 'COM1' at 0x3F8
[2m2026-10-04T02:42:27.349790Z[0m [32m INFO[0m [2mhv2_core::vm[0m[2m:[0m Provisioned VM 'sbx-3c5a748f02484465843b' on the Kvm backend (1 vCPUs, 1024 MiB)
[2m2026-10-04T02:42:27.350295Z[0m [32m INFO[0m [2mhv2_core::vm[0m[2m:[0m VM 'sbx-3c5a748f02484465843b' restored from /tmp/hm-udp-kvm-hnxa_fjw/snapshots/templates/48454fd837dc52740c691aafc9cb1fdc/template.snap
[2m2026-10-04T02:42:27.350309Z[0m [32m INFO[0m [2mhv2_core::vm[0m[2m:[0m Starting VM 'sbx-3c5a748f02484465843b' with 1 vCPUs and 1 GB memory (parallel=true)
[2m2026-10-04T02:42:27.350437Z[0m [32m INFO[0m [2mhv2_core::vm[0m[2m:[0m Starting VM execution for 'sbx-3c5a748f02484465843b' with 1 vCPUs
[2m2026-10-04T02:42:27.350464Z[0m [32m INFO[0m [2mhv2_core::vm[0m[2m:[0m Starting parallel execution with 1 vCPU tasks
[2m2026-10-04T02:42:27.350642Z[0m [32m INFO[0m [2mhv2_core::vm[0m[2m:[0m vCPU 0 task started
[2m2026-10-04T02:42:27.371072Z[0m [32m INFO[0m [2mhv2_cluster::access[0m[2m:[0m control-plane access completed [3mrequest_id[0m[2m=[0m5f7561f7-09f8-45df-9062-f7c1422a1a92 [3mroute[0m[2m=[0m"/sandboxes" [3mmethod[0m[2m=[0m"POST" [3mprincipal[0m[2m=[0m"legacy_admin" [3mkey_id[0m[2m=[0m"9f626f839586a5a9" [3mallowed[0m[2m=[0mtrue [3mstatus[0m[2m=[0m201 [3melapsed_ms[0m[2m=[0m23.833454
[2m2026-10-04T02:42:27.384684Z[0m [32m INFO[0m [2mhv2_cluster::access[0m[2m:[0m control-plane access started [3mrequest_id[0m[2m=[0m5dfcac44-e7d0-4444-8a5f-a84211991f61 [3mroute[0m[2m=[0m"/sandboxes/{id}/public-ports/{port}" [3mmethod[0m[2m=[0m"PUT" [3mprincipal[0m[2m=[0m"scoped" [3mkey_id[0m[2m=[0m"ac684f7688355abf"
[2m2026-10-04T02:42:27.385019Z[0m [32m INFO[0m [2mhv2_cluster::access[0m[2m:[0m control-plane access completed [3mrequest_id[0m[2m=[0m5dfcac44-e7d0-4444-8a5f-a84211991f61 [3mroute[0m[2m=[0m"/sandboxes/{id}/public-ports/{port}" [3mmethod[0m[2m=[0m"PUT" [3mprincipal[0m[2m=[0m"scoped" [3mkey_id[0m[2m=[0m"ac684f7688355abf" [3mallowed[0m[2m=[0mtrue [3mstatus[0m[2m=[0m403 [3melapsed_ms[0m[2m=[0m0.350832
[2m2026-10-04T02:42:27.388633Z[0m [32m INFO[0m [2mhv2_cluster::access[0m[2m:[0m control-plane access started [3mrequest_id[0m[2m=[0m3129f03f-4f09-4a85-866b-082e1596caaf [3mroute[0m[2m=[0m"/sandboxes/{id}/public-ports/{port}" [3mmethod[0m[2m=[0m"PUT" [3mprincipal[0m[2m=[0m"scoped" [3mkey_id[0m[2m=[0m"ac684f7688355abf"
[2m2026-10-04T02:42:27.388958Z[0m [32m INFO[0m [2mhv2_cluster::access[0m[2m:[0m control-plane access completed [3mrequest_id[0m[2m=[0m3129f03f-4f09-4a85-866b-082e1596caaf [3mroute[0m[2m=[0m"/sandboxes/{id}/public-ports/{port}" [3mmethod[0m[2m=[0m"PUT" [3mprincipal[0m[2m=[0m"scoped" [3mkey_id[0m[2m=[0m"ac684f7688355abf" [3mallowed[0m[2m=[0mtrue [3mstatus[0m[2m=[0m403 [3melapsed_ms[0m[2m=[0m0.33948300000000003
[2m2026-10-04T02:42:27.395813Z[0m [32m INFO[0m [2mhv2_cluster::access[0m[2m:[0m control-plane access started [3mrequest_id[0m[2m=[0m8898732b-08db-4406-a526-90abbdf5a742 [3mroute[0m[2m=[0m"/sandboxes/{id}/public-ports" [3mmethod[0m[2m=[0m"GET" [3mprincipal[0m[2m=[0m"scoped" [3mkey_id[0m[2m=[0m"ac684f7688355abf"
[2m2026-10-04T02:42:27.396083Z[0m [32m INFO[0m [2mhv2_cluster::access[0m[2m:[0m control-plane access completed [3mrequest_id[0m[2m=[0m8898732b-08db-4406-a526-90abbdf5a742 [3mroute[0m[2m=[0m"/sandboxes/{id}/public-ports" [3mmethod[0m[2m=[0m"GET" [3mprincipal[0m[2m=[0m"scoped" [3mkey_id[0m[2m=[0m"ac684f7688355abf" [3mallowed[0m[2m=[0mtrue [3mstatus[0m[2m=[0m403 [3melapsed_ms[0m[2m=[0m0.281989
[2m2026-10-04T02:42:27.399242Z[0m [32m INFO[0m [2mhv2_cluster::access[0m[2m:[0m control-plane access started [3mrequest_id[0m[2m=[0m0d5d42c2-eb46-4ce5-b459-8b706f36c735 [3mroute[0m[2m=[0m"/sandboxes/{id}/public-ports" [3mmethod[0m[2m=[0m"GET" [3mprincipal[0m[2m=[0m"scoped" [3mkey_id[0m[2m=[0m"ac684f7688355abf"
[2m2026-10-04T02:42:27.399453Z[0m [32m INFO[0m [2mhv2_cluster::access[0m[2m:[0m control-plane access completed [3mrequest_id[0m[2m=[0m0d5d42c2-eb46-4ce5-b459-8b706f36c735 [3mroute[0m[2m=[0m"/sandboxes/{id}/public-ports" [3mmethod[0m[2m=[0m"GET" [3mprincipal[0m[2m=[0m"scoped" [3mkey_id[0m[2m=[0m"ac684f7688355abf" [3mallowed[0m[2m=[0mtrue [3mstatus[0m[2m=[0m403 [3melapsed_ms[0m[2m=[0m0.217973
[2m2026-10-04T02:42:27.406603Z[0m [32m INFO[0m [2mhv2_cluster::access[0m[2m:[0m control-plane access started [3mrequest_id[0m[2m=[0ma5c9c1ed-18d6-445f-8eca-30c743a97709 [3mroute[0m[2m=[0m"/sandboxes/{id}/public-ports/{port}" [3mmethod[0m[2m=[0m"DELETE" [3mprincipal[0m[2m=[0m"scoped" [3mkey_id[0m[2m=[0m"ac684f7688355abf"
[2m2026-10-04T02:42:27.406858Z[0m [32m INFO[0m [2mhv2_cluster::access[0m[2m:[0m control-plane access completed [3mrequest_id[0m[2m=[0ma5c9c1ed-18d6-445f-8eca-30c743a97709 [3mroute[0m[2m=[0m"/sandboxes/{id}/public-ports/{port}" [3mmethod[0m[2m=[0m"DELETE" [3mprincipal[0m[2m=[0m"scoped" [3mkey_id[0m[2m=[0m"ac684f7688355abf" [3mallowed[0m[2m=[0mtrue [3mstatus[0m[2m=[0m403 [3melapsed_ms[0m[2m=[0m0.267091
[2m2026-10-04T02:42:27.411117Z[0m [32m INFO[0m [2mhv2_cluster::access[0m[2m:[0m control-plane access started [3mrequest_id[0m[2m=[0m3940d637-6242-4e0f-8c9f-8e903f7a22fb [3mroute[0m[2m=[0m"/sandboxes/{id}/public-ports/{port}" [3mmethod[0m[2m=[0m"DELETE" [3mprincipal[0m[2m=[0m"scoped" [3mkey_id[0m[2m=[0m"ac684f7688355abf"
[2m2026-10-04T02:42:27.411386Z[0m [32m INFO[0m [2mhv2_cluster::access[0m[2m:[0m control-plane access completed [3mrequest_id[0m[2m=[0m3940d637-6242-4e0f-8c9f-8e903f7a22fb [3mroute[0m[2m=[0m"/sandboxes/{id}/public-ports/{port}" [3mmethod[0m[2m=[0m"DELETE" [3mprincipal[0m[2m=[0m"scoped" [3mkey_id[0m[2m=[0m"ac684f7688355abf" [3mallowed[0m[2m=[0mtrue [3mstatus[0m[2m=[0m403 [3melapsed_ms[0m[2m=[0m0.280366
[2m2026-10-04T02:42:27.412730Z[0m [32m INFO[0m [2mhv2_cluster::access[0m[2m:[0m control-plane access started [3mrequest_id[0m[2m=[0m19f767eb-914e-4e8f-8321-779692c3f351 [3mroute[0m[2m=[0m"/sandboxes/{id}" [3mmethod[0m[2m=[0m"DELETE" [3mprincipal[0m[2m=[0m"scoped" [3mkey_id[0m[2m=[0m"ac684f7688355abf"
[2m2026-10-04T02:42:27.413467Z[0m [32m INFO[0m [2mhv2_core::vm[0m[2m:[0m vCPU 0 task exited (exits=39)
[2m2026-10-04T02:42:27.413554Z[0m [32m INFO[0m [2mhv2_core::vm[0m[2m:[0m VM parallel execution completed for 'sbx-3c5a748f02484465843b'
[2m2026-10-04T02:42:27.413565Z[0m [32m INFO[0m [2mhv2_core::vm[0m[2m:[0m VM 'sbx-3c5a748f02484465843b' stopped
[2m2026-10-04T02:42:27.461235Z[0m [32m INFO[0m [2mhv2_cluster::access[0m[2m:[0m control-plane access completed [3mrequest_id[0m[2m=[0m19f767eb-914e-4e8f-8321-779692c3f351 [3mroute[0m[2m=[0m"/sandboxes/{id}" [3mmethod[0m[2m=[0m"DELETE" [3mprincipal[0m[2m=[0m"scoped" [3mkey_id[0m[2m=[0m"ac684f7688355abf" [3mallowed[0m[2m=[0mtrue [3mstatus[0m[2m=[0m204 [3melapsed_ms[0m[2m=[0m48.508700000000005
[2m2026-10-04T02:42:27.469916Z[0m [32m INFO[0m [2mhv2_cluster::access[0m[2m:[0m control-plane access started [3mrequest_id[0m[2m=[0ma3550d20-4324-45bc-9aaa-c8835d0656b3 [3mroute[0m[2m=[0m"/sandboxes/{id}/public-ports/{port}" [3mmethod[0m[2m=[0m"PUT" [3mprincipal[0m[2m=[0m"scoped" [3mkey_id[0m[2m=[0m"ac684f7688355abf"
[2m2026-10-04T02:42:27.470527Z[0m [32m INFO[0m [2mhv2_cluster::access[0m[2m:[0m control-plane access completed [3mrequest_id[0m[2m=[0ma3550d20-4324-45bc-9aaa-c8835d0656b3 [3mroute[0m[2m=[0m"/sandboxes/{id}/public-ports/{port}" [3mmethod[0m[2m=[0m"PUT" [3mprincipal[0m[2m=[0m"scoped" [3mkey_id[0m[2m=[0m"ac684f7688355abf" [3mallowed[0m[2m=[0mtrue [3mstatus[0m[2m=[0m202 [3melapsed_ms[0m[2m=[0m0.6367290000000001
native gateway started
[2m2026-10-04T02:42:27.943154Z[0m [32m INFO[0m [2mhv2_cluster::access[0m[2m:[0m control-plane access started [3mrequest_id[0m[2m=[0m11a42d8e-49f8-4831-bbe0-69aa998a9273 [3mroute[0m[2m=[0m"/sandboxes/{id}/ports/{port}/udp" [3mmethod[0m[2m=[0m"GET" [3mprincipal[0m[2m=[0m"scoped" [3mkey_id[0m[2m=[0m"ac684f7688355abf"
[2m2026-10-04T02:42:27.943154Z[0m [32m INFO[0m [2mhv2_cluster::access[0m[2m:[0m control-plane access started [3mrequest_id[0m[2m=[0m2333e80e-e2bd-4e43-abfc-8b2b8bc26606 [3mroute[0m[2m=[0m"/sandboxes/{id}/ports/{port}/udp" [3mmethod[0m[2m=[0m"GET" [3mprincipal[0m[2m=[0m"scoped" [3mkey_id[0m[2m=[0m"ac684f7688355abf"
[2m2026-10-04T02:42:27.943191Z[0m [32m INFO[0m [2mhv2_cluster::access[0m[2m:[0m control-plane access started [3mrequest_id[0m[2m=[0mfa2b227a-eab6-473d-8b36-57caa022a83c [3mroute[0m[2m=[0m"/sandboxes/{id}/ports/{port}/udp" [3mmethod[0m[2m=[0m"GET" [3mprincipal[0m[2m=[0m"scoped" [3mkey_id[0m[2m=[0m"ac684f7688355abf"
[2m2026-10-04T02:42:27.943681Z[0m [32m INFO[0m [2mhv2_cluster::access[0m[2m:[0m control-plane access started [3mrequest_id[0m[2m=[0m5f511794-df3d-4b3d-a5ff-9b5bbcdd5859 [3mroute[0m[2m=[0m"/sandboxes/{id}/ports/{port}/udp" [3mmethod[0m[2m=[0m"GET" [3mprincipal[0m[2m=[0m"scoped" [3mkey_id[0m[2m=[0m"ac684f7688355abf"
[2m2026-10-04T02:42:27.943968Z[0m [32m INFO[0m [2mhv2_cluster::access[0m[2m:[0m control-plane access started [3mrequest_id[0m[2m=[0m1a801473-1314-4bf0-8e90-dbf3f87454be [3mroute[0m[2m=[0m"/sandboxes/{id}/ports/{port}/udp" [3mmethod[0m[2m=[0m"GET" [3mprincipal[0m[2m=[0m"scoped" [3mkey_id[0m[2m=[0m"ac684f7688355abf"
[2m2026-10-04T02:42:27.944298Z[0m [32m INFO[0m [2mhv2_cluster::access[0m[2m:[0m control-plane access started [3mrequest_id[0m[2m=[0mbae47398-0be7-4121-8fac-10378703a1aa [3mroute[0m[2m=[0m"/sandboxes/{id}/ports/{port}/udp" [3mmethod[0m[2m=[0m"GET" [3mprincipal[0m[2m=[0m"scoped" [3mkey_id[0m[2m=[0m"ac684f7688355abf"
[2m2026-10-04T02:42:27.945022Z[0m [32m INFO[0m [2mhv2_cluster::access[0m[2m:[0m control-plane access started [3mrequest_id[0m[2m=[0mfc3ac3b3-c106-4fd9-ba97-201f173366b2 [3mroute[0m[2m=[0m"/sandboxes/{id}/ports/{port}/udp" [3mmethod[0m[2m=[0m"GET" [3mprincipal[0m[2m=[0m"scoped" [3mkey_id[0m[2m=[0m"ac684f7688355abf"
[2m2026-10-04T02:42:27.945269Z[0m [32m INFO[0m [2mhv2_cluster::access[0m[2m:[0m control-plane access started [3mrequest_id[0m[2m=[0m7399464b-d480-469e-90d4-b2c09ed0c34f [3mroute[0m[2m=[0m"/sandboxes/{id}/ports/{port}/udp" [3mmethod[0m[2m=[0m"GET" [3mprincipal[0m[2m=[0m"scoped" [3mkey_id[0m[2m=[0m"ac684f7688355abf"
[2m2026-10-04T02:42:27.985894Z[0m [32m INFO[0m [2mhv2_cluster::access[0m[2m:[0m control-plane access completed [3mrequest_id[0m[2m=[0m2333e80e-e2bd-4e43-abfc-8b2b8bc26606 [3mroute[0m[2m=[0m"/sandboxes/{id}/ports/{port}/udp" [3mmethod[0m[2m=[0m"GET" [3mprincipal[0m[2m=[0m"scoped" [3mkey_id[0m[2m=[0m"ac684f7688355abf" [3mallowed[0m[2m=[0mtrue [3mstatus[0m[2m=[0m101 [3melapsed_ms[0m[2m=[0m42.758329999999994
[2m2026-10-04T02:42:27.989249Z[0m [32m INFO[0m [2mhv2_cluster::access[0m[2m:[0m control-plane access completed [3mrequest_id[0m[2m=[0m11a42d8e-49f8-4831-bbe0-69aa998a9273 [3mroute[0m[2m=[0m"/sandboxes/{id}/ports/{port}/udp" [3mmethod[0m[2m=[0m"GET" [3mprincipal[0m[2m=[0m"scoped" [3mkey_id[0m[2m=[0m"ac684f7688355abf" [3mallowed[0m[2m=[0mtrue [3mstatus[0m[2m=[0m101 [3melapsed_ms[0m[2m=[0m46.113369
[2m2026-10-04T02:42:27.992319Z[0m [32m INFO[0m [2mhv2_cluster::access[0m[2m:[0m control-plane access completed [3mrequest_id[0m[2m=[0mbae47398-0be7-4121-8fac-10378703a1aa [3mroute[0m[2m=[0m"/sandboxes/{id}/ports/{port}/udp" [3mmethod[0m[2m=[0m"GET" [3mprincipal[0m[2m=[0m"scoped" [3mkey_id[0m[2m=[0m"ac684f7688355abf" [3mallowed[0m[2m=[0mtrue [3mstatus[0m[2m=[0m101 [3melapsed_ms[0m[2m=[0m48.021501
[2m2026-10-04T02:42:27.995380Z[0m [32m INFO[0m [2mhv2_cluster::access[0m[2m:[0m control-plane access completed [3mrequest_id[0m[2m=[0m1a801473-1314-4bf0-8e90-dbf3f87454be [3mroute[0m[2m=[0m"/sandboxes/{id}/ports/{port}/udp" [3mmethod[0m[2m=[0m"GET" [3mprincipal[0m[2m=[0m"scoped" [3mkey_id[0m[2m=[0m"ac684f7688355abf" [3mallowed[0m[2m=[0mtrue [3mstatus[0m[2m=[0m101 [3melapsed_ms[0m[2m=[0m51.411581999999996
[2m2026-10-04T02:42:27.999828Z[0m [32m INFO[0m [2mhv2_cluster::access[0m[2m:[0m control-plane access completed [3mrequest_id[0m[2m=[0m7399464b-d480-469e-90d4-b2c09ed0c34f [3mroute[0m[2m=[0m"/sandboxes/{id}/ports/{port}/udp" [3mmethod[0m[2m=[0m"GET" [3mprincipal[0m[2m=[0m"scoped" [3mkey_id[0m[2m=[0m"ac684f7688355abf" [3mallowed[0m[2m=[0mtrue [3mstatus[0m[2m=[0m101 [3melapsed_ms[0m[2m=[0m54.557493
[2m2026-10-04T02:42:28.003068Z[0m [32m INFO[0m [2mhv2_cluster::access[0m[2m:[0m control-plane access completed [3mrequest_id[0m[2m=[0mfc3ac3b3-c106-4fd9-ba97-201f173366b2 [3mroute[0m[2m=[0m"/sandboxes/{id}/ports/{port}/udp" [3mmethod[0m[2m=[0m"GET" [3mprincipal[0m[2m=[0m"scoped" [3mkey_id[0m[2m=[0m"ac684f7688355abf" [3mallowed[0m[2m=[0mtrue [3mstatus[0m[2m=[0m101 [3melapsed_ms[0m[2m=[0m58.058099
[2m2026-10-04T02:42:28.006536Z[0m [32m INFO[0m [2mhv2_cluster::access[0m[2m:[0m control-plane access completed [3mrequest_id[0m[2m=[0m5f511794-df3d-4b3d-a5ff-9b5bbcdd5859 [3mroute[0m[2m=[0m"/sandboxes/{id}/ports/{port}/udp" [3mmethod[0m[2m=[0m"GET" [3mprincipal[0m[2m=[0m"scoped" [3mkey_id[0m[2m=[0m"ac684f7688355abf" [3mallowed[0m[2m=[0mtrue [3mstatus[0m[2m=[0m101 [3melapsed_ms[0m[2m=[0m62.864322
[2m2026-10-04T02:42:28.009438Z[0m [32m INFO[0m [2mhv2_cluster::access[0m[2m:[0m control-plane access completed [3mrequest_id[0m[2m=[0mfa2b227a-eab6-473d-8b36-57caa022a83c [3mroute[0m[2m=[0m"/sandboxes/{id}/ports/{port}/udp" [3mmethod[0m[2m=[0m"GET" [3mprincipal[0m[2m=[0m"scoped" [3mkey_id[0m[2m=[0m"ac684f7688355abf" [3mallowed[0m[2m=[0mtrue [3mstatus[0m[2m=[0m101 [3melapsed_ms[0m[2m=[0m66.246803
[2m2026-10-04T02:42:41.201513Z[0m [32m INFO[0m [2mhv2_cluster::access[0m[2m:[0m control-plane access started [3mrequest_id[0m[2m=[0m0d871d83-00a8-481b-a052-690be50c4d00 [3mroute[0m[2m=[0m"/sandboxes/{id}/fork" [3mmethod[0m[2m=[0m"POST" [3mprincipal[0m[2m=[0m"scoped" [3mkey_id[0m[2m=[0m"ac684f7688355abf"
[2m2026-10-04T02:42:41.202495Z[0m [32m INFO[0m [2mhv2_core::vm[0m[2m:[0m VM 'sbx-1d6101a888ef4fb8a7e6' paused
[2m2026-10-04T02:42:41.212469Z[0m [32m INFO[0m [2mhv2_core::vm[0m[2m:[0m VM 'sbx-1d6101a888ef4fb8a7e6' snapshotted to /tmp/hm-udp-kvm-hnxa_fjw/snapshots/paused/sbx-1d6101a888ef4fb8a7e6-fork-d7be851eb58e4c17b6ccafc7c54c0e8a.snap
[2m2026-10-04T02:42:41.212563Z[0m [32m INFO[0m [2mhv2_core::vm[0m[2m:[0m VM 'sbx-1d6101a888ef4fb8a7e6' resumed
[2m2026-10-04T02:42:41.212714Z[0m [32m INFO[0m [2mhv2_core::hypervisor[0m[2m:[0m Detected hypervisor platform: Kvm
[2m2026-10-04T02:42:41.212742Z[0m [32m INFO[0m [2mhv2_core::hypervisor[0m[2m:[0m Detected hypervisor platform: Kvm
[2m2026-10-04T02:42:41.213320Z[0m [32m INFO[0m [2mhv2_core::vm[0m[2m:[0m VM 'sbx-01343fb688d1479e924c': vsock device attached at 0xd0000000 (guest CID 100, IRQ 5)
[2m2026-10-04T02:42:41.213329Z[0m [32m INFO[0m [2mhv2_core::devices::serial[0m[2m:[0m Initializing serial device 'COM1' at 0x3F8
[2m2026-10-04T02:42:41.213409Z[0m [32m INFO[0m [2mhv2_core::vm[0m[2m:[0m VM 'sbx-3d20a96ad8f04da9b49d': vsock device attached at 0xd0000000 (guest CID 100, IRQ 5)
[2m2026-10-04T02:42:41.213416Z[0m [32m INFO[0m [2mhv2_core::devices::serial[0m[2m:[0m Initializing serial device 'COM1' at 0x3F8
[2m2026-10-04T02:42:41.215138Z[0m [32m INFO[0m [2mhv2_core::vm[0m[2m:[0m Provisioned VM 'sbx-01343fb688d1479e924c' on the Kvm backend (1 vCPUs, 1024 MiB)
[2m2026-10-04T02:42:41.215151Z[0m [32m INFO[0m [2mhv2_core::vm[0m[2m:[0m Provisioned VM 'sbx-3d20a96ad8f04da9b49d' on the Kvm backend (1 vCPUs, 1024 MiB)
[2m2026-10-04T02:42:41.228002Z[0m [32m INFO[0m [2mhv2_core::vm[0m[2m:[0m VM 'sbx-01343fb688d1479e924c' restored from /tmp/hm-udp-kvm-hnxa_fjw/snapshots/paused/sbx-1d6101a888ef4fb8a7e6-fork-d7be851eb58e4c17b6ccafc7c54c0e8a.snap
[2m2026-10-04T02:42:41.228062Z[0m [32m INFO[0m [2mhv2_core::vm[0m[2m:[0m Starting VM 'sbx-01343fb688d1479e924c' with 1 vCPUs and 1 GB memory (parallel=true)
[2m2026-10-04T02:42:41.228255Z[0m [32m INFO[0m [2mhv2_core::vm[0m[2m:[0m Starting VM execution for 'sbx-01343fb688d1479e924c' with 1 vCPUs
[2m2026-10-04T02:42:41.228262Z[0m [32m INFO[0m [2mhv2_core::vm[0m[2m:[0m Starting parallel execution with 1 vCPU tasks
[2m2026-10-04T02:42:41.228307Z[0m [32m INFO[0m [2mhv2_core::vm[0m[2m:[0m VM 'sbx-3d20a96ad8f04da9b49d' restored from /tmp/hm-udp-kvm-hnxa_fjw/snapshots/paused/sbx-1d6101a888ef4fb8a7e6-fork-d7be851eb58e4c17b6ccafc7c54c0e8a.snap
[2m2026-10-04T02:42:41.228337Z[0m [32m INFO[0m [2mhv2_core::vm[0m[2m:[0m Starting VM 'sbx-3d20a96ad8f04da9b49d' with 1 vCPUs and 1 GB memory (parallel=true)
[2m2026-10-04T02:42:41.228492Z[0m [32m INFO[0m [2mhv2_core::vm[0m[2m:[0m Starting VM execution for 'sbx-3d20a96ad8f04da9b49d' with 1 vCPUs
[2m2026-10-04T02:42:41.228504Z[0m [32m INFO[0m [2mhv2_core::vm[0m[2m:[0m Starting parallel execution with 1 vCPU tasks
[2m2026-10-04T02:42:41.228545Z[0m [32m INFO[0m [2mhv2_core::vm[0m[2m:[0m vCPU 0 task started
[2m2026-10-04T02:42:41.228653Z[0m [32m INFO[0m [2mhv2_core::vm[0m[2m:[0m vCPU 0 task started
[2m2026-10-04T02:42:41.239266Z[0m [32m INFO[0m [2mhv2_cluster::access[0m[2m:[0m control-plane access completed [3mrequest_id[0m[2m=[0m0d871d83-00a8-481b-a052-690be50c4d00 [3mroute[0m[2m=[0m"/sandboxes/{id}/fork" [3mmethod[0m[2m=[0m"POST" [3mprincipal[0m[2m=[0m"scoped" [3mkey_id[0m[2m=[0m"ac684f7688355abf" [3mallowed[0m[2m=[0mtrue [3mstatus[0m[2m=[0m201 [3melapsed_ms[0m[2m=[0m37.768068
[2m2026-10-04T02:42:41.251452Z[0m [32m INFO[0m [2mhv2_cluster::access[0m[2m:[0m control-plane access started [3mrequest_id[0m[2m=[0m3469a6a5-28d2-438b-b420-98fca6e93162 [3mroute[0m[2m=[0m"/sandboxes/{id}" [3mmethod[0m[2m=[0m"DELETE" [3mprincipal[0m[2m=[0m"scoped" [3mkey_id[0m[2m=[0m"ac684f7688355abf"
[2m2026-10-04T02:42:41.252287Z[0m [32m INFO[0m [2mhv2_core::vm[0m[2m:[0m vCPU 0 task exited (exits=18)
[2m2026-10-04T02:42:41.252405Z[0m [32m INFO[0m [2mhv2_core::vm[0m[2m:[0m VM parallel execution completed for 'sbx-3d20a96ad8f04da9b49d'
[2m2026-10-04T02:42:41.252419Z[0m [32m INFO[0m [2mhv2_core::vm[0m[2m:[0m VM 'sbx-3d20a96ad8f04da9b49d' stopped
[2m2026-10-04T02:42:41.295523Z[0m [32m INFO[0m [2mhv2_cluster::access[0m[2m:[0m control-plane access completed [3mrequest_id[0m[2m=[0m3469a6a5-28d2-438b-b420-98fca6e93162 [3mroute[0m[2m=[0m"/sandboxes/{id}" [3mmethod[0m[2m=[0m"DELETE" [3mprincipal[0m[2m=[0m"scoped" [3mkey_id[0m[2m=[0m"ac684f7688355abf" [3mallowed[0m[2m=[0mtrue [3mstatus[0m[2m=[0m204 [3melapsed_ms[0m[2m=[0m44.083115
[2m2026-10-04T02:42:41.310058Z[0m [32m INFO[0m [2mhv2_cluster::access[0m[2m:[0m control-plane access started [3mrequest_id[0m[2m=[0maafe4751-280a-4a84-9ded-03630bcb7fa6 [3mroute[0m[2m=[0m"/sandboxes/{id}" [3mmethod[0m[2m=[0m"DELETE" [3mprincipal[0m[2m=[0m"scoped" [3mkey_id[0m[2m=[0m"ac684f7688355abf"
[2m2026-10-04T02:42:41.310935Z[0m [32m INFO[0m [2mhv2_core::vm[0m[2m:[0m vCPU 0 task exited (exits=30)
[2m2026-10-04T02:42:41.311070Z[0m [32m INFO[0m [2mhv2_core::vm[0m[2m:[0m VM parallel execution completed for 'sbx-01343fb688d1479e924c'
[2m2026-10-04T02:42:41.311087Z[0m [32m INFO[0m [2mhv2_core::vm[0m[2m:[0m VM 'sbx-01343fb688d1479e924c' stopped
[2m2026-10-04T02:42:41.343327Z[0m [32m INFO[0m [2mhv2_cluster::access[0m[2m:[0m control-plane access completed [3mrequest_id[0m[2m=[0maafe4751-280a-4a84-9ded-03630bcb7fa6 [3mroute[0m[2m=[0m"/sandboxes/{id}" [3mmethod[0m[2m=[0m"DELETE" [3mprincipal[0m[2m=[0m"scoped" [3mkey_id[0m[2m=[0m"ac684f7688355abf" [3mallowed[0m[2m=[0mtrue [3mstatus[0m[2m=[0m204 [3melapsed_ms[0m[2m=[0m33.283015999999996
[2m2026-10-04T02:42:41.363288Z[0m [32m INFO[0m [2mhv2_cluster::access[0m[2m:[0m control-plane access started [3mrequest_id[0m[2m=[0m2a80f649-9efc-471a-95c0-c4a814c9b013 [3mroute[0m[2m=[0m"/sandboxes/{id}/public-ports/{port}" [3mmethod[0m[2m=[0m"PUT" [3mprincipal[0m[2m=[0m"scoped" [3mkey_id[0m[2m=[0m"ac684f7688355abf"
[2m2026-10-04T02:42:41.363950Z[0m [32m INFO[0m [2mhv2_cluster::access[0m[2m:[0m control-plane access completed [3mrequest_id[0m[2m=[0m2a80f649-9efc-471a-95c0-c4a814c9b013 [3mroute[0m[2m=[0m"/sandboxes/{id}/public-ports/{port}" [3mmethod[0m[2m=[0m"PUT" [3mprincipal[0m[2m=[0m"scoped" [3mkey_id[0m[2m=[0m"ac684f7688355abf" [3mallowed[0m[2m=[0mtrue [3mstatus[0m[2m=[0m202 [3melapsed_ms[0m[2m=[0m0.690739
[2m2026-10-04T02:42:41.397788Z[0m [32m INFO[0m [2mhv2_cluster::access[0m[2m:[0m control-plane access started [3mrequest_id[0m[2m=[0m8ef1c0e8-f741-4b5b-a4c9-9cac1e994c2d [3mroute[0m[2m=[0m"/sandboxes/{id}/public-ports/{port}" [3mmethod[0m[2m=[0m"PUT" [3mprincipal[0m[2m=[0m"scoped" [3mkey_id[0m[2m=[0m"ac684f7688355abf"
[2m2026-10-04T02:42:41.398444Z[0m [32m INFO[0m [2mhv2_cluster::access[0m[2m:[0m control-plane access completed [3mrequest_id[0m[2m=[0m8ef1c0e8-f741-4b5b-a4c9-9cac1e994c2d [3mroute[0m[2m=[0m"/sandboxes/{id}/public-ports/{port}" [3mmethod[0m[2m=[0m"PUT" [3mprincipal[0m[2m=[0m"scoped" [3mkey_id[0m[2m=[0m"ac684f7688355abf" [3mallowed[0m[2m=[0mtrue [3mstatus[0m[2m=[0m202 [3melapsed_ms[0m[2m=[0m0.679718
[2m2026-10-04T02:42:41.436965Z[0m [32m INFO[0m [2mhv2_cluster::access[0m[2m:[0m control-plane access started [3mrequest_id[0m[2m=[0m4da14aeb-dbb9-47ab-a525-f1463597d1e0 [3mroute[0m[2m=[0m"/sandboxes/{id}/public-ports" [3mmethod[0m[2m=[0m"GET" [3mprincipal[0m[2m=[0m"scoped" [3mkey_id[0m[2m=[0m"ac684f7688355abf"
[2m2026-10-04T02:42:41.437291Z[0m [32m INFO[0m [2mhv2_cluster::access[0m[2m:[0m control-plane access completed [3mrequest_id[0m[2m=[0m4da14aeb-dbb9-47ab-a525-f1463597d1e0 [3mroute[0m[2m=[0m"/sandboxes/{id}/public-ports" [3mmethod[0m[2m=[0m"GET" [3mprincipal[0m[2m=[0m"scoped" [3mkey_id[0m[2m=[0m"ac684f7688355abf" [3mallowed[0m[2m=[0mtrue [3mstatus[0m[2m=[0m200 [3melapsed_ms[0m[2m=[0m0.33868
[2m2026-10-04T02:42:41.440368Z[0m [32m INFO[0m [2mhv2_cluster::access[0m[2m:[0m control-plane access started [3mrequest_id[0m[2m=[0meb2b4182-8a42-4da6-a27e-b65342f9e89d [3mroute[0m[2m=[0m"/sandboxes/{id}/public-ports/{port}" [3mmethod[0m[2m=[0m"PUT" [3mprincipal[0m[2m=[0m"scoped" [3mkey_id[0m[2m=[0m"ac684f7688355abf"
[2m2026-10-04T02:42:41.440772Z[0m [32m INFO[0m [2mhv2_cluster::access[0m[2m:[0m control-plane access completed [3mrequest_id[0m[2m=[0meb2b4182-8a42-4da6-a27e-b65342f9e89d [3mroute[0m[2m=[0m"/sandboxes/{id}/public-ports/{port}" [3mmethod[0m[2m=[0m"PUT" [3mprincipal[0m[2m=[0m"scoped" [3mkey_id[0m[2m=[0m"ac684f7688355abf" [3mallowed[0m[2m=[0mtrue [3mstatus[0m[2m=[0m503 [3melapsed_ms[0m[2m=[0m0.41295600000000005
[2m2026-10-04T02:42:41.443125Z[0m [32m INFO[0m [2mhv2_cluster::access[0m[2m:[0m control-plane access started [3mrequest_id[0m[2m=[0m8b65ca8b-ccac-4c00-b9aa-0cbb03864215 [3mroute[0m[2m=[0m"/sandboxes/{id}/public-ports/{port}" [3mmethod[0m[2m=[0m"PUT" [3mprincipal[0m[2m=[0m"scoped" [3mkey_id[0m[2m=[0m"ac684f7688355abf"
[2m2026-10-04T02:42:41.443185Z[0m [32m INFO[0m [2mhv2_cluster::access[0m[2m:[0m control-plane access completed [3mrequest_id[0m[2m=[0m8b65ca8b-ccac-4c00-b9aa-0cbb03864215 [3mroute[0m[2m=[0m"/sandboxes/{id}/public-ports/{port}" [3mmethod[0m[2m=[0m"PUT" [3mprincipal[0m[2m=[0m"scoped" [3mkey_id[0m[2m=[0m"ac684f7688355abf" [3mallowed[0m[2m=[0mtrue [3mstatus[0m[2m=[0m400 [3melapsed_ms[0m[2m=[0m0.077255
hv2-control-plane: API key policies reloaded
[2m2026-10-04T02:42:41.445396Z[0m [32m INFO[0m [2mhv2_cluster::access[0m[2m:[0m control-plane access started [3mrequest_id[0m[2m=[0m1dbb1a97-ba15-4d54-a7a4-b8b7ea3c418f [3mroute[0m[2m=[0m"/sandboxes/{id}/public-ports" [3mmethod[0m[2m=[0m"GET" [3mprincipal[0m[2m=[0m"scoped" [3mkey_id[0m[2m=[0m"233b2104cfd63e69"
[2m2026-10-04T02:42:41.445731Z[0m [32m INFO[0m [2mhv2_cluster::access[0m[2m:[0m control-plane access completed [3mrequest_id[0m[2m=[0m1dbb1a97-ba15-4d54-a7a4-b8b7ea3c418f [3mroute[0m[2m=[0m"/sandboxes/{id}/public-ports" [3mmethod[0m[2m=[0m"GET" [3mprincipal[0m[2m=[0m"scoped" [3mkey_id[0m[2m=[0m"233b2104cfd63e69" [3mallowed[0m[2m=[0mtrue [3mstatus[0m[2m=[0m200 [3melapsed_ms[0m[2m=[0m0.35368299999999997
[2m2026-10-04T02:42:41.447050Z[0m [32m INFO[0m [2mhv2_cluster::access[0m[2m:[0m control-plane access completed [3mrequest_id[0m[2m=[0m3eb0a84d-e6f0-43dc-b309-de7100d9d5e3 [3mroute[0m[2m=[0m"/sandboxes/{id}/public-ports" [3mmethod[0m[2m=[0m"GET" [3mprincipal[0m[2m=[0m"unauthenticated" [3mkey_id[0m[2m=[0m"none" [3mallowed[0m[2m=[0mfalse [3mstatus[0m[2m=[0m401 [3melapsed_ms[0m[2m=[0m0.010530000000000001
[2m2026-10-04T02:42:41.454097Z[0m [32m INFO[0m [2mhv2_cluster::access[0m[2m:[0m control-plane access completed [3mrequest_id[0m[2m=[0ma08705c4-e4e4-46c9-a157-f648ddd573ea [3mroute[0m[2m=[0m"/sandboxes/{id}/public-ports" [3mmethod[0m[2m=[0m"GET" [3mprincipal[0m[2m=[0m"unauthenticated" [3mkey_id[0m[2m=[0m"none" [3mallowed[0m[2m=[0mfalse [3mstatus[0m[2m=[0m401 [3melapsed_ms[0m[2m=[0m0.011111
[2m2026-10-04T02:42:41.469040Z[0m [32m INFO[0m [2mhv2_cluster::access[0m[2m:[0m control-plane access started [3mrequest_id[0m[2m=[0m297d0327-4592-4d47-b7ee-b1006b038f70 [3mroute[0m[2m=[0m"/sandboxes/{id}/public-ports" [3mmethod[0m[2m=[0m"GET" [3mprincipal[0m[2m=[0m"scoped" [3mkey_id[0m[2m=[0m"233b2104cfd63e69"
[2m2026-10-04T02:42:41.469496Z[0m [32m INFO[0m [2mhv2_cluster::access[0m[2m:[0m control-plane access completed [3mrequest_id[0m[2m=[0m297d0327-4592-4d47-b7ee-b1006b038f70 [3mroute[0m[2m=[0m"/sandboxes/{id}/public-ports" [3mmethod[0m[2m=[0m"GET" [3mprincipal[0m[2m=[0m"scoped" [3mkey_id[0m[2m=[0m"233b2104cfd63e69" [3mallowed[0m[2m=[0mtrue [3mstatus[0m[2m=[0m200 [3melapsed_ms[0m[2m=[0m0.475857
[2m2026-10-04T02:42:41.494072Z[0m [32m INFO[0m [2mhv2_cluster::access[0m[2m:[0m control-plane access started [3mrequest_id[0m[2m=[0m54f2672b-d5d4-4eb2-bc1d-110b06422047 [3mroute[0m[2m=[0m"/sandboxes/{id}/public-ports/{port}" [3mmethod[0m[2m=[0m"DELETE" [3mprincipal[0m[2m=[0m"scoped" [3mkey_id[0m[2m=[0m"233b2104cfd63e69"
[2m2026-10-04T02:42:41.494567Z[0m [32m INFO[0m [2mhv2_cluster::access[0m[2m:[0m control-plane access completed [3mrequest_id[0m[2m=[0m54f2672b-d5d4-4eb2-bc1d-110b06422047 [3mroute[0m[2m=[0m"/sandboxes/{id}/public-ports/{port}" [3mmethod[0m[2m=[0m"DELETE" [3mprincipal[0m[2m=[0m"scoped" [3mkey_id[0m[2m=[0m"233b2104cfd63e69" [3mallowed[0m[2m=[0mtrue [3mstatus[0m[2m=[0m204 [3melapsed_ms[0m[2m=[0m0.51163
[2m2026-10-04T02:42:41.505003Z[0m [32m INFO[0m [2mhv2_cluster::access[0m[2m:[0m control-plane access started [3mrequest_id[0m[2m=[0m9371d33a-f499-4b8a-b002-fcd9b4aba99d [3mroute[0m[2m=[0m"/sandboxes/{id}/public-ports" [3mmethod[0m[2m=[0m"GET" [3mprincipal[0m[2m=[0m"scoped" [3mkey_id[0m[2m=[0m"233b2104cfd63e69"
[2m2026-10-04T02:42:41.505552Z[0m [32m INFO[0m [2mhv2_cluster::access[0m[2m:[0m control-plane access completed [3mrequest_id[0m[2m=[0m9371d33a-f499-4b8a-b002-fcd9b4aba99d [3mroute[0m[2m=[0m"/sandboxes/{id}/public-ports" [3mmethod[0m[2m=[0m"GET" [3mprincipal[0m[2m=[0m"scoped" [3mkey_id[0m[2m=[0m"233b2104cfd63e69" [3mallowed[0m[2m=[0mtrue [3mstatus[0m[2m=[0m200 [3melapsed_ms[0m[2m=[0m0.581496
[2m2026-10-04T02:42:41.515103Z[0m [32m INFO[0m [2mhv2_cluster::access[0m[2m:[0m control-plane access started [3mrequest_id[0m[2m=[0m47ed158b-e222-4a3c-be0c-9680366a5b9a [3mroute[0m[2m=[0m"/sandboxes/{id}/public-ports" [3mmethod[0m[2m=[0m"GET" [3mprincipal[0m[2m=[0m"scoped" [3mkey_id[0m[2m=[0m"233b2104cfd63e69"
[2m2026-10-04T02:42:41.515519Z[0m [32m INFO[0m [2mhv2_cluster::access[0m[2m:[0m control-plane access completed [3mrequest_id[0m[2m=[0m47ed158b-e222-4a3c-be0c-9680366a5b9a [3mroute[0m[2m=[0m"/sandboxes/{id}/public-ports" [3mmethod[0m[2m=[0m"GET" [3mprincipal[0m[2m=[0m"scoped" [3mkey_id[0m[2m=[0m"233b2104cfd63e69" [3mallowed[0m[2m=[0mtrue [3mstatus[0m[2m=[0m200 [3melapsed_ms[0m[2m=[0m0.43732
[2m2026-10-04T02:42:41.527386Z[0m [32m INFO[0m [2mhv2_cluster::access[0m[2m:[0m control-plane access started [3mrequest_id[0m[2m=[0m3aa6466a-8c9d-4f08-98ab-4e6ac6e7c33f [3mroute[0m[2m=[0m"/sandboxes/{id}/public-ports/{port}" [3mmethod[0m[2m=[0m"DELETE" [3mprincipal[0m[2m=[0m"scoped" [3mkey_id[0m[2m=[0m"233b2104cfd63e69"
[2m2026-10-04T02:42:41.527787Z[0m [32m INFO[0m [2mhv2_cluster::access[0m[2m:[0m control-plane access completed [3mrequest_id[0m[2m=[0m3aa6466a-8c9d-4f08-98ab-4e6ac6e7c33f [3mroute[0m[2m=[0m"/sandboxes/{id}/public-ports/{port}" [3mmethod[0m[2m=[0m"DELETE" [3mprincipal[0m[2m=[0m"scoped" [3mkey_id[0m[2m=[0m"233b2104cfd63e69" [3mallowed[0m[2m=[0mtrue [3mstatus[0m[2m=[0m404 [3melapsed_ms[0m[2m=[0m0.417179
[2m2026-10-04T02:42:41.539717Z[0m [32m INFO[0m [2mhv2_cluster::access[0m[2m:[0m control-plane access started [3mrequest_id[0m[2m=[0mdaf89673-1901-4591-afde-5c48262190df [3mroute[0m[2m=[0m"/sandboxes/{id}/public-ports/{port}" [3mmethod[0m[2m=[0m"PUT" [3mprincipal[0m[2m=[0m"scoped" [3mkey_id[0m[2m=[0m"233b2104cfd63e69"
[2m2026-10-04T02:42:41.540275Z[0m [32m INFO[0m [2mhv2_cluster::access[0m[2m:[0m control-plane access completed [3mrequest_id[0m[2m=[0mdaf89673-1901-4591-afde-5c48262190df [3mroute[0m[2m=[0m"/sandboxes/{id}/public-ports/{port}" [3mmethod[0m[2m=[0m"PUT" [3mprincipal[0m[2m=[0m"scoped" [3mkey_id[0m[2m=[0m"233b2104cfd63e69" [3mallowed[0m[2m=[0mtrue [3mstatus[0m[2m=[0m202 [3melapsed_ms[0m[2m=[0m0.587045
[2m2026-10-04T02:42:41.559643Z[0m [32m INFO[0m [2mhv2_cluster::access[0m[2m:[0m control-plane access started [3mrequest_id[0m[2m=[0mfcddcd15-9aeb-46d1-abfe-5a46ff5f67bf [3mroute[0m[2m=[0m"/sandboxes/{id}/public-ports/{port}" [3mmethod[0m[2m=[0m"PUT" [3mprincipal[0m[2m=[0m"scoped" [3mkey_id[0m[2m=[0m"233b2104cfd63e69"
[2m2026-10-04T02:42:41.560122Z[0m [32m INFO[0m [2mhv2_cluster::access[0m[2m:[0m control-plane access completed [3mrequest_id[0m[2m=[0mfcddcd15-9aeb-46d1-abfe-5a46ff5f67bf [3mroute[0m[2m=[0m"/sandboxes/{id}/public-ports/{port}" [3mmethod[0m[2m=[0m"PUT" [3mprincipal[0m[2m=[0m"scoped" [3mkey_id[0m[2m=[0m"233b2104cfd63e69" [3mallowed[0m[2m=[0mtrue [3mstatus[0m[2m=[0m202 [3melapsed_ms[0m[2m=[0m0.496853
[2m2026-10-04T02:42:41.574456Z[0m [32m INFO[0m [2mhv2_cluster::access[0m[2m:[0m control-plane access started [3mrequest_id[0m[2m=[0mc38043cb-30f7-442f-a4bd-92fcc853dd1d [3mroute[0m[2m=[0m"/sandboxes/{id}/ports/{port}/udp" [3mmethod[0m[2m=[0m"GET" [3mprincipal[0m[2m=[0m"scoped" [3mkey_id[0m[2m=[0m"233b2104cfd63e69"
[2m2026-10-04T02:42:41.577300Z[0m [32m INFO[0m [2mhv2_cluster::access[0m[2m:[0m control-plane access completed [3mrequest_id[0m[2m=[0mc38043cb-30f7-442f-a4bd-92fcc853dd1d [3mroute[0m[2m=[0m"/sandboxes/{id}/ports/{port}/udp" [3mmethod[0m[2m=[0m"GET" [3mprincipal[0m[2m=[0m"scoped" [3mkey_id[0m[2m=[0m"233b2104cfd63e69" [3mallowed[0m[2m=[0mtrue [3mstatus[0m[2m=[0m101 [3melapsed_ms[0m[2m=[0m2.859132
[2m2026-10-04T02:42:41.579836Z[0m [32m INFO[0m [2mhv2_cluster::access[0m[2m:[0m control-plane access started [3mrequest_id[0m[2m=[0m212eef59-2d07-4087-b070-acaaa80deb8c [3mroute[0m[2m=[0m"/sandboxes/{id}/pause" [3mmethod[0m[2m=[0m"POST" [3mprincipal[0m[2m=[0m"scoped" [3mkey_id[0m[2m=[0m"233b2104cfd63e69"
[2m2026-10-04T02:42:41.580548Z[0m [32m INFO[0m [2mhv2_core::vm[0m[2m:[0m VM 'sbx-1d6101a888ef4fb8a7e6' paused
[2m2026-10-04T02:42:41.588395Z[0m [32m INFO[0m [2mhv2_core::vm[0m[2m:[0m VM 'sbx-1d6101a888ef4fb8a7e6' snapshotted to /tmp/hm-udp-kvm-hnxa_fjw/snapshots/paused/sbx-1d6101a888ef4fb8a7e6.snap
[2m2026-10-04T02:42:41.588494Z[0m [32m INFO[0m [2mhv2_core::vm[0m[2m:[0m vCPU 0 task exited (exits=119384)
[2m2026-10-04T02:42:41.588575Z[0m [32m INFO[0m [2mhv2_core::vm[0m[2m:[0m VM parallel execution completed for 'sbx-1d6101a888ef4fb8a7e6'
[2m2026-10-04T02:42:41.588636Z[0m [32m INFO[0m [2mhv2_core::vm[0m[2m:[0m VM 'sbx-1d6101a888ef4fb8a7e6' stopped
[2m2026-10-04T02:42:41.647376Z[0m [32m INFO[0m [2mhv2_cluster::access[0m[2m:[0m control-plane access completed [3mrequest_id[0m[2m=[0m212eef59-2d07-4087-b070-acaaa80deb8c [3mroute[0m[2m=[0m"/sandboxes/{id}/pause" [3mmethod[0m[2m=[0m"POST" [3mprincipal[0m[2m=[0m"scoped" [3mkey_id[0m[2m=[0m"233b2104cfd63e69" [3mallowed[0m[2m=[0mtrue [3mstatus[0m[2m=[0m204 [3melapsed_ms[0m[2m=[0m67.549593
[2m2026-10-04T02:42:42.588288Z[0m [32m INFO[0m [2mhv2_cluster::access[0m[2m:[0m control-plane access started [3mrequest_id[0m[2m=[0m7978c8db-22ba-4811-8cd2-436c38d68844 [3mroute[0m[2m=[0m"/sandboxes/{id}/resume" [3mmethod[0m[2m=[0m"POST" [3mprincipal[0m[2m=[0m"scoped" [3mkey_id[0m[2m=[0m"233b2104cfd63e69"
[2m2026-10-04T02:42:42.589092Z[0m [32m INFO[0m [2mhv2_core::hypervisor[0m[2m:[0m Detected hypervisor platform: Kvm
[2m2026-10-04T02:42:42.589352Z[0m [32m INFO[0m [2mhv2_core::vm[0m[2m:[0m VM 'sbx-1d6101a888ef4fb8a7e6': vsock device attached at 0xd0000000 (guest CID 100, IRQ 5)
[2m2026-10-04T02:42:42.589361Z[0m [32m INFO[0m [2mhv2_core::devices::serial[0m[2m:[0m Initializing serial device 'COM1' at 0x3F8
[2m2026-10-04T02:42:42.590884Z[0m [32m INFO[0m [2mhv2_core::vm[0m[2m:[0m Provisioned VM 'sbx-1d6101a888ef4fb8a7e6' on the Kvm backend (1 vCPUs, 1024 MiB)
[2m2026-10-04T02:42:42.600946Z[0m [32m INFO[0m [2mhv2_core::vm[0m[2m:[0m VM 'sbx-1d6101a888ef4fb8a7e6' restored from /tmp/hm-udp-kvm-hnxa_fjw/snapshots/paused/sbx-1d6101a888ef4fb8a7e6.snap
[2m2026-10-04T02:42:42.600991Z[0m [32m INFO[0m [2mhv2_core::vm[0m[2m:[0m Starting VM 'sbx-1d6101a888ef4fb8a7e6' with 1 vCPUs and 1 GB memory (parallel=true)
[2m2026-10-04T02:42:42.601150Z[0m [32m INFO[0m [2mhv2_core::vm[0m[2m:[0m Starting VM execution for 'sbx-1d6101a888ef4fb8a7e6' with 1 vCPUs
[2m2026-10-04T02:42:42.601156Z[0m [32m INFO[0m [2mhv2_core::vm[0m[2m:[0m Starting parallel execution with 1 vCPU tasks
[2m2026-10-04T02:42:42.601373Z[0m [32m INFO[0m [2mhv2_core::vm[0m[2m:[0m vCPU 0 task started
[2m2026-10-04T02:42:42.614787Z[0m [32m INFO[0m [2mhv2_cluster::access[0m[2m:[0m control-plane access completed [3mrequest_id[0m[2m=[0m7978c8db-22ba-4811-8cd2-436c38d68844 [3mroute[0m[2m=[0m"/sandboxes/{id}/resume" [3mmethod[0m[2m=[0m"POST" [3mprincipal[0m[2m=[0m"scoped" [3mkey_id[0m[2m=[0m"233b2104cfd63e69" [3mallowed[0m[2m=[0mtrue [3mstatus[0m[2m=[0m201 [3melapsed_ms[0m[2m=[0m26.510824999999997
[2m2026-10-04T02:42:42.616438Z[0m [32m INFO[0m [2mhv2_cluster::access[0m[2m:[0m control-plane access started [3mrequest_id[0m[2m=[0m8a735c8e-b238-46f5-8a3f-78a5f0976dce [3mroute[0m[2m=[0m"/sandboxes/{id}/ports/{port}/udp" [3mmethod[0m[2m=[0m"GET" [3mprincipal[0m[2m=[0m"scoped" [3mkey_id[0m[2m=[0m"233b2104cfd63e69"
[2m2026-10-04T02:42:42.618819Z[0m [32m INFO[0m [2mhv2_cluster::access[0m[2m:[0m control-plane access completed [3mrequest_id[0m[2m=[0m8a735c8e-b238-46f5-8a3f-78a5f0976dce [3mroute[0m[2m=[0m"/sandboxes/{id}/ports/{port}/udp" [3mmethod[0m[2m=[0m"GET" [3mprincipal[0m[2m=[0m"scoped" [3mkey_id[0m[2m=[0m"233b2104cfd63e69" [3mallowed[0m[2m=[0mtrue [3mstatus[0m[2m=[0m101 [3melapsed_ms[0m[2m=[0m2.3925769999999997
[2m2026-10-04T02:42:42.634666Z[0m [32m INFO[0m [2mhv2_cluster::access[0m[2m:[0m control-plane access started [3mrequest_id[0m[2m=[0m80ab7edc-25fc-4676-87ee-8594cb8ea6c9 [3mroute[0m[2m=[0m"/sandboxes/{id}" [3mmethod[0m[2m=[0m"DELETE" [3mprincipal[0m[2m=[0m"scoped" [3mkey_id[0m[2m=[0m"233b2104cfd63e69"
[2m2026-10-04T02:42:42.635236Z[0m [32m INFO[0m [2mhv2_core::vm[0m[2m:[0m vCPU 0 task exited (exits=96)
[2m2026-10-04T02:42:42.635304Z[0m [32m INFO[0m [2mhv2_core::vm[0m[2m:[0m VM parallel execution completed for 'sbx-1d6101a888ef4fb8a7e6'
[2m2026-10-04T02:42:42.635313Z[0m [32m INFO[0m [2mhv2_core::vm[0m[2m:[0m VM 'sbx-1d6101a888ef4fb8a7e6' stopped
[2m2026-10-04T02:42:42.667588Z[0m [32m INFO[0m [2mhv2_cluster::access[0m[2m:[0m control-plane access completed [3mrequest_id[0m[2m=[0m80ab7edc-25fc-4676-87ee-8594cb8ea6c9 [3mroute[0m[2m=[0m"/sandboxes/{id}" [3mmethod[0m[2m=[0m"DELETE" [3mprincipal[0m[2m=[0m"scoped" [3mkey_id[0m[2m=[0m"233b2104cfd63e69" [3mallowed[0m[2m=[0mtrue [3mstatus[0m[2m=[0m204 [3melapsed_ms[0m[2m=[0m32.934698
[2m2026-10-04T02:42:43.635850Z[0m [32m INFO[0m [2mhv2_cluster::access[0m[2m:[0m control-plane access started [3mrequest_id[0m[2m=[0m9dd8104e-b044-4a3e-bb90-dba9ac802336 [3mroute[0m[2m=[0m"/sandboxes" [3mmethod[0m[2m=[0m"GET" [3mprincipal[0m[2m=[0m"scoped" [3mkey_id[0m[2m=[0m"233b2104cfd63e69"
[2m2026-10-04T02:42:43.636158Z[0m [32m INFO[0m [2mhv2_cluster::access[0m[2m:[0m control-plane access completed [3mrequest_id[0m[2m=[0m9dd8104e-b044-4a3e-bb90-dba9ac802336 [3mroute[0m[2m=[0m"/sandboxes" [3mmethod[0m[2m=[0m"GET" [3mprincipal[0m[2m=[0m"scoped" [3mkey_id[0m[2m=[0m"233b2104cfd63e69" [3mallowed[0m[2m=[0mtrue [3mstatus[0m[2m=[0m200 [3melapsed_ms[0m[2m=[0m0.334071
[2m2026-10-04T02:42:43.645030Z[0m [32m INFO[0m [2mhv2_api::tls[0m[2m:[0m TLS server shutting down
8845:signal-handler (1791081763) Received SIGTERM scheduling shutdown...
8845:M 03 Oct 2026 19:42:43.749 * User requested shutdown...
8845:M 03 Oct 2026 19:42:43.749 # Redis is now ready to exit, bye bye...
